DROP TABLE DICT;
CREATE TABLE DICT ( ID BIGINT NOT NULL, CODE VARCHAR(30) NOT NULL, NAME VARCHAR(30) NOT NULL, PARENT_CODE VARCHAR(30), VALUE VARCHAR(30), CREATED_BY VARCHAR(30), CREATED_DATETIME TIMESTAMP, DEFUNCT_IND SMALLINT, UPDATED_BY VARCHAR(30), UPDATED_DATETIME TIMESTAMP, PRIMARY KEY (ID) );

insert into DICT (ID, CODE, NAME, PARENT_CODE, VALUE, CREATED_BY, CREATED_DATETIME, DEFUNCT_IND, UPDATED_BY, UPDATED_DATETIME) values (1, 'RPTC', '报表分类', '', '', null, null, 0, null, null);
insert into DICT (ID, CODE, NAME, PARENT_CODE, VALUE, CREATED_BY, CREATED_DATETIME, DEFUNCT_IND, UPDATED_BY, UPDATED_DATETIME) values (2, 'RPTC001', '报表分类一', 'RPTC', 'RPTC001', null, null, 0, null, null);
insert into DICT (ID, CODE, NAME, PARENT_CODE, VALUE, CREATED_BY, CREATED_DATETIME, DEFUNCT_IND, UPDATED_BY, UPDATED_DATETIME) values (3, 'RPTC002', '报表分类二', 'RPTC', 'RPTC002', null, null, 0, null, null);
insert into DICT (ID, CODE, NAME, PARENT_CODE, VALUE, CREATED_BY, CREATED_DATETIME, DEFUNCT_IND, UPDATED_BY, UPDATED_DATETIME) values (4, 'RPTM', '报表模式', '', '', null, null, 0, null, null);
insert into DICT (ID, CODE, NAME, PARENT_CODE, VALUE, CREATED_BY, CREATED_DATETIME, DEFUNCT_IND, UPDATED_BY, UPDATED_DATETIME) values (5, 'RPTM001', '统计报表', 'RPTM', 'RPTM001', null, null, 0, null, null);
insert into DICT (ID, CODE, NAME, PARENT_CODE, VALUE, CREATED_BY, CREATED_DATETIME, DEFUNCT_IND, UPDATED_BY, UPDATED_DATETIME) values (6, 'RPTM002', '联机报表', 'RPTM', 'RPTM002', null, null, 0, null, null);
insert into DICT (ID, CODE, NAME, PARENT_CODE, VALUE, CREATED_BY, CREATED_DATETIME, DEFUNCT_IND, UPDATED_BY, UPDATED_DATETIME) values (7, 'CONT', '控件类型', null, null, null, null, 0, null, null);
insert into DICT (ID, CODE, NAME, PARENT_CODE, VALUE, CREATED_BY, CREATED_DATETIME, DEFUNCT_IND, UPDATED_BY, UPDATED_DATETIME) values (8, 'CONT001', '文本输入框', 'CONT', 'CONT001', null, null, 0, null, null);
insert into DICT (ID, CODE, NAME, PARENT_CODE, VALUE, CREATED_BY, CREATED_DATETIME, DEFUNCT_IND, UPDATED_BY, UPDATED_DATETIME) values (9, 'CONT002', '日期输入框', 'CONT', 'CONT002', null, null, 0, null, null);
insert into DICT (ID, CODE, NAME, PARENT_CODE, VALUE, CREATED_BY, CREATED_DATETIME, DEFUNCT_IND, UPDATED_BY, UPDATED_DATETIME) values (12, 'JADT', 'java数据类型', null, null, null, null, 0, null, null);
insert into DICT (ID, CODE, NAME, PARENT_CODE, VALUE, CREATED_BY, CREATED_DATETIME, DEFUNCT_IND, UPDATED_BY, UPDATED_DATETIME) values (13, 'JADT001', 'java.lang.String', 'JADT', 'JADT001', null, null, 0, null, null);
insert into DICT (ID, CODE, NAME, PARENT_CODE, VALUE, CREATED_BY, CREATED_DATETIME, DEFUNCT_IND, UPDATED_BY, UPDATED_DATETIME) values (14, 'JADT002', 'java.util.Date', 'JADT', 'JADT002', null, null, 0, null, null);
insert into DICT (ID, CODE, NAME, PARENT_CODE, VALUE, CREATED_BY, CREATED_DATETIME, DEFUNCT_IND, UPDATED_BY, UPDATED_DATETIME) values (16, 'EXRP', '报表导出类型', null, 'EXRP', null, null, 0, null, null);
insert into DICT (ID, CODE, NAME, PARENT_CODE, VALUE, CREATED_BY, CREATED_DATETIME, DEFUNCT_IND, UPDATED_BY, UPDATED_DATETIME) values (17, 'EXRP01', '导出PDF文件', 'EXRP', 'EXRP01', null, null, 0, null, null);
insert into DICT (ID, CODE, NAME, PARENT_CODE, VALUE, CREATED_BY, CREATED_DATETIME, DEFUNCT_IND, UPDATED_BY, UPDATED_DATETIME) values (18, 'EXRP02', '导出EXCEL文件', 'EXRP', 'EXRP02', null, null, 0, null, null);
insert into DICT (ID, CODE, NAME, PARENT_CODE, VALUE, CREATED_BY, CREATED_DATETIME, DEFUNCT_IND, UPDATED_BY, UPDATED_DATETIME) values (11, 'CONT004', '复选框', 'CONT', 'CONT004', null, null, 0, null, null);
insert into DICT (ID, CODE, NAME, PARENT_CODE, VALUE, CREATED_BY, CREATED_DATETIME, DEFUNCT_IND, UPDATED_BY, UPDATED_DATETIME) values (10, 'CONT003', '下拉列表', 'CONT', 'CONT003', null, null, 0, null, null);
insert into DICT (ID, CODE, NAME, PARENT_CODE, VALUE, CREATED_BY, CREATED_DATETIME, DEFUNCT_IND, UPDATED_BY, UPDATED_DATETIME) values (15, 'JADT003', 'java.lang.Integer', 'JADT', 'JADT003', null, null, 0, null, null);
insert into DICT (ID, CODE, NAME, PARENT_CODE, VALUE, CREATED_BY, CREATED_DATETIME, DEFUNCT_IND, UPDATED_BY, UPDATED_DATETIME) values (19, 'EXRP03', '导出HTML文件', 'EXRP', 'EXRP03', null, null, 0, null, null);
insert into DICT (ID, CODE, NAME, PARENT_CODE, VALUE, CREATED_BY, CREATED_DATETIME, DEFUNCT_IND, UPDATED_BY, UPDATED_DATETIME) values (20, 'EXRP04', '导出WORD文档', 'EXRP', 'EXRP04', null, null, 0, null, null);
insert into DICT (ID, CODE, NAME, PARENT_CODE, VALUE, CREATED_BY, CREATED_DATETIME, DEFUNCT_IND, UPDATED_BY, UPDATED_DATETIME) values (21, 'PROT', '商品类型', null, null, null, null, 0, null, null);
insert into DICT (ID, CODE, NAME, PARENT_CODE, VALUE, CREATED_BY, CREATED_DATETIME, DEFUNCT_IND, UPDATED_BY, UPDATED_DATETIME) values (22, 'PROT001', '服装', 'PROT', 'PROT001', null, null, 0, null, null);
insert into DICT (ID, CODE, NAME, PARENT_CODE, VALUE, CREATED_BY, CREATED_DATETIME, DEFUNCT_IND, UPDATED_BY, UPDATED_DATETIME) values (23, 'PROT002', '家用电器', 'PROT', 'PROT002', null, null, 0, null, null);
insert into DICT (ID, CODE, NAME, PARENT_CODE, VALUE, CREATED_BY, CREATED_DATETIME, DEFUNCT_IND, UPDATED_BY, UPDATED_DATETIME) values (24, 'PROT003', '户外、运动', 'PROT', 'PROT003', null, null, 0, null, null);
DROP TABLE GAME;
CREATE TABLE GAME ( ID BIGINT NOT NULL, TITLE VARCHAR(50) NOT NULL, PRIMARY KEY (ID) );

DROP TABLE HIBERNATE_SEQUENCES;
CREATE TABLE HIBERNATE_SEQUENCES ( SEQUENCE_NAME VARCHAR(255) NOT NULL, NEXT_VAL BIGINT, PRIMARY KEY (SEQUENCE_NAME) );

DROP TABLE ID_GEN;
CREATE TABLE ID_GEN ( SEQUENCE_NAME VARCHAR(255) NOT NULL, NEXT_VAL BIGINT, ID VARCHAR(254), SEQUENCE_VALUE BIGINT, PRIMARY KEY (SEQUENCE_NAME) );

insert into ID_GEN (SEQUENCE_NAME, NEXT_VAL, ID, SEQUENCE_VALUE) values ('REPORTMSTR', 5301, null, null);
insert into ID_GEN (SEQUENCE_NAME, NEXT_VAL, ID, SEQUENCE_VALUE) values ('REPORTPARAMETER', 5551, null, null);
insert into ID_GEN (SEQUENCE_NAME, NEXT_VAL, ID, SEQUENCE_VALUE) values ('PRODUCT', 5201, null, null);
insert into ID_GEN (SEQUENCE_NAME, NEXT_VAL, ID, SEQUENCE_VALUE) values ('REPORTFILE', 6851, null, null);
insert into ID_GEN (SEQUENCE_NAME, NEXT_VAL, ID, SEQUENCE_VALUE) values ('resource', 5651, null, null);
insert into ID_GEN (SEQUENCE_NAME, NEXT_VAL, ID, SEQUENCE_VALUE) values ('role_resource', 5101, null, null);
insert into ID_GEN (SEQUENCE_NAME, NEXT_VAL, ID, SEQUENCE_VALUE) values ('permission', 5101, null, null);
insert into ID_GEN (SEQUENCE_NAME, NEXT_VAL, ID, SEQUENCE_VALUE) values ('REPORTROLE', 5201, null, null);
insert into ID_GEN (SEQUENCE_NAME, NEXT_VAL, ID, SEQUENCE_VALUE) values ('users', 5201, null, null);
DROP TABLE ID_GEN1;
CREATE TABLE ID_GEN1 ( ID VARCHAR(254) NOT NULL, SEQUENCE_VALUE BIGINT, PRIMARY KEY (ID) );

insert into ID_GEN1 (ID, SEQUENCE_VALUE) values ('DEFAULT', 5100);
DROP TABLE OPENJPA_SEQUENCE_TABLE;
CREATE TABLE OPENJPA_SEQUENCE_TABLE ( ID SMALLINT NOT NULL, SEQUENCE_VALUE BIGINT, PRIMARY KEY (ID) );

DROP TABLE PERMISSION;
CREATE TABLE PERMISSION ( ID BIGINT NOT NULL, PERMISSION VARCHAR(100) NOT NULL, PERMISSION_NAME VARCHAR(40), ROLE_ID BIGINT, PRIMARY KEY (ID) );

insert into PERMISSION (ID, PERMISSION, PERMISSION_NAME, ROLE_ID) values (5007, 'view:report', '报表管理', 2);
insert into PERMISSION (ID, PERMISSION, PERMISSION_NAME, ROLE_ID) values (5008, 'view:reportManage', '报表管理', 2);
insert into PERMISSION (ID, PERMISSION, PERMISSION_NAME, ROLE_ID) values (5009, 'view:reportMaintain', '报表维护', 2);
insert into PERMISSION (ID, PERMISSION, PERMISSION_NAME, ROLE_ID) values (5010, 'view:reportSearch', '报表查询', 2);
insert into PERMISSION (ID, PERMISSION, PERMISSION_NAME, ROLE_ID) values (5001, 'view:menu', '菜单', 2);
insert into PERMISSION (ID, PERMISSION, PERMISSION_NAME, ROLE_ID) values (5002, 'view:systemManage', '系统管理', 2);
insert into PERMISSION (ID, PERMISSION, PERMISSION_NAME, ROLE_ID) values (5003, 'view:permissionManage', '权限管理', 2);
insert into PERMISSION (ID, PERMISSION, PERMISSION_NAME, ROLE_ID) values (5004, 'view:userManage', '用户管理', 2);
insert into PERMISSION (ID, PERMISSION, PERMISSION_NAME, ROLE_ID) values (5005, 'view:roleManage', '角色管理', 2);
insert into PERMISSION (ID, PERMISSION, PERMISSION_NAME, ROLE_ID) values (5006, 'view:resourceManage', '资源管理', 2);
DROP TABLE PERSON;
CREATE TABLE PERSON ( ID BIGINT NOT NULL, CREATED_BY VARCHAR(30), CREATED_DATETIME TIMESTAMP, DEFUNCT_IND SMALLINT, UPDATED_BY VARCHAR(30), UPDATED_DATETIME TIMESTAMP, ADDRESS VARCHAR(100), BIRTHDAY TIMESTAMP, EMAIL VARCHAR(50), NAME VARCHAR(50) NOT NULL, NATIONALITY VARCHAR(50), PHONE VARCHAR(20), REMARKS VARCHAR(500), SEX VARCHAR(10), VIP SMALLINT, PRIMARY KEY (ID) );

insert into PERSON (ID, CREATED_BY, CREATED_DATETIME, DEFUNCT_IND, UPDATED_BY, UPDATED_DATETIME, ADDRESS, BIRTHDAY, EMAIL, NAME, NATIONALITY, PHONE, REMARKS, SEX, VIP) values (5000, null, '2011-12-27 17:05:47', 0, null, '2011-12-27 17:05:47', '', '2011-12-01 00:00:00', '123@123.com', '1111', null, '', '', null, 0);
insert into PERSON (ID, CREATED_BY, CREATED_DATETIME, DEFUNCT_IND, UPDATED_BY, UPDATED_DATETIME, ADDRESS, BIRTHDAY, EMAIL, NAME, NATIONALITY, PHONE, REMARKS, SEX, VIP) values (5050, null, '2011-12-27 17:18:22', 0, null, '2011-12-27 17:18:22', '', '2011-12-01 00:00:00', '123@163.com', '222', null, '', '', null, 0);
DROP TABLE PRODUCT;
CREATE TABLE PRODUCT ( ID BIGINT NOT NULL, CREATED_BY VARCHAR(30), CREATED_DATETIME TIMESTAMP, DEFUNCT_IND SMALLINT, UPDATED_BY VARCHAR(30), UPDATED_DATETIME TIMESTAMP, AVAILABLE SMALLINT, CATEGORY VARCHAR(255), CODE VARCHAR(255), DESCRIBE VARCHAR(1000), NAME VARCHAR(255), PRICE DOUBLE, PRODUCTION_DATE TIMESTAMP, PRIMARY KEY (ID) );

insert into PRODUCT (ID, CREATED_BY, CREATED_DATETIME, DEFUNCT_IND, UPDATED_BY, UPDATED_DATETIME, AVAILABLE, CATEGORY, CODE, DESCRIBE, NAME, PRICE, PRODUCTION_DATE) values (5001, null, '2011-12-20 17:17:21', 0, null, '2012-01-04 16:51:42', 0, 'PROT001', 'aa', '23', '大衣', 4234.0, '2011-12-20 00:00:00');
insert into PRODUCT (ID, CREATED_BY, CREATED_DATETIME, DEFUNCT_IND, UPDATED_BY, UPDATED_DATETIME, AVAILABLE, CATEGORY, CODE, DESCRIBE, NAME, PRICE, PRODUCTION_DATE) values (5002, null, '2011-12-20 17:17:36', 0, null, '2012-01-04 16:51:59', 0, 'PROT001', 'nn', 'ee', '皮衣', 42.0, '2011-12-19 00:00:00');
insert into PRODUCT (ID, CREATED_BY, CREATED_DATETIME, DEFUNCT_IND, UPDATED_BY, UPDATED_DATETIME, AVAILABLE, CATEGORY, CODE, DESCRIBE, NAME, PRICE, PRODUCTION_DATE) values (5003, null, '2011-12-20 17:17:53', 0, null, '2011-12-20 17:17:53', 0, 'PROT002', 'weew', 'wewe', 'wewe', 423.0, '2011-12-18 00:00:00');
insert into PRODUCT (ID, CREATED_BY, CREATED_DATETIME, DEFUNCT_IND, UPDATED_BY, UPDATED_DATETIME, AVAILABLE, CATEGORY, CODE, DESCRIBE, NAME, PRICE, PRODUCTION_DATE) values (5004, null, '2011-12-22 17:17:53', 0, null, '2012-01-04 16:52:13', 0, 'PROT002', 'bb', 'bb', '电视', 66.0, '2011-12-22 00:00:00');
insert into PRODUCT (ID, CREATED_BY, CREATED_DATETIME, DEFUNCT_IND, UPDATED_BY, UPDATED_DATETIME, AVAILABLE, CATEGORY, CODE, DESCRIBE, NAME, PRICE, PRODUCTION_DATE) values (5101, null, '2012-01-04 16:49:49', 0, null, '2012-01-04 16:49:49', 0, 'PROT003', 'bbb', '', '足球', 123.0, '2012-01-01 00:00:00');
DROP TABLE REPORTFILE;
CREATE TABLE REPORTFILE ( ID BIGINT NOT NULL, CREATED_BY VARCHAR(30), CREATED_DATETIME TIMESTAMP, DEFUNCT_IND SMALLINT, UPDATED_BY VARCHAR(30), UPDATED_DATETIME TIMESTAMP, FILE_NAME VARCHAR(200) NOT NULL, FILE_STORE_LOCATION VARCHAR(400) NOT NULL, REMARKS VARCHAR(600), UPLOADED_BY VARCHAR(30) NOT NULL, UPLOADED_DATETIME TIMESTAMP NOT NULL, USE_IND SMALLINT, VERSION_NO INTEGER, REPORTMSTR_ID BIGINT, PRIMARY KEY (ID) );

insert into REPORTFILE (ID, CREATED_BY, CREATED_DATETIME, DEFUNCT_IND, UPDATED_BY, UPDATED_DATETIME, FILE_NAME, FILE_STORE_LOCATION, REMARKS, UPLOADED_BY, UPLOADED_DATETIME, USE_IND, VERSION_NO, REPORTMSTR_ID) values (6701, null, '2012-01-04 16:55:55', 0, null, '2012-01-04 16:55:55', 'rp20110104_1_productReport_2.jrxml', 'upload\rpt\rp20110104\rp20110104_1_productReport_2.jrxml', '', 'Admin', '2012-01-04 16:55:55', 1, 1, 5101);
insert into REPORTFILE (ID, CREATED_BY, CREATED_DATETIME, DEFUNCT_IND, UPDATED_BY, UPDATED_DATETIME, FILE_NAME, FILE_STORE_LOCATION, REMARKS, UPLOADED_BY, UPLOADED_DATETIME, USE_IND, VERSION_NO, REPORTMSTR_ID) values (6751, null, '2012-01-06 15:18:32', 0, null, '2012-01-06 15:18:32', 'qq_1_productReport_2.jrxml', 'upload\rpt\qq\qq_1_productReport_2.jrxml', '', 'Admin', '2012-01-06 15:18:32', 0, 1, 5201);
insert into REPORTFILE (ID, CREATED_BY, CREATED_DATETIME, DEFUNCT_IND, UPDATED_BY, UPDATED_DATETIME, FILE_NAME, FILE_STORE_LOCATION, REMARKS, UPLOADED_BY, UPLOADED_DATETIME, USE_IND, VERSION_NO, REPORTMSTR_ID) values (6752, null, '2012-01-06 15:35:17', 0, null, '2012-01-06 15:35:17', 'qq_2_productReport_1.jrxml', 'upload\rpt\qq\qq_2_productReport_1.jrxml', '', 'Admin', '2012-01-06 15:35:17', 1, 2, 5201);
DROP TABLE REPORTMSTR;
CREATE TABLE REPORTMSTR ( ID BIGINT NOT NULL, CREATED_BY VARCHAR(30), CREATED_DATETIME TIMESTAMP, DEFUNCT_IND SMALLINT, UPDATED_BY VARCHAR(30), UPDATED_DATETIME TIMESTAMP, REMARKS VARCHAR(300), REPORT_CATEGORY VARCHAR(20), REPORT_CODE VARCHAR(50), REPORT_CONFIG VARCHAR(600), REPORT_MODE VARCHAR(20), REPORT_NAME VARCHAR(200) NOT NULL, REPORT_NAME_LANG VARCHAR(200), PRIMARY KEY (ID) );

insert into REPORTMSTR (ID, CREATED_BY, CREATED_DATETIME, DEFUNCT_IND, UPDATED_BY, UPDATED_DATETIME, REMARKS, REPORT_CATEGORY, REPORT_CODE, REPORT_CONFIG, REPORT_MODE, REPORT_NAME, REPORT_NAME_LANG) values (5001, null, '2011-12-20 17:11:31', 0, null, '2011-12-29 15:33:05', 'bb', 'RPTC001', 'RP20111207', 'admin', 'RPTM001', '商品报表', 'shangpinbaobiao');
insert into REPORTMSTR (ID, CREATED_BY, CREATED_DATETIME, DEFUNCT_IND, UPDATED_BY, UPDATED_DATETIME, REMARKS, REPORT_CATEGORY, REPORT_CODE, REPORT_CONFIG, REPORT_MODE, REPORT_NAME, REPORT_NAME_LANG) values (5002, null, '2011-12-20 17:12:07', 0, null, '2011-12-29 15:33:45', 'ccc', 'RPTC002', 'RP20111210', 'admin', 'RPTM002', '商业报表', 'shangyebaobiao');
insert into REPORTMSTR (ID, CREATED_BY, CREATED_DATETIME, DEFUNCT_IND, UPDATED_BY, UPDATED_DATETIME, REMARKS, REPORT_CATEGORY, REPORT_CODE, REPORT_CONFIG, REPORT_MODE, REPORT_NAME, REPORT_NAME_LANG) values (5051, null, '2011-12-23 09:14:01', 0, null, '2011-12-29 16:24:29', 'aa', 'RPTC001', 'aaa', 'admin', 'RPTM001', 'aaa', 'aa');
insert into REPORTMSTR (ID, CREATED_BY, CREATED_DATETIME, DEFUNCT_IND, UPDATED_BY, UPDATED_DATETIME, REMARKS, REPORT_CATEGORY, REPORT_CODE, REPORT_CONFIG, REPORT_MODE, REPORT_NAME, REPORT_NAME_LANG) values (5101, null, '2011-12-23 17:44:28', 0, null, '2012-01-04 15:03:03', 'sfs', 'RPTC001', 'RP20110104', 'admin;test;user', 'RPTM001', '报表名称', 'baobiaomingchen');
insert into REPORTMSTR (ID, CREATED_BY, CREATED_DATETIME, DEFUNCT_IND, UPDATED_BY, UPDATED_DATETIME, REMARKS, REPORT_CATEGORY, REPORT_CODE, REPORT_CONFIG, REPORT_MODE, REPORT_NAME, REPORT_NAME_LANG) values (5201, null, '2012-01-06 15:18:04', 0, null, '2012-01-06 15:18:04', 'qq', 'RPTC001', 'qq', 'admin', 'RPTM001', 'qq', 'qq');
DROP TABLE REPORTPARAMETER;
CREATE TABLE REPORTPARAMETER ( ID BIGINT NOT NULL, CREATED_BY VARCHAR(30), CREATED_DATETIME TIMESTAMP, DEFUNCT_IND SMALLINT, UPDATED_BY VARCHAR(30), UPDATED_DATETIME TIMESTAMP, DEFAULT_VALUE VARCHAR(200), DEFAULT_VALUE_TYPE VARCHAR(20), DISPLAY_IND SMALLINT, EDIT_IND SMALLINT, JAVA_DATA_TYPE VARCHAR(20) NOT NULL, MANDATORY_IND SMALLINT, REMARKS VARCHAR(600), REPORTPARAMETER_CODE VARCHAR(30) NOT NULL, SQL_STATEMENT VARCHAR(2000), UI_LABEL VARCHAR(50), UI_LABEL_LANG VARCHAR(50), UI_TYPE VARCHAR(20) NOT NULL, REPORTMSTR_ID BIGINT, PRIMARY KEY (ID) );

insert into REPORTPARAMETER (ID, CREATED_BY, CREATED_DATETIME, DEFUNCT_IND, UPDATED_BY, UPDATED_DATETIME, DEFAULT_VALUE, DEFAULT_VALUE_TYPE, DISPLAY_IND, EDIT_IND, JAVA_DATA_TYPE, MANDATORY_IND, REMARKS, REPORTPARAMETER_CODE, SQL_STATEMENT, UI_LABEL, UI_LABEL_LANG, UI_TYPE, REPORTMSTR_ID) values (5001, null, '2011-12-20 17:13:13', 0, null, '2012-01-05 14:30:18', '', null, 1, 1, 'JADT003', 0, '', 'SP001', null, '商品名称', 'productname', 'CONT001', 5001);
insert into REPORTPARAMETER (ID, CREATED_BY, CREATED_DATETIME, DEFUNCT_IND, UPDATED_BY, UPDATED_DATETIME, DEFAULT_VALUE, DEFAULT_VALUE_TYPE, DISPLAY_IND, EDIT_IND, JAVA_DATA_TYPE, MANDATORY_IND, REMARKS, REPORTPARAMETER_CODE, SQL_STATEMENT, UI_LABEL, UI_LABEL_LANG, UI_TYPE, REPORTMSTR_ID) values (5002, null, '2011-12-20 17:14:09', 0, null, '2011-12-20 17:14:09', null, null, 1, 1, 'JADT002', 1, '', 'SP002', null, '生产日期', 'productdate', 'CONT002', 5001);
insert into REPORTPARAMETER (ID, CREATED_BY, CREATED_DATETIME, DEFUNCT_IND, UPDATED_BY, UPDATED_DATETIME, DEFAULT_VALUE, DEFAULT_VALUE_TYPE, DISPLAY_IND, EDIT_IND, JAVA_DATA_TYPE, MANDATORY_IND, REMARKS, REPORTPARAMETER_CODE, SQL_STATEMENT, UI_LABEL, UI_LABEL_LANG, UI_TYPE, REPORTMSTR_ID) values (5051, null, '2011-12-22 17:15:42', 0, null, '2011-12-22 17:15:42', null, null, 1, 1, 'JADT001', 1, 'ff', 'ff', null, 'ff', 'ff', 'CONT001', 5002);
insert into REPORTPARAMETER (ID, CREATED_BY, CREATED_DATETIME, DEFUNCT_IND, UPDATED_BY, UPDATED_DATETIME, DEFAULT_VALUE, DEFAULT_VALUE_TYPE, DISPLAY_IND, EDIT_IND, JAVA_DATA_TYPE, MANDATORY_IND, REMARKS, REPORTPARAMETER_CODE, SQL_STATEMENT, UI_LABEL, UI_LABEL_LANG, UI_TYPE, REPORTMSTR_ID) values (5052, null, '2011-12-22 17:15:58', 0, null, '2011-12-22 17:15:58', null, null, 1, 1, 'JADT002', 1, 'qq', 'qq', null, 'qq', 'qq', 'CONT002', 5002);
insert into REPORTPARAMETER (ID, CREATED_BY, CREATED_DATETIME, DEFUNCT_IND, UPDATED_BY, UPDATED_DATETIME, DEFAULT_VALUE, DEFAULT_VALUE_TYPE, DISPLAY_IND, EDIT_IND, JAVA_DATA_TYPE, MANDATORY_IND, REMARKS, REPORTPARAMETER_CODE, SQL_STATEMENT, UI_LABEL, UI_LABEL_LANG, UI_TYPE, REPORTMSTR_ID) values (5101, null, '2011-12-23 09:17:26', 0, null, '2011-12-29 15:20:19', '', null, 1, 1, 'JADT002', 1, 'aa', 'productdate', null, '生产时间', 'productdate', 'CONT002', 5051);
insert into REPORTPARAMETER (ID, CREATED_BY, CREATED_DATETIME, DEFUNCT_IND, UPDATED_BY, UPDATED_DATETIME, DEFAULT_VALUE, DEFAULT_VALUE_TYPE, DISPLAY_IND, EDIT_IND, JAVA_DATA_TYPE, MANDATORY_IND, REMARKS, REPORTPARAMETER_CODE, SQL_STATEMENT, UI_LABEL, UI_LABEL_LANG, UI_TYPE, REPORTMSTR_ID) values (5102, null, '2011-12-23 09:20:04', 0, null, '2011-12-29 15:20:11', '', null, 1, 1, 'JADT001', 1, '', 'productname', null, '商品名称', 'productname', 'CONT001', 5051);
insert into REPORTPARAMETER (ID, CREATED_BY, CREATED_DATETIME, DEFUNCT_IND, UPDATED_BY, UPDATED_DATETIME, DEFAULT_VALUE, DEFAULT_VALUE_TYPE, DISPLAY_IND, EDIT_IND, JAVA_DATA_TYPE, MANDATORY_IND, REMARKS, REPORTPARAMETER_CODE, SQL_STATEMENT, UI_LABEL, UI_LABEL_LANG, UI_TYPE, REPORTMSTR_ID) values (5151, null, '2011-12-23 11:14:49', 1, null, '2011-12-23 11:14:54', null, null, 1, 1, 'JADT001', 1, '', 'zz', null, 'zz', 'zz', 'wenbenkuang', 5001);
insert into REPORTPARAMETER (ID, CREATED_BY, CREATED_DATETIME, DEFUNCT_IND, UPDATED_BY, UPDATED_DATETIME, DEFAULT_VALUE, DEFAULT_VALUE_TYPE, DISPLAY_IND, EDIT_IND, JAVA_DATA_TYPE, MANDATORY_IND, REMARKS, REPORTPARAMETER_CODE, SQL_STATEMENT, UI_LABEL, UI_LABEL_LANG, UI_TYPE, REPORTMSTR_ID) values (5201, null, '2011-12-27 14:43:20', 0, null, '2011-12-28 11:23:19', '', null, 1, 1, 'JADT001', 0, '', 'productname', null, '商品名称', 'productname', 'CONT001', 5101);
insert into REPORTPARAMETER (ID, CREATED_BY, CREATED_DATETIME, DEFUNCT_IND, UPDATED_BY, UPDATED_DATETIME, DEFAULT_VALUE, DEFAULT_VALUE_TYPE, DISPLAY_IND, EDIT_IND, JAVA_DATA_TYPE, MANDATORY_IND, REMARKS, REPORTPARAMETER_CODE, SQL_STATEMENT, UI_LABEL, UI_LABEL_LANG, UI_TYPE, REPORTMSTR_ID) values (5251, null, '2011-12-28 09:47:32', 0, null, '2012-01-04 15:12:40', '', null, 1, 1, 'JADT001', 0, '商品分类', 'producttype', 'select d from Dict d where d.defunctInd = false and d.parentCode = ''PROT''', '商品分类', 'shangpinfenlei', 'CONT003', 5101);
insert into REPORTPARAMETER (ID, CREATED_BY, CREATED_DATETIME, DEFUNCT_IND, UPDATED_BY, UPDATED_DATETIME, DEFAULT_VALUE, DEFAULT_VALUE_TYPE, DISPLAY_IND, EDIT_IND, JAVA_DATA_TYPE, MANDATORY_IND, REMARKS, REPORTPARAMETER_CODE, SQL_STATEMENT, UI_LABEL, UI_LABEL_LANG, UI_TYPE, REPORTMSTR_ID) values (5301, null, '2011-12-28 11:26:42', 0, null, '2012-01-05 11:31:35', '', null, 1, 1, 'JADT002', 1, '生产开始时间', 'fromdate', null, '生产开始时间', 'productdate', 'CONT002', 5101);
insert into REPORTPARAMETER (ID, CREATED_BY, CREATED_DATETIME, DEFUNCT_IND, UPDATED_BY, UPDATED_DATETIME, DEFAULT_VALUE, DEFAULT_VALUE_TYPE, DISPLAY_IND, EDIT_IND, JAVA_DATA_TYPE, MANDATORY_IND, REMARKS, REPORTPARAMETER_CODE, SQL_STATEMENT, UI_LABEL, UI_LABEL_LANG, UI_TYPE, REPORTMSTR_ID) values (5401, null, '2012-01-04 15:06:13', 0, null, '2012-01-05 11:31:40', '', null, 1, 1, 'JADT002', 1, '', 'todate', null, '生产截止时间', 'enddate', 'CONT002', 5101);
insert into REPORTPARAMETER (ID, CREATED_BY, CREATED_DATETIME, DEFUNCT_IND, UPDATED_BY, UPDATED_DATETIME, DEFAULT_VALUE, DEFAULT_VALUE_TYPE, DISPLAY_IND, EDIT_IND, JAVA_DATA_TYPE, MANDATORY_IND, REMARKS, REPORTPARAMETER_CODE, SQL_STATEMENT, UI_LABEL, UI_LABEL_LANG, UI_TYPE, REPORTMSTR_ID) values (5451, null, '2012-01-06 15:19:35', 0, null, '2012-01-06 15:19:35', '', null, 1, 1, 'JADT001', 0, '', 'productname', null, '商品名称', 'productname', 'CONT001', 5201);
insert into REPORTPARAMETER (ID, CREATED_BY, CREATED_DATETIME, DEFUNCT_IND, UPDATED_BY, UPDATED_DATETIME, DEFAULT_VALUE, DEFAULT_VALUE_TYPE, DISPLAY_IND, EDIT_IND, JAVA_DATA_TYPE, MANDATORY_IND, REMARKS, REPORTPARAMETER_CODE, SQL_STATEMENT, UI_LABEL, UI_LABEL_LANG, UI_TYPE, REPORTMSTR_ID) values (5452, null, '2012-01-06 15:20:06', 0, null, '2012-01-06 15:20:06', '', null, 1, 1, 'JADT002', 1, '', 'productdate', null, '商品生产时间', 'productdate', 'CONT002', 5201);
DROP TABLE REPORTROLE;
CREATE TABLE REPORTROLE ( ID BIGINT NOT NULL, CREATED_BY VARCHAR(30), CREATED_DATETIME TIMESTAMP, DEFUNCT_IND SMALLINT, UPDATED_BY VARCHAR(30), UPDATED_DATETIME TIMESTAMP, REPORTMSTR_ID BIGINT, ROLE_ID BIGINT, PRIMARY KEY (ID) );

insert into REPORTROLE (ID, CREATED_BY, CREATED_DATETIME, DEFUNCT_IND, UPDATED_BY, UPDATED_DATETIME, REPORTMSTR_ID, ROLE_ID) values (5001, 'admin', '2011-12-29 11:23:11', 0, 'admin', '2012-01-04 15:19:29', 5101, 2);
insert into REPORTROLE (ID, CREATED_BY, CREATED_DATETIME, DEFUNCT_IND, UPDATED_BY, UPDATED_DATETIME, REPORTMSTR_ID, ROLE_ID) values (5002, 'admin', '2011-12-29 11:33:59', 0, 'admin', '2012-01-04 15:19:29', 5101, 1);
insert into REPORTROLE (ID, CREATED_BY, CREATED_DATETIME, DEFUNCT_IND, UPDATED_BY, UPDATED_DATETIME, REPORTMSTR_ID, ROLE_ID) values (5003, 'admin', '2011-12-29 11:33:59', 0, 'admin', '2012-01-04 15:19:29', 5101, 3);
insert into REPORTROLE (ID, CREATED_BY, CREATED_DATETIME, DEFUNCT_IND, UPDATED_BY, UPDATED_DATETIME, REPORTMSTR_ID, ROLE_ID) values (5004, 'admin', '2011-12-29 11:34:22', 0, 'admin', '2011-12-29 16:24:29', 5051, 2);
insert into REPORTROLE (ID, CREATED_BY, CREATED_DATETIME, DEFUNCT_IND, UPDATED_BY, UPDATED_DATETIME, REPORTMSTR_ID, ROLE_ID) values (5005, 'admin', '2011-12-29 11:34:39', 1, 'admin', '2011-12-29 15:33:45', 5002, 1);
insert into REPORTROLE (ID, CREATED_BY, CREATED_DATETIME, DEFUNCT_IND, UPDATED_BY, UPDATED_DATETIME, REPORTMSTR_ID, ROLE_ID) values (5051, 'admin', '2011-12-29 15:33:05', 0, null, '2011-12-29 15:33:05', 5001, 2);
insert into REPORTROLE (ID, CREATED_BY, CREATED_DATETIME, DEFUNCT_IND, UPDATED_BY, UPDATED_DATETIME, REPORTMSTR_ID, ROLE_ID) values (5052, 'admin', '2011-12-29 15:33:45', 0, null, '2011-12-29 15:33:45', 5002, 2);
insert into REPORTROLE (ID, CREATED_BY, CREATED_DATETIME, DEFUNCT_IND, UPDATED_BY, UPDATED_DATETIME, REPORTMSTR_ID, ROLE_ID) values (5101, 'admin', '2012-01-06 15:18:05', 0, null, '2012-01-06 15:18:05', 5201, 2);
DROP TABLE RESOURCE;
CREATE TABLE RESOURCE ( ID BIGINT NOT NULL, CREATED_BY VARCHAR(30), CREATED_DATETIME TIMESTAMP, DEFUNCT_IND SMALLINT, UPDATED_BY VARCHAR(30), UPDATED_DATETIME TIMESTAMP, IS_LEAF SMALLINT, ISMENU SMALLINT, KEY_NAME VARCHAR(255) NOT NULL, LEVEL INTEGER NOT NULL, NAME VARCHAR(40), NUMBER VARCHAR(255), PARENT_ID BIGINT, URL VARCHAR(100), TYPE VARCHAR(254), URI VARCHAR(254), PRIMARY KEY (ID) );

insert into RESOURCE (ID, CREATED_BY, CREATED_DATETIME, DEFUNCT_IND, UPDATED_BY, UPDATED_DATETIME, IS_LEAF, ISMENU, KEY_NAME, LEVEL, NAME, NUMBER, PARENT_ID, URL, TYPE, URI) values (1, null, null, null, null, null, 0, 1, 'menu', 0, '菜单', 'M1', 0, null, null, null);
insert into RESOURCE (ID, CREATED_BY, CREATED_DATETIME, DEFUNCT_IND, UPDATED_BY, UPDATED_DATETIME, IS_LEAF, ISMENU, KEY_NAME, LEVEL, NAME, NUMBER, PARENT_ID, URL, TYPE, URI) values (2, null, null, null, null, null, 0, 1, 'systemManage', 1, '系统管理', 'M2', 1, null, null, null);
insert into RESOURCE (ID, CREATED_BY, CREATED_DATETIME, DEFUNCT_IND, UPDATED_BY, UPDATED_DATETIME, IS_LEAF, ISMENU, KEY_NAME, LEVEL, NAME, NUMBER, PARENT_ID, URL, TYPE, URI) values (3, null, null, null, null, null, 0, 1, 'permissionManage', 2, '权限管理', 'M201', 2, null, null, null);
insert into RESOURCE (ID, CREATED_BY, CREATED_DATETIME, DEFUNCT_IND, UPDATED_BY, UPDATED_DATETIME, IS_LEAF, ISMENU, KEY_NAME, LEVEL, NAME, NUMBER, PARENT_ID, URL, TYPE, URI) values (4, null, null, null, null, null, 1, 1, 'userManage', 3, '用户管理', 'M20101', 3, '/faces/permissions/user/list.xhtml', null, null);
insert into RESOURCE (ID, CREATED_BY, CREATED_DATETIME, DEFUNCT_IND, UPDATED_BY, UPDATED_DATETIME, IS_LEAF, ISMENU, KEY_NAME, LEVEL, NAME, NUMBER, PARENT_ID, URL, TYPE, URI) values (5, null, null, null, null, null, 1, 1, 'roleManage', 3, '角色管理', 'M20102', 3, '/faces/permissions/role/list.xhtml', null, null);
insert into RESOURCE (ID, CREATED_BY, CREATED_DATETIME, DEFUNCT_IND, UPDATED_BY, UPDATED_DATETIME, IS_LEAF, ISMENU, KEY_NAME, LEVEL, NAME, NUMBER, PARENT_ID, URL, TYPE, URI) values (6, null, null, null, null, null, 1, 1, 'resourceManage', 3, '资源管理', 'M10103', 3, '/faces/permissions/resource/list.xhtml', null, null);
insert into RESOURCE (ID, CREATED_BY, CREATED_DATETIME, DEFUNCT_IND, UPDATED_BY, UPDATED_DATETIME, IS_LEAF, ISMENU, KEY_NAME, LEVEL, NAME, NUMBER, PARENT_ID, URL, TYPE, URI) values (7, null, null, null, null, null, 0, 1, 'report', 1, '报表管理', 'M7', 1, null, null, null);
insert into RESOURCE (ID, CREATED_BY, CREATED_DATETIME, DEFUNCT_IND, UPDATED_BY, UPDATED_DATETIME, IS_LEAF, ISMENU, KEY_NAME, LEVEL, NAME, NUMBER, PARENT_ID, URL, TYPE, URI) values (8, null, null, null, null, null, 0, 1, 'reportManage', 2, '报表管理', 'M701', 7, null, null, null);
insert into RESOURCE (ID, CREATED_BY, CREATED_DATETIME, DEFUNCT_IND, UPDATED_BY, UPDATED_DATETIME, IS_LEAF, ISMENU, KEY_NAME, LEVEL, NAME, NUMBER, PARENT_ID, URL, TYPE, URI) values (9, null, null, null, null, null, 1, 1, 'reportMaintain', 3, '报表维护', 'M70101', 8, '/faces/report/reportmanage/list.xhtml', null, null);
insert into RESOURCE (ID, CREATED_BY, CREATED_DATETIME, DEFUNCT_IND, UPDATED_BY, UPDATED_DATETIME, IS_LEAF, ISMENU, KEY_NAME, LEVEL, NAME, NUMBER, PARENT_ID, URL, TYPE, URI) values (10, null, null, null, null, null, 1, 1, 'reportSearch', 3, '报表展示', 'M70102', 8, '/faces/report/reportquery/report-query.xhtml', null, null);
DROP TABLE REVINFO;
CREATE TABLE REVINFO ( REV INTEGER NOT NULL GENERATED BY DEFAULT AS IDENTITY, REVTSTMP BIGINT, PRIMARY KEY (REV) );

DROP TABLE ROLE;
CREATE TABLE ROLE ( ID BIGINT NOT NULL, IS_ADMIN SMALLINT, DESCRIPTION VARCHAR(255), ROLE_NAME VARCHAR(255), ROLE_SCOPE VARCHAR(255), STATE INTEGER NOT NULL, PRIMARY KEY (ID) );

insert into ROLE (ID, IS_ADMIN, DESCRIPTION, ROLE_NAME, ROLE_SCOPE, STATE) values (1, 1, null, 'test', 'test', 1);
insert into ROLE (ID, IS_ADMIN, DESCRIPTION, ROLE_NAME, ROLE_SCOPE, STATE) values (2, 0, 'admin', 'admin', '', 1);
insert into ROLE (ID, IS_ADMIN, DESCRIPTION, ROLE_NAME, ROLE_SCOPE, STATE) values (3, 0, 'user', 'user', '', 1);
DROP TABLE ROLE_RESOURCE;
CREATE TABLE ROLE_RESOURCE ( ID BIGINT NOT NULL, RESOURCE_ID BIGINT, ROLE_ID BIGINT, PRIMARY KEY (ID) );

insert into ROLE_RESOURCE (ID, RESOURCE_ID, ROLE_ID) values (5002, 2, 2);
insert into ROLE_RESOURCE (ID, RESOURCE_ID, ROLE_ID) values (5003, 3, 2);
insert into ROLE_RESOURCE (ID, RESOURCE_ID, ROLE_ID) values (5004, 4, 2);
insert into ROLE_RESOURCE (ID, RESOURCE_ID, ROLE_ID) values (5005, 5, 2);
insert into ROLE_RESOURCE (ID, RESOURCE_ID, ROLE_ID) values (5006, 6, 2);
insert into ROLE_RESOURCE (ID, RESOURCE_ID, ROLE_ID) values (5007, 7, 2);
insert into ROLE_RESOURCE (ID, RESOURCE_ID, ROLE_ID) values (5008, 8, 2);
insert into ROLE_RESOURCE (ID, RESOURCE_ID, ROLE_ID) values (1, 2, 1);
insert into ROLE_RESOURCE (ID, RESOURCE_ID, ROLE_ID) values (2, 3, 1);
insert into ROLE_RESOURCE (ID, RESOURCE_ID, ROLE_ID) values (3, 4, 1);
insert into ROLE_RESOURCE (ID, RESOURCE_ID, ROLE_ID) values (4, 5, 1);
insert into ROLE_RESOURCE (ID, RESOURCE_ID, ROLE_ID) values (5, 6, 1);
insert into ROLE_RESOURCE (ID, RESOURCE_ID, ROLE_ID) values (6, 7, 1);
insert into ROLE_RESOURCE (ID, RESOURCE_ID, ROLE_ID) values (7, 8, 1);
insert into ROLE_RESOURCE (ID, RESOURCE_ID, ROLE_ID) values (8, 9, 1);
insert into ROLE_RESOURCE (ID, RESOURCE_ID, ROLE_ID) values (9, 10, 1);
insert into ROLE_RESOURCE (ID, RESOURCE_ID, ROLE_ID) values (5001, 1, 2);
insert into ROLE_RESOURCE (ID, RESOURCE_ID, ROLE_ID) values (5009, 9, 2);
insert into ROLE_RESOURCE (ID, RESOURCE_ID, ROLE_ID) values (5010, 10, 2);
DROP TABLE STOREDLOG;
CREATE TABLE STOREDLOG ( ID BIGINT NOT NULL, LOGLEVEL VARCHAR(255), LOGDTTM TIMESTAMP, THROWABLEMESSAGE VARCHAR(255), USERMESSAGE VARCHAR(255), WHERECLASS VARCHAR(255), PRIMARY KEY (ID) );

DROP TABLE TESTUSER;
CREATE TABLE TESTUSER ( ID VARCHAR(255) NOT NULL, FIRSTNAME VARCHAR(255), LASTNAME VARCHAR(255), PRIMARY KEY (ID) );

DROP TABLE USERS;
CREATE TABLE USERS ( ID BIGINT NOT NULL, CREATED_BY VARCHAR(30), CREATED_DATETIME TIMESTAMP, DEFUNCT_IND SMALLINT, UPDATED_BY VARCHAR(30), UPDATED_DATETIME TIMESTAMP, ADDRESS VARCHAR(100), CELL_PHONE VARCHAR(20), EMAIL VARCHAR(60), LOGIN_NAME VARCHAR(30) NOT NULL, TELEPHONE VARCHAR(20), USER_NAME VARCHAR(30) NOT NULL, USER_PASS VARCHAR(20) NOT NULL, CELLPHONE_NO VARCHAR(30), CONTACT_ADDRESS VARCHAR(60), CONTACT_TELEPHONE_NO VARCHAR(30), NAME VARCHAR(30), PURCHASE_ENTITY_NAME VARCHAR(60), PURCHASE_LOC_NAME VARCHAR(60), PRIMARY KEY (ID) );

insert into USERS (ID, CREATED_BY, CREATED_DATETIME, DEFUNCT_IND, UPDATED_BY, UPDATED_DATETIME, ADDRESS, CELL_PHONE, EMAIL, LOGIN_NAME, TELEPHONE, USER_NAME, USER_PASS, CELLPHONE_NO, CONTACT_ADDRESS, CONTACT_TELEPHONE_NO, NAME, PURCHASE_ENTITY_NAME, PURCHASE_LOC_NAME) values (1, null, null, null, null, null, null, null, 'user@test.com', 'user', null, 'User', 'user', null, null, null, null, null, null);
insert into USERS (ID, CREATED_BY, CREATED_DATETIME, DEFUNCT_IND, UPDATED_BY, UPDATED_DATETIME, ADDRESS, CELL_PHONE, EMAIL, LOGIN_NAME, TELEPHONE, USER_NAME, USER_PASS, CELLPHONE_NO, CONTACT_ADDRESS, CONTACT_TELEPHONE_NO, NAME, PURCHASE_ENTITY_NAME, PURCHASE_LOC_NAME) values (2, null, null, null, null, null, null, null, 'admin@test.com', 'admin', null, 'Admin', 'admin', null, null, null, null, null, null);
insert into USERS (ID, CREATED_BY, CREATED_DATETIME, DEFUNCT_IND, UPDATED_BY, UPDATED_DATETIME, ADDRESS, CELL_PHONE, EMAIL, LOGIN_NAME, TELEPHONE, USER_NAME, USER_PASS, CELLPHONE_NO, CONTACT_ADDRESS, CONTACT_TELEPHONE_NO, NAME, PURCHASE_ENTITY_NAME, PURCHASE_LOC_NAME) values (5103, null, '2011-12-29 16:11:59', 0, null, '2011-12-29 16:11:59', '', '', '', 'test', '', 'test', 'test', null, null, null, null, null, null);
DROP TABLE USER_ROLE;
CREATE TABLE USER_ROLE ( ID BIGINT NOT NULL, ROLE_ID BIGINT, USER_ID BIGINT, PRIMARY KEY (ID) );

insert into USER_ROLE (ID, ROLE_ID, USER_ID) values (52, 2, 1);
insert into USER_ROLE (ID, ROLE_ID, USER_ID) values (53, 2, 2);
insert into USER_ROLE (ID, ROLE_ID, USER_ID) values (54, 1, 5103);
ALTER TABLE PERMISSION ADD CONSTRAINT FKE125C5CFFFC191EE FOREIGN KEY (ROLE_ID) REFERENCES ROLE (ID);

ALTER TABLE REPORTFILE ADD CONSTRAINT FK90107CB070D95BA5 FOREIGN KEY (REPORTMSTR_ID) REFERENCES REPORTMSTR (ID);

ALTER TABLE REPORTPARAMETER ADD CONSTRAINT FK85C494D570D95BA5 FOREIGN KEY (REPORTMSTR_ID) REFERENCES REPORTMSTR (ID);

ALTER TABLE REPORTROLE ADD CONSTRAINT FK901607AA70D95BA5 FOREIGN KEY (REPORTMSTR_ID) REFERENCES REPORTMSTR (ID);
ALTER TABLE REPORTROLE ADD CONSTRAINT FK901607AAFFC191EE FOREIGN KEY (ROLE_ID) REFERENCES ROLE (ID);

ALTER TABLE ROLE_RESOURCE ADD CONSTRAINT FKAEE599B76874B0EE FOREIGN KEY (RESOURCE_ID) REFERENCES RESOURCE (ID);
ALTER TABLE ROLE_RESOURCE ADD CONSTRAINT FKAEE599B7FFC191EE FOREIGN KEY (ROLE_ID) REFERENCES ROLE (ID);

ALTER TABLE USER_ROLE ADD CONSTRAINT FK143BF46AA4EC55CE FOREIGN KEY (USER_ID) REFERENCES USERS (ID);
ALTER TABLE USER_ROLE ADD CONSTRAINT FK143BF46AFFC191EE FOREIGN KEY (ROLE_ID) REFERENCES ROLE (ID);

