DROP TABLE ACTIVITY;
DROP TABLE AGREEMENTFILE;
DROP TABLE AGREEMENT_ITEM;
DROP TABLE AGREEMENT_ITEM_PACKING_MATERIAL;
DROP TABLE BILLING_DOC;
DROP TABLE BOOK;
DROP TABLE DICT;
DROP TABLE ENTRANCE_DOC;
DROP TABLE ENTRANCE_DOC_ITEM;
DROP TABLE EXCEPTION_DOCUMEMT;
DROP TABLE EXECUTION;
DROP TABLE IC_CARD;
DROP TABLE ID_CARD;
DROP TABLE IND_CATEGORY;
DROP TABLE IND_CATEGORY_MASTER;
DROP TABLE IND_MASTER;
DROP TABLE ITEM_IC_CARD;
DROP TABLE MATERIAL;
DROP TABLE NOTICE_DOC;
DROP TABLE NOTICE_IND;
DROP TABLE ORG_MATERIAL;
DROP TABLE ORG_MATERIAL_CODE;
DROP TABLE ORG_MATERIAL_IND;
DROP TABLE ORG_PARAMETER;
DROP TABLE ORG_PLACE_OF_PRODUCTION;
DROP TABLE ORG_VENDOR;
DROP TABLE PACKING_MATERIAL;
DROP TABLE PROCESS;
DROP TABLE PROCESS_INSTANCE;
DROP TABLE PROCESS_LOCENTITY;
DROP TABLE PROCESS_NODE;
DROP TABLE PURCHASE_AGREEMENT;
DROP TABLE PURCHASE_DOC;
DROP TABLE PURCHASE_DOC_ITEM;
DROP TABLE PURCHASE_DOC_PACKING_MATERIAL;
DROP TABLE PURCHASE_ENTITY;
DROP TABLE PURCHASE_ENTRANCE_DOC;
DROP TABLE PURCHASE_LOC;
DROP TABLE PURCHASE_LOC_ENTITY;
DROP TABLE QC_DOC;
DROP TABLE QC_RESULT;
DROP TABLE QC_RESULT_PRICE_ADJUSTMENT;
DROP TABLE RECEIPT_PLAN;
DROP TABLE RESOURCE;
DROP TABLE ROLE;
DROP TABLE ROLE_RESOURCE;
DROP TABLE STORAGE_LOC;
DROP TABLE STORAGE_LOC_BATCH;
DROP TABLE STOREDLOG;
DROP TABLE SYSTEM_LOG;
DROP TABLE USER;
DROP TABLE USER_ORG;
DROP TABLE USER_ROLE;
DROP TABLE VENDOR;
DROP TABLE WEIGHT_BRIDGE_DOC;
DROP TABLE WEIGHT_BRIDGE_WEIGHT_DEDUCTION;
DROP TABLE ID_GEN;
DROP TABLE REVINFO;
DROP TABLE TEST_INDICATOR_RESULTS;
DROP TABLE ITAB_NCP00_IN;
DROP TABLE ITAB_NCP01;
DROP TABLE ITAB_NCP02;
DROP TABLE ITAB_NCP03;

CREATE TABLE TEST_INDICATOR_RESULTS ( ID BIGINT NOT NULL GENERATED BY DEFAULT AS IDENTITY, CREATED_BY VARCHAR(30), CREATED_DATETIME TIMESTAMP, DEFUNCT_IND SMALLINT, UPDATED_BY VARCHAR(30), UPDATED_DATETIME TIMESTAMP, PDI_ID BIGINT, ISMERGE SMALLINT DEFAULT 0, IMPERFECT_KERNAL VARCHAR(10), MOISTURE VARCHAR(10), FOREIGN_MATERIAL VARCHAR(10), WET_GLUTEN VARCHAR(10), VOLUME_WEIGHT VARCHAR(10), IMMATURE_KERNEL VARCHAR(10), HEAT_LOSS VARCHAR(10), CONTAINED_OIL VARCHAR(10), BROKEN_RATE VARCHAR(10), MOLD VARCHAR(10), MIX_OF_MOISTURE_IMPURITY VARCHAR(10), BROKEN_RICE_RATE VARCHAR(10), STABILITY_TIME VARCHAR(10), PRIMARY KEY (ID) );
create table ACTIVITY (id bigint not null unique, CREATED_BY varchar(30), CREATED_DATETIME timestamp, DEFUNCT_IND smallint, UPDATED_BY varchar(30), UPDATED_DATETIME timestamp, NAME varchar(50) not null, URL varchar(200), primary key (id));
create table AGREEMENTFILE (id bigint not null unique, CREATED_BY varchar(30), CREATED_DATETIME timestamp, DEFUNCT_IND smallint, UPDATED_BY varchar(30), UPDATED_DATETIME timestamp, FILE_NAME varchar(64) not null, PURCHASE_AGREEMENT_NO varchar(12) not null, UPLOAD_DATE timestamp, URL varchar(64) not null, primary key (id));
create table AGREEMENT_ITEM (id bigint not null unique, CREATED_BY varchar(30), CREATED_DATETIME timestamp, DEFUNCT_IND smallint, UPDATED_BY varchar(30), UPDATED_DATETIME timestamp, CURRENCY integer, EXECUTED_QUANTITY double, NOTE_TYPE integer, OTHER_CLAUSE varchar(250), PLANNED_BATCH_NO varchar(10), PLANNED_STORAGE_LOC varchar(4), PURCHASE_AGREEMENT_ITEM integer not null, QUANTITY double, TAX_CODE varchar(2), WEIGHT_UNIT integer, ORG_ID bigint not null, PUR_ID bigint not null, primary key (id));
create table AGREEMENT_ITEM_PACKING_MATERIAL (id bigint not null unique, CREATED_BY varchar(30), CREATED_DATETIME timestamp, DEFUNCT_IND smallint, UPDATED_BY varchar(30), UPDATED_DATETIME timestamp, UNIT integer, WEIGHT double, WEIGHT_DEDUCTION_RATIO double, WEIGHT_DEDUCTION_TYPE integer, AGR_ID bigint, PAC_ID bigint, primary key (id));
create table BILLING_DOC (id bigint not null unique, CREATED_BY varchar(30), CREATED_DATETIME timestamp, DEFUNCT_IND smallint, UPDATED_BY varchar(30), UPDATED_DATETIME timestamp, AUDIT_BY varchar(10), AUDIT_MEMO varchar(255), BILLING_AMOUNT double, BILLING_DATE timestamp, BILLING_DOC_NO varchar(12) not null, OPERATOR varchar(10), REMARKS varchar(60), STATUS smallint, VENDOR_ACCOUNT varchar(16), VENDOR_NAME varchar(40), PUR_ID bigint not null, primary key (id));
create table BOOK (id bigint not null unique, CREATED_BY varchar(30), CREATED_DATETIME timestamp, DEFUNCT_IND smallint, UPDATED_BY varchar(30), UPDATED_DATETIME timestamp, author varchar(255), AVAILABLE smallint, catagory varchar(255), description varchar(255), name varchar(255), PAGE_NUM integer, price double, PUB_DATE timestamp, primary key (id));
create table ENTRANCE_DOC (id bigint not null unique, CREATED_BY varchar(30), CREATED_DATETIME timestamp, DEFUNCT_IND smallint, UPDATED_BY varchar(30), UPDATED_DATETIME timestamp, DOC_DATE timestamp, DRIVER_NAME varchar(30), DRIVER_TELEPHONE_NO varchar(30), ENTRANCE_DATETIME timestamp, ENTRANCE_DOC_NO varchar(12) not null, ENTRANCE_TYPE smallint, FIRST_WEIGHT double, ORIGIN_OF_CARGO varchar(30), PURCHASE_ENTITY_NO varchar(3), PURCHASE_FLOW bigint, PURCHASE_LOC_NO varchar(3), REMARKS varchar(250), VEHICLE_NO varchar(10), VEHICLE_STATUS smallint, PUR_ID bigint, primary key (id));
create table ENTRANCE_DOC_ITEM (id bigint not null unique, CREATED_BY varchar(30), CREATED_DATETIME timestamp, DEFUNCT_IND smallint, UPDATED_BY varchar(30), UPDATED_DATETIME timestamp, ENTRANCE_DOC_ITEM smallint not null, MATERIAL_CODE varchar(32) not null, MATERIAL_DESC varchar(60), ORIGIN varchar(20) not null, QUANTITY double, WEIGHT_UNIT smallint, ENT_ID bigint not null, primary key (id));
create table EXCEPTION_DOCUMEMT (id bigint not null unique, CREATED_BY varchar(30), CREATED_DATETIME timestamp, DEFUNCT_IND smallint, UPDATED_BY varchar(30), UPDATED_DATETIME timestamp, ADJUSTED_TOTAL_AMOUNT double, ADJUSTED_UNIT_PRICE double, ADJUSTED_WEIGHT double, ADJUSTMENT_ITEM smallint, ADJUSTMENT_TYPE smallint, DOC_DATE timestamp, EXCEPTION_DOC_NO varchar(12) not null, REASON varchar(1200), BIL_ID bigint, ENT_ID bigint, PUR_ID bigint, primary key (id));
create table EXECUTION (id bigint not null unique, CREATED_BY varchar(30), CREATED_DATETIME timestamp, DEFUNCT_IND smallint, UPDATED_BY varchar(30), UPDATED_DATETIME timestamp, INSTANCE_ID bigint, NODE_ID bigint, primary key (id));
create table IC_CARD (id bigint not null unique, CREATED_BY varchar(30), CREATED_DATETIME timestamp, DEFUNCT_IND smallint, UPDATED_BY varchar(30), UPDATED_DATETIME timestamp, EFFECTIVE_IND smallint, ENABLED_DATETIME varchar(10), ENTRANCE_DOC_NO varchar(12), IC_CARD_NO varchar(64), LAST_IC_DATETIME timestamp, MATERIAL_CODE varchar(18), ORIGIN varchar(10), PURCHASE_DOC_NO varchar(12), PURPOSE smallint, STATUS smallint, PUR_ID bigint not null, primary key (id));
create table ID_CARD (id bigint not null unique, CREATED_BY varchar(30), CREATED_DATETIME timestamp, DEFUNCT_IND smallint, UPDATED_BY varchar(30), UPDATED_DATETIME timestamp, ADDRESS varchar(60), BIRTHTIME varchar(40), COUNTNUM varchar(30), GENDER smallint, ID_CARD varchar(18) not null, NAME varchar(30), OPENBANK varchar(60), PUR_ID bigint not null, primary key (id));
create table IND_CATEGORY (id bigint not null unique, CREATED_BY varchar(30), CREATED_DATETIME timestamp, DEFUNCT_IND smallint, UPDATED_BY varchar(30), UPDATED_DATETIME timestamp, EFFECTIVE_IND smallint, IND_CATEGORY_NAME varchar(30) not null, IND_CATEGORY_NO varchar(10) not null, primary key (id));
create table IND_CATEGORY_MASTER (id bigint not null unique, CREATED_BY varchar(30), CREATED_DATETIME timestamp, DEFUNCT_IND smallint, UPDATED_BY varchar(30), UPDATED_DATETIME timestamp, IND_ID bigint not null, MASTER_ID bigint not null, primary key (id));
create table IND_MASTER (id bigint not null unique, CREATED_BY varchar(30), CREATED_DATETIME timestamp, DEFUNCT_IND smallint, UPDATED_BY varchar(30), UPDATED_DATETIME timestamp, CONTAIN_LIMIT smallint, CONTAIN_LOWER smallint, EFFECTIVE_IND smallint not null, IND_DESC varchar(60), IND_FIELD varchar(30), IND_NO varchar(10) not null, IND_NOTE varchar(20), IND_TYPE smallint not null, RANGE_LIMIT varchar(60), RANGE_LOWER varchar(60), RANGE_TEXT varchar(60), SAP_IND_NO varchar(30), primary key (id));
create table ITEM_IC_CARD (id bigint not null unique, CREATED_BY varchar(30), CREATED_DATETIME timestamp, DEFUNCT_IND smallint, UPDATED_BY varchar(30), UPDATED_DATETIME timestamp, LAST_RECORD_DATE timestamp not null, PURCHASE_QUANTITY double not null, ID__ID bigint, PUR_ID bigint, primary key (id));
create table MATERIAL (id bigint not null unique, CREATED_BY varchar(30), CREATED_DATETIME timestamp, DEFUNCT_IND smallint, UPDATED_BY varchar(30), UPDATED_DATETIME timestamp, BASE_UNIT varchar(10) not null, EFFECTIVE_IND smallint not null, MATERIAL_CODE varchar(18) not null, MATERIAL_DESC varchar(40), ORIGINAL_SYSTEM varchar(10) not null, ORIGINAL_VENDOR_NO varchar(18), primary key (id));
create table NOTICE_DOC (id bigint not null unique, CREATED_BY varchar(30), CREATED_DATETIME timestamp, DEFUNCT_IND smallint, UPDATED_BY varchar(30), UPDATED_DATETIME timestamp, AGREEMENT_TYPE integer, AUDIT_BY varchar(10), AUDIT_IND integer not null, BASE_PRICE double not null, BASELINE_UNIT integer, CURRENCY integer, DOC_DATE timestamp not null, EFFECTIVE_END_DATE timestamp, EFFECTIVE_START_DATE timestamp not null, NOTICE_DOC_DESC varchar(60), NOTICE_DOC_NO varchar(12) not null, NOTICE_DOC_TYPE integer not null, OPERATOR varchar(10), ORIGINAL_NOTICE_DOC_NO varchar(12), REMARKS varchar(60), AGR_ID bigint, ORG_ID bigint not null, primary key (id));
create table NOTICE_IND (id bigint not null unique, CREATED_BY varchar(30), CREATED_DATETIME timestamp, DEFUNCT_IND smallint, UPDATED_BY varchar(30), UPDATED_DATETIME timestamp, ADJUSTMENT_ITEM integer, CONDIT varchar(60) not null, EXECUTING_FORMULA varchar(60) not null, WEIGHT_UNIT integer, NOT_ID bigint not null, ORG_ID bigint not null, primary key (id));
create table ORG_MATERIAL (id bigint not null unique, CREATED_BY varchar(30), CREATED_DATETIME timestamp, DEFUNCT_IND smallint, UPDATED_BY varchar(30), UPDATED_DATETIME timestamp, BILLING_RULE integer, JUMP_GROUP_NO varchar(10), MATERIAL_DESC varchar(40), MATERIAL_ID varchar(32) not null, PURCHASE_FLOW varchar(32) not null, PURCHASE_SEASON_START_DATE timestamp, RATIO_OF_SAMPLINGS varchar(10), REQUIRED_LAB_COUNT smallint not null, ORG_ID2 bigint, ORG_ID bigint, PUR_ID bigint not null, primary key (id));
create table ORG_MATERIAL_CODE (id bigint not null unique, CREATED_BY varchar(30), CREATED_DATETIME timestamp, DEFUNCT_IND smallint, UPDATED_BY varchar(30), UPDATED_DATETIME timestamp, BASE_UNIT varchar(10) not null, EFFECTIVE_IND smallint not null, MATERIAL_CODE_ID varchar(32) not null, MATERIAL_DESC varchar(40), MAT_ID bigint, PUR_ID bigint not null, primary key (id));
create table ORG_MATERIAL_IND (id bigint not null unique, CREATED_BY varchar(30), CREATED_DATETIME timestamp, DEFUNCT_IND smallint, UPDATED_BY varchar(30), UPDATED_DATETIME timestamp, CONTAIN_LIMIT smallint, CONTAIN_LOWER smallint, EFFECTIVE_IND integer, IND_CONTENT varchar(60), IND_TYPE varchar(30), RANGE_LIMIT varchar(60), RANGE_LOWER varchar(60), RANGE_TEXT varchar(60), IND_ID bigint not null, ORG_ID bigint not null, primary key (id));
create table ORG_PARAMETER (id bigint not null unique, CREATED_BY varchar(30), CREATED_DATETIME timestamp, DEFUNCT_IND smallint, UPDATED_BY varchar(30), UPDATED_DATETIME timestamp, IC_CARD_ENABLED smallint, RECEIPT_PLAN_ENABLED smallint, PUR_ID bigint not null, primary key (id));
create table ORG_PLACE_OF_PRODUCTION (id bigint not null unique, CREATED_BY varchar(30), CREATED_DATETIME timestamp, DEFUNCT_IND smallint, UPDATED_BY varchar(30), UPDATED_DATETIME timestamp, ORIGIN varchar(32) not null, PLACE_OF_PRODUCTION_ID varchar(32) not null, PUR_ID bigint not null, primary key (id));
create table ORG_VENDOR (id bigint not null unique, CREATED_BY varchar(30), CREATED_DATETIME timestamp, DEFUNCT_IND smallint, UPDATED_BY varchar(30), UPDATED_DATETIME timestamp, PUR_ID bigint, VEN_ID bigint, primary key (id));
create table PACKING_MATERIAL (id bigint not null unique, CREATED_BY varchar(30), CREATED_DATETIME timestamp, DEFUNCT_IND smallint, UPDATED_BY varchar(30), UPDATED_DATETIME timestamp, PACKING_CODE varchar(32) not null, PACKING_NAME varchar(20), UNIT smallint, WEIGHT double, WEIGHT_DEDUCTION_RATIO double, WEIGHT_DEDUCTION_TYPE smallint, PUR_ID bigint not null, primary key (id));
create table PROCESS (id bigint not null unique, CREATED_BY varchar(30), CREATED_DATETIME timestamp, DEFUNCT_IND smallint, UPDATED_BY varchar(30), UPDATED_DATETIME timestamp, PROCESS_CODE varchar(50), PROCESS_NAME varchar(200) not null, processNickName varchar(255), primary key (id));
create table PROCESS_INSTANCE (id bigint not null unique, CREATED_BY varchar(30), CREATED_DATETIME timestamp, DEFUNCT_IND smallint, UPDATED_BY varchar(30), UPDATED_DATETIME timestamp, ACTIVE smallint not null, ENTRANCE_DOC_NO varchar(12) not null, EXECUTION_ID bigint, PROCESS_ID bigint, primary key (id));
create table PROCESS_LOCENTITY (id bigint not null unique, CREATED_BY varchar(30), CREATED_DATETIME timestamp, DEFUNCT_IND smallint, UPDATED_BY varchar(30), UPDATED_DATETIME timestamp, PROCESS_NICKNAME varchar(200) not null, PURLOCENTI_ID bigint not null, PROCESS_ID bigint not null, primary key (id));
create table PROCESS_NODE (id bigint not null unique, CREATED_BY varchar(30), CREATED_DATETIME timestamp, DEFUNCT_IND smallint, UPDATED_BY varchar(30), UPDATED_DATETIME timestamp, INDEX smallint, NEXTNODE_ID bigint, ACTIVE_ID bigint, PROCESS_ID bigint, primary key (id));
create table PURCHASE_AGREEMENT (id bigint not null unique, CREATED_BY varchar(30), CREATED_DATETIME timestamp, DEFUNCT_IND smallint, UPDATED_BY varchar(30), UPDATED_DATETIME timestamp, AGREEMENT_END_DATE timestamp, AGREEMENT_START_DATE timestamp, AGREEMENT_TYPE integer, ARG_CONTRACT_NO varchar(12) not null, AUDIT_BY varchar(10), DOC_DATE timestamp, EFFECTIVE_IND integer, MERGED_BILLING_IND integer, NOTE_TYPE integer, OPERATOR varchar(10), PURCHASE_AGREEMENT_NO varchar(12) not null, QC_RESULT_AFFECTS_BILLING integer, STATUS integer not null, TOLERANCE double, VENDOR_ACCOUNT varchar(16), VENDOR_ADD_REMARKS varchar(250), VENDOR_NAME varchar(40), PUR_ID bigint not null, primary key (id));
create table PURCHASE_DOC (id bigint not null unique, CREATED_BY varchar(30), CREATED_DATETIME timestamp, DEFUNCT_IND smallint, UPDATED_BY varchar(30), UPDATED_DATETIME timestamp, AGREEMENT_PURCHASE_IND smallint, AUDIT_STATUS integer, BILLING_STATUS integer, DOC_CREATE_TYPE integer, DOC_DATE timestamp, DOC_TYPE integer, EXPORT_STATUS integer, NOTE_TYPE integer, PURCHASE_DOC_NO varchar(12) not null, VENDOR_ADD_INFO varchar(60), PUR_ID2 bigint, PUR_ID bigint not null, VEN_ID bigint not null, primary key (id));
CREATE TABLE PURCHASE_DOC_ITEM ( ID BIGINT NOT NULL, CREATED_BY VARCHAR(30), CREATED_DATETIME TIMESTAMP, DEFUNCT_IND SMALLINT, UPDATED_BY VARCHAR(30), UPDATED_DATETIME TIMESTAMP, ACTUAL_WEIGHT DOUBLE, ADJUSTED_TOTAL_AMOUNT_HAND DOUBLE, ADJUSTED_TOTAL_PRICE_SYS DOUBLE, ADJUSTED_UNIT_PRICE_HAND DOUBLE, ADJUSTED_UNIT_PRICE_SYS DOUBLE, ADJUSTED_WEIGHT_HAND DOUBLE, ADJUSTED_WEIGHT_SYS DOUBLE, AUDIT_BY VARCHAR(10), AUDIT_PERSON_NO_ACCEPTING VARCHAR(255), BASE_PRICE DOUBLE, BILLING_AMOUNT DOUBLE, BILLING_AUDIT_DATE TIMESTAMP, BILLING_DOC_ITEM_NO VARCHAR(255), BILLING_DOC_NO VARCHAR(255), BILLING_RULE INTEGER NOT NULL, BILLING_UNIT_PRICE DOUBLE, BILLING_WEIGHT DOUBLE, CURRENCY INTEGER, DOC_DATE TIMESTAMP, EXPORT_STATUS INTEGER, FEEDBACK_MESS VARCHAR(255), FIRST_ENTR_IF SMALLINT, ID_CARD_ASSOCIATED SMALLINT, LAB_COUNT INTEGER NOT NULL, LAB_RATIO VARCHAR(255), MERGED_BILLING_IND SMALLINT, NOTE_TYPE INTEGER, NOTICE_DOC_NO VARCHAR(255), OPERATOR VARCHAR(10), ORIGIN VARCHAR(10), OTHER_CLAUSE VARCHAR(250), PLANNED_WEIGHT DOUBLE, PRICING_DATE TIMESTAMP, PURCHASE_AGREE_ITEM_NO VARCHAR(255), PURCHASE_AGREE_NO VARCHAR(255), PURCHASE_DOC_ITEM BIGINT, PURCHASE_DOC_ITEM_NO BIGINT, QC_RESULT_AFFECTS_BILLING SMALLINT, REASON_FOR_ACCEPTING VARCHAR(60), SAP_DOC_NO VARCHAR(255), SKIN_WEIGHT DOUBLE, STATUS INTEGER, TALLY_BOOK_DATE TIMESTAMP, TAX_CODE VARCHAR(2), TOLERANCE DOUBLE, WEIGHT_BRIDGE_WEIGHT DOUBLE, WEIGHT_UNIT INTEGER, AGR_ID BIGINT, BIL_ID BIGINT, REAL_ORG_ID BIGINT, NOT_ID BIGINT NOT NULL, OLD_ORG_ID BIGINT, ORG_ID BIGINT NOT NULL, PUR_ID BIGINT NOT NULL, PRIMARY KEY (ID) );
create table PURCHASE_DOC_PACKING_MATERIAL (id bigint not null unique, CREATED_BY varchar(30), CREATED_DATETIME timestamp, DEFUNCT_IND smallint, UPDATED_BY varchar(30), UPDATED_DATETIME timestamp, UNIT varchar(10), WEIGHT double, WEIGHT_DEDUCTION_RATIO double, WEIGHT_DEDUCTION_TYPE smallint, PAC_ID bigint, PUR_ID bigint, primary key (id));
create table PURCHASE_ENTITY (id bigint not null unique, CREATED_BY varchar(30), CREATED_DATETIME timestamp, DEFUNCT_IND smallint, UPDATED_BY varchar(30), UPDATED_DATETIME timestamp, ADDRESS varchar(60), COMPANY_NO varchar(255), CONTACT_PERSON varchar(30), PURCHASE_ENTITY_NAME varchar(60), PURCHASE_ENTITY_NO varchar(3) not null, TELEPHONE_NO varchar(30), primary key (id));
create table PURCHASE_ENTRANCE_DOC (id bigint not null unique, CREATED_BY varchar(30), CREATED_DATETIME timestamp, DEFUNCT_IND smallint, UPDATED_BY varchar(30), UPDATED_DATETIME timestamp, BILLING_IND integer, CORRESPONDING_WEIGHT double, ENTRANCE_DOC_ITEM_NO varchar(255), ENTRANCE_DOC_NO varchar(255), GROUPED_BILLING_IND integer, PURCHASE_DOC_ITEM_NO varchar(255), PURCHASE_DOC_NO varchar(255), RELATION_GROUP_NO varchar(32), SKIN_WEIGHT double, ENT_ID bigint not null, PUR_ID bigint not null, primary key (id));
create table PURCHASE_LOC (id bigint not null unique, CREATED_BY varchar(30), CREATED_DATETIME timestamp, DEFUNCT_IND smallint, UPDATED_BY varchar(30), UPDATED_DATETIME timestamp, ADDRESS varchar(60), AGREEMENT_NO_COUNT integer, BILLING_DOCUMENT_COUNT integer, COMPANY_NO varchar(255), CONTACT_PERSON varchar(30), ENTRANCE_DOCUMENT_COUNT integer, EXCEPTION_DOCUMENT_COUNT integer, FACTORY_NO varchar(255) not null, NOTICE_DOCUMENT_COUNT integer, PURCHASE_DOCUMENT_COUNT integer, PURCHASE_GROUP varchar(255) not null, PURCHASE_LOCATION_NAME varchar(60), PURCHASE_LOCATION_NO varchar(3) not null, PURCHASE_ORG varchar(255) not null, QC_DOCUMENT_COUNT integer, TELEPHONE_NO varchar(30), WEIGHT_BRIDGE_COUNT integer, primary key (id));
create table PURCHASE_LOC_ENTITY (id bigint not null unique, CREATED_BY varchar(30), CREATED_DATETIME timestamp, DEFUNCT_IND smallint, UPDATED_BY varchar(30), UPDATED_DATETIME timestamp, IC_CARD_ENABLED smallint, PURCHASE_ENTITY_ID varchar(10), PURCHASE_LOCATION_ID varchar(10), PURCHASE_ORG_ID varchar(32), RECEIPT_PLAN_ENABLED smallint, PUR_ID2 bigint, PUR_ID bigint, primary key (id));
create table QC_DOC (id bigint not null unique, CREATED_BY varchar(30), CREATED_DATETIME timestamp, DEFUNCT_IND smallint, UPDATED_BY varchar(30), UPDATED_DATETIME timestamp, ASSOCIATED_LAB_DOC_NO varchar(30), ASSOCIATION_TYPE smallint not null, DOC_DATE timestamp, ENTRANCE_DOC_NO varchar(255), IC_CARD_NO varchar(30), LAB_INSPECTOR varchar(30), LAB_REMARKS varchar(250), MATERIAL_CODE varchar(32), MATERIAL_DESC varchar(255), ORIGIN varchar(10), ORIGINAL_MATERIAL_CODE varchar(18), PLACE_OF_ORIGIN varchar(10), QC_DATETIME timestamp, QC_DOC_NO varchar(12) not null, SAMPLE_NO varchar(20), SAMPLER varchar(30), ENT_ID bigint, primary key (id));
create table QC_RESULT (id bigint not null unique, CREATED_BY varchar(30), CREATED_DATETIME timestamp, DEFUNCT_IND smallint, UPDATED_BY varchar(30), UPDATED_DATETIME timestamp, RESULT_VAL varchar(255), ORG_IND_ID bigint, QC__ID bigint, primary key (id));
create table QC_RESULT_PRICE_ADJUSTMENT (id bigint not null unique, CREATED_BY varchar(30), CREATED_DATETIME timestamp, DEFUNCT_IND smallint, UPDATED_BY varchar(30), UPDATED_DATETIME timestamp, ADJUSTED_TOTAL_AMOUNT double, ADJUSTED_UNIT_PRICE double, ADJUSTED_WEIGHT double, ADJUSTMENT_ITEM smallint, REMARKS varchar(120), PUR_ID bigint not null, primary key (id));
create table RECEIPT_PLAN (id bigint not null unique, CREATED_BY varchar(30), CREATED_DATETIME timestamp, DEFUNCT_IND smallint, UPDATED_BY varchar(30), UPDATED_DATETIME timestamp, ACTUAL_STORAGE_BATCH varchar(10), ACTUAL_STORAGE_WAREHOUSE varchar(4), PLAN_NO integer not null, PLANNED_END_DATE timestamp, PLANNED_QUANTITY double not null, PLANNED_START_DATE timestamp not null, PLANNED_STORAGE_BATCH varchar(10), PLANNED_STORAGE_WAREHOUSE varchar(4), WEIGHT_UNIT integer, AGR_ID bigint not null, primary key (id));
create table REVINFO (REV integer generated by default as identity, REVTSTMP bigint, primary key (REV));
create table STORAGE_LOC (id bigint not null unique, CREATED_BY varchar(30), CREATED_DATETIME timestamp, DEFUNCT_IND smallint, UPDATED_BY varchar(30), UPDATED_DATETIME timestamp, ADDRESS varchar(60), CONTACT_PERSON varchar(30), STORAGE_LOC_NAME varchar(60), STORAGE_LOC_NO varchar(4) not null, TELEPHONE_NO varchar(30), PUR_ID bigint not null, primary key (id));
create table STORAGE_LOC_BATCH (id bigint not null unique, CREATED_BY varchar(30), CREATED_DATETIME timestamp, DEFUNCT_IND smallint, UPDATED_BY varchar(30), UPDATED_DATETIME timestamp, BATCH_NO varchar(10) not null, DESCRIPTION varchar(60), STO_ID bigint not null, primary key (id));
create table SYSTEM_LOG (id bigint not null unique, CREATED_BY varchar(30), CREATED_DATETIME timestamp, DEFUNCT_IND smallint, UPDATED_BY varchar(30), UPDATED_DATETIME timestamp, DOC_NO varchar(12), OPERATION_SCOPE varchar(30), OPERATION_TYPE varchar(20), REMARKS varchar(80), REMARKS_DATETIME timestamp, USER_NAME varchar(10), primary key (id));
create table StoredLog (id bigint generated by default as identity, logLevel varchar(255), logdttm timestamp, throwAbleMessage varchar(255), userMessage varchar(255), whereClass varchar(255), primary key (id));
create table USER_ORG (id bigint not null unique, CREATED_BY varchar(30), CREATED_DATETIME timestamp, DEFUNCT_IND smallint, UPDATED_BY varchar(30), UPDATED_DATETIME timestamp, PUR_ID bigint, USE_ID bigint, primary key (id));
create table VENDOR (id bigint not null unique, CREATED_BY varchar(30), CREATED_DATETIME timestamp, DEFUNCT_IND smallint, UPDATED_BY varchar(30), UPDATED_DATETIME timestamp, EFFECTIVE_IND smallint, ORIGINAL_SYSTEM varchar(10), ORIGINAL_VENDOR_NO varchar(16), REG_CITY varchar(20), REG_COUNTRY varchar(10), REG_PROVINCE varchar(20), REG_STREET_ADDRESS varchar(120), TAXPAYER_NO varchar(30), VENDOR_ACCOUNT varchar(16), VENDOR_NAME varchar(40) not null, primary key (id));
create table WEIGHT_BRIDGE_DOC (id bigint not null unique, CREATED_BY varchar(30), CREATED_DATETIME timestamp, DEFUNCT_IND smallint, UPDATED_BY varchar(30), UPDATED_DATETIME timestamp, BATCH_NO varchar(10), DOC_DATE timestamp, ENT_DOC_NO varchar(255), FIRST_WEIGHT double, PACKING_UNIT_WEIGHT double, SAP_CODE varchar(10), SECOND_WEIGHT double, STORAGE_LOC_NO varchar(4), WEIGHT_BRIDGE_DOC_NO varchar(12) not null, WEIGHT_BRIDGE_NO integer, ENT_ITEM_ID bigint not null, primary key (id));
create table WEIGHT_BRIDGE_WEIGHT_DEDUCTION (id bigint not null unique, CREATED_BY varchar(30), CREATED_DATETIME timestamp, DEFUNCT_IND smallint, UPDATED_BY varchar(30), UPDATED_DATETIME timestamp, PACKING_WEIGHT double, QUANTITY double, UNIT smallint, WEIGHT_DEDUCTION_RATIO double, WEIGHT_DEDUCTION_REQUIRED smallint, WEIGHT_DEDUCTION_TYPE smallint, PAC_ID bigint, WEI_ID bigint, primary key (id));
create table dict (id bigint not null unique, CREATED_BY varchar(30), CREATED_DATETIME timestamp, DEFUNCT_IND smallint, UPDATED_BY varchar(30), UPDATED_DATETIME timestamp, CODE varchar(30) not null, NAME varchar(30) not null, PARENT_CODE varchar(30), VALUE varchar(30), primary key (id));
create table resource (id bigint not null unique, ISMENU smallint, LEVEL varchar(255), NAME varchar(255), Number varchar(255), PARENT_ID bigint, TYPE varchar(255), URI varchar(255), primary key (id));
create table role (id bigint not null unique, is_admin smallint, description varchar(255), role_Name varchar(255), role_Scope varchar(255), state integer not null, primary key (id));
create table role_resource (id bigint not null unique, Resource_id bigint, role_id bigint, primary key (id));
create table user (id bigint not null unique, CELLPHONE_NO varchar(30), CONTACT_ADDRESS varchar(60), CONTACT_TELEPHONE_NO varchar(30), DEFUNCT_IND smallint, EMAIL varchar(240), NAME varchar(30), PURCHASE_ENTITY_NAME varchar(60), PURCHASE_LOC_NAME varchar(60), USER_NAME varchar(18) not null, primary key (id));
create table user_role (id bigint not null unique, role_id bigint, user_id bigint, primary key (id));
CREATE TABLE ITAB_NCP00_IN ( ID BIGINT NOT NULL, BUSINESS VARCHAR(4), SAP_PO VARCHAR(10), SG_ID VARCHAR(12), PRIMARY KEY (ID) );
CREATE TABLE ITAB_NCP01 ( ID BIGINT NOT NULL, BEDAT TIMESTAMP, BSART VARCHAR(4), BUKRS VARCHAR(4), EKGRP VARCHAR(3), EKORG VARCHAR(4), LIFNR VARCHAR(10), SG_ID VARCHAR(12), SUBMI VARCHAR(10), PRIMARY KEY (ID) );
CREATE TABLE ITAB_NCP02 ( ID BIGINT NOT NULL, CHARG_GI VARCHAR(4), EVERS VARCHAR(2), KMEIN VARCHAR(3), KPEIN VARCHAR(5), LGORT_GI VARCHAR(4), LGORT_GR VARCHAR(4), MATNR VARCHAR(18), MEINS INTEGER, MENGE DOUBLE, MWSKZ VARCHAR(2), NETPR DOUBLE, PO_SUB_NO INTEGER, SG_ID VARCHAR(12), WAERS INTEGER, WERKS VARCHAR(4), ITAB_NCP01_ID BIGINT, PRIMARY KEY (ID) );
CREATE TABLE ITAB_NCP03 ( ID BIGINT NOT NULL, BLDAT TIMESTAMP, BUDAT TIMESTAMP, BWART VARCHAR(3), CHARG VARCHAR(10), EBELN VARCHAR(10), LGORT VARCHAR(4), MATNR VARCHAR(18), MEINS INTEGER, MENGE DOUBLE, PO_SUB_NO INTEGER, SG_ID VARCHAR(12), SH_SUB_NO INTEGER, WBELN VARCHAR(10), WERKS VARCHAR(4), ITAB_NCP02_ID BIGINT, PRIMARY KEY (ID) );

alter table AGREEMENT_ITEM add constraint FK3B1E6C486CE0B995 foreign key (ORG_ID) references ORG_MATERIAL;
alter table AGREEMENT_ITEM add constraint FK3B1E6C481C7CE3AA foreign key (PUR_ID) references PURCHASE_AGREEMENT;
alter table AGREEMENT_ITEM_PACKING_MATERIAL add constraint FK496590B4F309166C foreign key (PAC_ID) references PACKING_MATERIAL;
alter table AGREEMENT_ITEM_PACKING_MATERIAL add constraint FK496590B47537C17F foreign key (AGR_ID) references AGREEMENT_ITEM;
alter table BILLING_DOC add constraint FK85E741346AE094E3 foreign key (PUR_ID) references PURCHASE_LOC_ENTITY;
alter table ENTRANCE_DOC add constraint FKB34680F6AE094E3 foreign key (PUR_ID) references PURCHASE_LOC_ENTITY;
alter table ENTRANCE_DOC_ITEM add constraint FK6C4275433A2E78A5 foreign key (ENT_ID) references ENTRANCE_DOC;
alter table EXCEPTION_DOCUMEMT add constraint FKC957D70C46CCFFBE foreign key (BIL_ID) references BILLING_DOC;
alter table EXCEPTION_DOCUMEMT add constraint FKC957D70C28412CB foreign key (PUR_ID) references PURCHASE_DOC_ITEM;
alter table EXCEPTION_DOCUMEMT add constraint FKC957D70C47809CD8 foreign key (ENT_ID) references ENTRANCE_DOC_ITEM;
alter table EXECUTION add constraint FK65111AF81E031A9D foreign key (NODE_ID) references PROCESS_NODE;
alter table EXECUTION add constraint FK65111AF815C1643D foreign key (INSTANCE_ID) references PROCESS_INSTANCE;
alter table IC_CARD add constraint FK8D55C3156AE094E3 foreign key (PUR_ID) references PURCHASE_LOC_ENTITY;
alter table ID_CARD add constraint FK8F0A9BB46AE094E3 foreign key (PUR_ID) references PURCHASE_LOC_ENTITY;
alter table IND_CATEGORY_MASTER add constraint FK51C18843484A008C foreign key (IND_ID) references IND_CATEGORY;
alter table IND_CATEGORY_MASTER add constraint FK51C18843CE6C914D foreign key (MASTER_ID) references IND_MASTER;
alter table ITEM_IC_CARD add constraint FK96F919E9D5B805CD foreign key (ID__ID) references ID_CARD;
alter table ITEM_IC_CARD add constraint FK96F919E928412CB foreign key (PUR_ID) references PURCHASE_DOC_ITEM;
alter table NOTICE_DOC add constraint FKD15597316CE0B995 foreign key (ORG_ID) references ORG_MATERIAL;
alter table NOTICE_DOC add constraint FKD15597317537C17F foreign key (AGR_ID) references AGREEMENT_ITEM;
alter table NOTICE_IND add constraint FKD155A9D882B8BA76 foreign key (ORG_ID) references ORG_MATERIAL_IND;
alter table NOTICE_IND add constraint FKD155A9D84F534B5B foreign key (NOT_ID) references NOTICE_DOC;
alter table ORG_MATERIAL add constraint FK1750304241CCABD5 foreign key (ORG_ID) references ORG_PLACE_OF_PRODUCTION;
alter table ORG_MATERIAL add constraint FK175030426AE094E3 foreign key (PUR_ID) references PURCHASE_LOC_ENTITY;
alter table ORG_MATERIAL add constraint FK17503042D45BDE68 foreign key (ORG_ID2) references ORG_MATERIAL_CODE;
alter table ORG_MATERIAL_CODE add constraint FK594807CA6F3030ED foreign key (MAT_ID) references MATERIAL;
alter table ORG_MATERIAL_CODE add constraint FK594807CA6AE094E3 foreign key (PUR_ID) references PURCHASE_LOC_ENTITY;
alter table ORG_MATERIAL_IND add constraint FK97868A42BF8CC64E foreign key (IND_ID) references IND_CATEGORY_MASTER;
alter table ORG_MATERIAL_IND add constraint FK97868A426CE0B995 foreign key (ORG_ID) references ORG_MATERIAL;
alter table ORG_PARAMETER add constraint FK1E9B4BCE6AE094E3 foreign key (PUR_ID) references PURCHASE_LOC_ENTITY;
alter table ORG_PLACE_OF_PRODUCTION add constraint FK1933B4CE6AE094E3 foreign key (PUR_ID) references PURCHASE_LOC_ENTITY;
alter table ORG_VENDOR add constraint FKE82A7F2324C9D6F foreign key (VEN_ID) references VENDOR;
alter table ORG_VENDOR add constraint FKE82A7F236AE094E3 foreign key (PUR_ID) references PURCHASE_LOC_ENTITY;
alter table PACKING_MATERIAL add constraint FKE14D819D6AE094E3 foreign key (PUR_ID) references PURCHASE_LOC_ENTITY;
alter table PROCESS_INSTANCE add constraint FK4792348524948E6E foreign key (PROCESS_ID) references PROCESS;
alter table PROCESS_LOCENTITY add constraint FK6820751324948E6E foreign key (PROCESS_ID) references PROCESS;
alter table PROCESS_NODE add constraint FK2AFCDF2474BBB6F foreign key (ACTIVE_ID) references ACTIVITY;
alter table PROCESS_NODE add constraint FK2AFCDF224948E6E foreign key (PROCESS_ID) references PROCESS;
alter table PURCHASE_AGREEMENT add constraint FK3887C42C6AE094E3 foreign key (PUR_ID) references PURCHASE_LOC_ENTITY;
alter table PURCHASE_DOC add constraint FK1C46C4DA24C9D6F foreign key (VEN_ID) references VENDOR;
alter table PURCHASE_DOC add constraint FK1C46C4DA6AE094E3 foreign key (PUR_ID) references PURCHASE_LOC_ENTITY;
alter table PURCHASE_DOC add constraint FK1C46C4DA498C4662 foreign key (PUR_ID2) references PURCHASE_AGREEMENT;
alter table PURCHASE_DOC_ITEM add constraint FK8EB15F586CE0B995 foreign key (ORG_ID) references ORG_MATERIAL;
alter table PURCHASE_DOC_ITEM add constraint FK8EB15F5846CCFFBE foreign key (BIL_ID) references BILLING_DOC;
alter table PURCHASE_DOC_ITEM add constraint FK8EB15F587F6EE118 foreign key (PUR_ID) references PURCHASE_DOC;
alter table PURCHASE_DOC_ITEM add constraint FK8EB15F584F534B5B foreign key (NOT_ID) references NOTICE_DOC;
alter table PURCHASE_DOC_ITEM add constraint FK8EB15F58BE0EEF56 foreign key (REAL_ORG_ID) references ORG_MATERIAL;
alter table PURCHASE_DOC_ITEM add constraint FK8EB15F587537C17F foreign key (AGR_ID) references AGREEMENT_ITEM;
alter table PURCHASE_DOC_ITEM add constraint FK8EB15F581AFD1EAD foreign key (OLD_ORG_ID) references ORG_MATERIAL;
alter table PURCHASE_DOC_PACKING_MATERIAL add constraint FK1E2B2E6228412CB foreign key (PUR_ID) references PURCHASE_DOC_ITEM;
alter table PURCHASE_DOC_PACKING_MATERIAL add constraint FK1E2B2E62F309166C foreign key (PAC_ID) references PACKING_MATERIAL;
alter table PURCHASE_ENTRANCE_DOC add constraint FKB1D8C68D28412CB foreign key (PUR_ID) references PURCHASE_DOC_ITEM;
alter table PURCHASE_ENTRANCE_DOC add constraint FKB1D8C68D47809CD8 foreign key (ENT_ID) references ENTRANCE_DOC_ITEM;
alter table PURCHASE_LOC_ENTITY add constraint FK43014FE07F6EFF20 foreign key (PUR_ID) references PURCHASE_LOC;
alter table PURCHASE_LOC_ENTITY add constraint FK43014FE0EE36B4F5 foreign key (PUR_ID2) references PURCHASE_ENTITY;
alter table QC_DOC add constraint FK8E14E96B47809CD8 foreign key (ENT_ID) references ENTRANCE_DOC_ITEM;
alter table QC_RESULT add constraint FK4AE696EAB74DDFE7 foreign key (QC__ID) references QC_DOC;
alter table QC_RESULT add constraint FK4AE696EAD79C7156 foreign key (ORG_IND_ID) references ORG_MATERIAL_IND;
alter table QC_RESULT_PRICE_ADJUSTMENT add constraint FK35A28EF828412CB foreign key (PUR_ID) references PURCHASE_DOC_ITEM;
alter table RECEIPT_PLAN add constraint FK3A154CF07537C17F foreign key (AGR_ID) references AGREEMENT_ITEM;
alter table STORAGE_LOC add constraint FK61137F3C6AE094E3 foreign key (PUR_ID) references PURCHASE_LOC_ENTITY;
alter table STORAGE_LOC_BATCH add constraint FK4A0B6457633BBFFD foreign key (STO_ID) references STORAGE_LOC;
alter table USER_ORG add constraint FK1ED768506AE094E3 foreign key (PUR_ID) references PURCHASE_LOC_ENTITY;
alter table USER_ORG add constraint FK1ED76850CDAFE80A foreign key (USE_ID) references user;
alter table WEIGHT_BRIDGE_DOC add constraint FKF87AC7898460AE5C foreign key (ENT_ITEM_ID) references ENTRANCE_DOC_ITEM;
alter table WEIGHT_BRIDGE_WEIGHT_DEDUCTION add constraint FKC2282C6DBA6E2CEA foreign key (WEI_ID) references WEIGHT_BRIDGE_DOC;
alter table WEIGHT_BRIDGE_WEIGHT_DEDUCTION add constraint FKC2282C6DF309166C foreign key (PAC_ID) references PACKING_MATERIAL;
alter table ZMM_NCP02 add constraint FKEE908B784A29FE77 foreign key (ZMM_ID) references ZMM_NCP01;
alter table ZMM_NCP03 add constraint FKEE908B79DB952574 foreign key (ZMM_ID) references ZMM_NCP02;
alter table role_resource add constraint FKAEE599B751952766 foreign key (role_id) references role;
alter table role_resource add constraint FKAEE599B7D310CA66 foreign key (Resource_id) references resource;
alter table user_role add constraint FK143BF46A51952766 foreign key (role_id) references role;
alter table user_role add constraint FK143BF46AF6BFEB46 foreign key (user_id) references user;
create table ID_GEN ( sequence_name varchar(255) not null ,  next_val bigint, primary key ( sequence_name ) ) ;



--系统必要的初始化数据



insert into ACTIVITY (ID, NAME, URL, DEFUNCT_IND, CREATED_BY, CREATED_DATETIME, UPDATED_BY, UPDATED_DATETIME) values (1, '开收购单', null, 0, null, null, null, null);
insert into ACTIVITY (ID, NAME, URL, DEFUNCT_IND, CREATED_BY, CREATED_DATETIME, UPDATED_BY, UPDATED_DATETIME) values (2, '入场登记', null, 0, null, null, null, null);
insert into ACTIVITY (ID, NAME, URL, DEFUNCT_IND, CREATED_BY, CREATED_DATETIME, UPDATED_BY, UPDATED_DATETIME) values (3, '过首磅', null, 0, null, null, null, null);
insert into ACTIVITY (ID, NAME, URL, DEFUNCT_IND, CREATED_BY, CREATED_DATETIME, UPDATED_BY, UPDATED_DATETIME) values (4, '抽样/质检', null, 0, null, null, null, null);
insert into ACTIVITY (ID, NAME, URL, DEFUNCT_IND, CREATED_BY, CREATED_DATETIME, UPDATED_BY, UPDATED_DATETIME) values (5, '卸货/过磅', null, 0, null, null, null, null);
insert into ACTIVITY (ID, NAME, URL, DEFUNCT_IND, CREATED_BY, CREATED_DATETIME, UPDATED_BY, UPDATED_DATETIME) values (6, '结算', null, 0, null, null, null, null);
insert into ACTIVITY (ID, NAME, URL, DEFUNCT_IND, CREATED_BY, CREATED_DATETIME, UPDATED_BY, UPDATED_DATETIME) values (7, '抽样/复检', null, 0, null, null, null, null);
insert into ACTIVITY (ID, NAME, URL, DEFUNCT_IND, CREATED_BY, CREATED_DATETIME, UPDATED_BY, UPDATED_DATETIME) values (8, '关联收购单', null, 0, null, null, null, null);

insert into DICT (ID, CREATED_BY, CREATED_DATETIME, DEFUNCT_IND, UPDATED_BY, UPDATED_DATETIME, CODE, NAME, PARENT_CODE, VALUE) values (2, null, null, null, null, null, 'N0102', 'CNY', 'N0101', '1');
insert into DICT (ID, CREATED_BY, CREATED_DATETIME, DEFUNCT_IND, UPDATED_BY, UPDATED_DATETIME, CODE, NAME, PARENT_CODE, VALUE) values (3, null, null, null, null, null, 'N0103', 'USD', 'N0101', '2');
insert into DICT (ID, CREATED_BY, CREATED_DATETIME, DEFUNCT_IND, UPDATED_BY, UPDATED_DATETIME, CODE, NAME, PARENT_CODE, VALUE) values (90, null, null, null, null, null, 'N1002', '单次检验', 'N1001', '1');
insert into DICT (ID, CREATED_BY, CREATED_DATETIME, DEFUNCT_IND, UPDATED_BY, UPDATED_DATETIME, CODE, NAME, PARENT_CODE, VALUE) values (5, null, null, null, null, null, 'N0201', '通知单类型', null, '0');
insert into DICT (ID, CREATED_BY, CREATED_DATETIME, DEFUNCT_IND, UPDATED_BY, UPDATED_DATETIME, CODE, NAME, PARENT_CODE, VALUE) values (6, null, null, null, null, null, 'N0202', '主数据价格通知单', 'N0201', '1');
insert into DICT (ID, CREATED_BY, CREATED_DATETIME, DEFUNCT_IND, UPDATED_BY, UPDATED_DATETIME, CODE, NAME, PARENT_CODE, VALUE) values (7, null, null, null, null, null, 'N0203', '协议数据价格通知单', 'N0201', '2');
insert into DICT (ID, CREATED_BY, CREATED_DATETIME, DEFUNCT_IND, UPDATED_BY, UPDATED_DATETIME, CODE, NAME, PARENT_CODE, VALUE) values (8, null, null, null, null, null, 'N0301', '审核状态', null, '0');
insert into DICT (ID, CREATED_BY, CREATED_DATETIME, DEFUNCT_IND, UPDATED_BY, UPDATED_DATETIME, CODE, NAME, PARENT_CODE, VALUE) values (9, null, null, null, null, null, 'N0302', '未提交审核', 'N0301', '1');
insert into DICT (ID, CREATED_BY, CREATED_DATETIME, DEFUNCT_IND, UPDATED_BY, UPDATED_DATETIME, CODE, NAME, PARENT_CODE, VALUE) values (10, null, null, null, null, null, 'N0303', '待审核', 'N0301', '2');
insert into DICT (ID, CREATED_BY, CREATED_DATETIME, DEFUNCT_IND, UPDATED_BY, UPDATED_DATETIME, CODE, NAME, PARENT_CODE, VALUE) values (11, null, null, null, null, null, 'N0304', '已审核', 'N0301', '3');
insert into DICT (ID, CREATED_BY, CREATED_DATETIME, DEFUNCT_IND, UPDATED_BY, UPDATED_DATETIME, CODE, NAME, PARENT_CODE, VALUE) values (12, null, null, null, null, null, 'N0401', '有效期范围', null, '0');
insert into DICT (ID, CREATED_BY, CREATED_DATETIME, DEFUNCT_IND, UPDATED_BY, UPDATED_DATETIME, CODE, NAME, PARENT_CODE, VALUE) values (14, null, null, null, null, null, 'N0402', '有效期内', 'N0401', '1');
insert into DICT (ID, CREATED_BY, CREATED_DATETIME, DEFUNCT_IND, UPDATED_BY, UPDATED_DATETIME, CODE, NAME, PARENT_CODE, VALUE) values (15, null, null, null, null, null, 'N0403', '有效期外', 'N0401', '2');
insert into DICT (ID, CREATED_BY, CREATED_DATETIME, DEFUNCT_IND, UPDATED_BY, UPDATED_DATETIME, CODE, NAME, PARENT_CODE, VALUE) values (16, null, null, null, null, null, 'N0501', '基准单位', null, '0');
insert into DICT (ID, CREATED_BY, CREATED_DATETIME, DEFUNCT_IND, UPDATED_BY, UPDATED_DATETIME, CODE, NAME, PARENT_CODE, VALUE) values (17, null, null, null, null, null, 'N0502', '公斤', 'N0501', '1');
insert into DICT (ID, CREATED_BY, CREATED_DATETIME, DEFUNCT_IND, UPDATED_BY, UPDATED_DATETIME, CODE, NAME, PARENT_CODE, VALUE) values (18, null, null, null, null, null, 'N0503', '吨', 'N0501', '2');
insert into DICT (ID, CREATED_BY, CREATED_DATETIME, DEFUNCT_IND, UPDATED_BY, UPDATED_DATETIME, CODE, NAME, PARENT_CODE, VALUE) values (19, null, null, null, null, null, 'N0601', '调整项目', null, '0');
insert into DICT (ID, CREATED_BY, CREATED_DATETIME, DEFUNCT_IND, UPDATED_BY, UPDATED_DATETIME, CODE, NAME, PARENT_CODE, VALUE) values (20, null, null, null, null, null, 'N0602', '重量', 'N0601', '1');
insert into DICT (ID, CREATED_BY, CREATED_DATETIME, DEFUNCT_IND, UPDATED_BY, UPDATED_DATETIME, CODE, NAME, PARENT_CODE, VALUE) values (21, null, null, null, null, null, 'N0603', '总金额', 'N0601', '2');
insert into DICT (ID, CREATED_BY, CREATED_DATETIME, DEFUNCT_IND, UPDATED_BY, UPDATED_DATETIME, CODE, NAME, PARENT_CODE, VALUE) values (22, null, null, null, null, null, 'N0604', '单价', 'N0601', '3');
insert into DICT (ID, CREATED_BY, CREATED_DATETIME, DEFUNCT_IND, UPDATED_BY, UPDATED_DATETIME, CODE, NAME, PARENT_CODE, VALUE) values (1, null, null, null, null, null, 'N0101', '币种', '', '0');
insert into DICT (ID, CREATED_BY, CREATED_DATETIME, DEFUNCT_IND, UPDATED_BY, UPDATED_DATETIME, CODE, NAME, PARENT_CODE, VALUE) values (23, null, null, null, null, null, 'N0701', '单据类型', null, '0');
insert into DICT (ID, CREATED_BY, CREATED_DATETIME, DEFUNCT_IND, UPDATED_BY, UPDATED_DATETIME, CODE, NAME, PARENT_CODE, VALUE) values (24, null, null, null, null, null, 'N0702', '收购单', 'N0701', '1');
insert into DICT (ID, CREATED_BY, CREATED_DATETIME, DEFUNCT_IND, UPDATED_BY, UPDATED_DATETIME, CODE, NAME, PARENT_CODE, VALUE) values (25, null, null, null, null, null, 'N0703', '代收代储移库单', 'N0701', '2');
insert into DICT (ID, CREATED_BY, CREATED_DATETIME, DEFUNCT_IND, UPDATED_BY, UPDATED_DATETIME, CODE, NAME, PARENT_CODE, VALUE) values (26, null, null, null, null, null, 'N0801', '票据类型', null, '0');
insert into DICT (ID, CREATED_BY, CREATED_DATETIME, DEFUNCT_IND, UPDATED_BY, UPDATED_DATETIME, CODE, NAME, PARENT_CODE, VALUE) values (27, null, null, null, null, null, 'N0802', '增票', 'N0801', '1');
insert into DICT (ID, CREATED_BY, CREATED_DATETIME, DEFUNCT_IND, UPDATED_BY, UPDATED_DATETIME, CODE, NAME, PARENT_CODE, VALUE) values (28, null, null, null, null, null, 'N0803', '自采票', 'N0801', '2');
insert into DICT (ID, CREATED_BY, CREATED_DATETIME, DEFUNCT_IND, UPDATED_BY, UPDATED_DATETIME, CODE, NAME, PARENT_CODE, VALUE) values (29, null, null, null, null, null, 'N0804', '普票', 'N0801', '3');
insert into DICT (ID, CREATED_BY, CREATED_DATETIME, DEFUNCT_IND, UPDATED_BY, UPDATED_DATETIME, CODE, NAME, PARENT_CODE, VALUE) values (30, null, null, null, null, null, 'N0901', '结算状态', null, '0');
insert into DICT (ID, CREATED_BY, CREATED_DATETIME, DEFUNCT_IND, UPDATED_BY, UPDATED_DATETIME, CODE, NAME, PARENT_CODE, VALUE) values (31, null, null, null, null, null, 'N0902', '未结算', 'N0901', '1');
insert into DICT (ID, CREATED_BY, CREATED_DATETIME, DEFUNCT_IND, UPDATED_BY, UPDATED_DATETIME, CODE, NAME, PARENT_CODE, VALUE) values (32, null, null, null, null, null, 'N0903', '部分结算', 'N0901', '2');
insert into DICT (ID, CREATED_BY, CREATED_DATETIME, DEFUNCT_IND, UPDATED_BY, UPDATED_DATETIME, CODE, NAME, PARENT_CODE, VALUE) values (33, null, null, null, null, null, 'N0904', '已结算，未转入ERP', 'N0901', '3');
insert into DICT (ID, CREATED_BY, CREATED_DATETIME, DEFUNCT_IND, UPDATED_BY, UPDATED_DATETIME, CODE, NAME, PARENT_CODE, VALUE) values (34, null, null, null, null, null, 'N0905', '已导入ERP', 'N0901', '4');
insert into DICT (ID, CREATED_BY, CREATED_DATETIME, DEFUNCT_IND, UPDATED_BY, UPDATED_DATETIME, CODE, NAME, PARENT_CODE, VALUE) values (35, null, null, null, null, null, 'N1001', '结算规则', null, '0');
insert into DICT (ID, CREATED_BY, CREATED_DATETIME, DEFUNCT_IND, UPDATED_BY, UPDATED_DATETIME, CODE, NAME, PARENT_CODE, VALUE) values (36, null, null, null, null, null, 'N1004', '按抽样比例加权平均', 'N1001', '3');
insert into DICT (ID, CREATED_BY, CREATED_DATETIME, DEFUNCT_IND, UPDATED_BY, UPDATED_DATETIME, CODE, NAME, PARENT_CODE, VALUE) values (37, null, null, null, null, null, 'N1005', '按检验指标算术平均', 'N1001', '4');
insert into DICT (ID, CREATED_BY, CREATED_DATETIME, DEFUNCT_IND, UPDATED_BY, UPDATED_DATETIME, CODE, NAME, PARENT_CODE, VALUE) values (38, null, null, null, null, null, 'N1006', '特殊情况', 'N1001', '5');
insert into DICT (ID, CREATED_BY, CREATED_DATETIME, DEFUNCT_IND, UPDATED_BY, UPDATED_DATETIME, CODE, NAME, PARENT_CODE, VALUE) values (39, null, null, null, null, null, 'N1101', '导出状态', null, '0');
insert into DICT (ID, CREATED_BY, CREATED_DATETIME, DEFUNCT_IND, UPDATED_BY, UPDATED_DATETIME, CODE, NAME, PARENT_CODE, VALUE) values (40, null, null, null, null, null, 'N1102', '未传入ERP', 'N1101', '1');
insert into DICT (ID, CREATED_BY, CREATED_DATETIME, DEFUNCT_IND, UPDATED_BY, UPDATED_DATETIME, CODE, NAME, PARENT_CODE, VALUE) values (41, null, null, null, null, null, 'N1103', '已导入ERP', 'N1101', '2');
insert into DICT (ID, CREATED_BY, CREATED_DATETIME, DEFUNCT_IND, UPDATED_BY, UPDATED_DATETIME, CODE, NAME, PARENT_CODE, VALUE) values (42, null, null, null, null, null, 'N1201', '车辆状态', null, '0');
insert into DICT (ID, CREATED_BY, CREATED_DATETIME, DEFUNCT_IND, UPDATED_BY, UPDATED_DATETIME, CODE, NAME, PARENT_CODE, VALUE) values (43, null, null, null, null, null, 'N1202', '已入场', 'N1201', '1');
insert into DICT (ID, CREATED_BY, CREATED_DATETIME, DEFUNCT_IND, UPDATED_BY, UPDATED_DATETIME, CODE, NAME, PARENT_CODE, VALUE) values (44, null, null, null, null, null, 'N1203', '排队中', 'N1201', '2');
insert into DICT (ID, CREATED_BY, CREATED_DATETIME, DEFUNCT_IND, UPDATED_BY, UPDATED_DATETIME, CODE, NAME, PARENT_CODE, VALUE) values (45, null, null, null, null, null, 'N1301', '原系统', null, '0');
insert into DICT (ID, CREATED_BY, CREATED_DATETIME, DEFUNCT_IND, UPDATED_BY, UPDATED_DATETIME, CODE, NAME, PARENT_CODE, VALUE) values (46, null, null, null, null, null, 'N1302', 'SAP', 'N1301', '1');
insert into DICT (ID, CREATED_BY, CREATED_DATETIME, DEFUNCT_IND, UPDATED_BY, UPDATED_DATETIME, CODE, NAME, PARENT_CODE, VALUE) values (47, null, null, null, null, null, 'N1303', 'EAS', 'N1301', '2');
insert into DICT (ID, CREATED_BY, CREATED_DATETIME, DEFUNCT_IND, UPDATED_BY, UPDATED_DATETIME, CODE, NAME, PARENT_CODE, VALUE) values (48, null, null, null, null, null, 'N1401', '地磅号', null, '0');
insert into DICT (ID, CREATED_BY, CREATED_DATETIME, DEFUNCT_IND, UPDATED_BY, UPDATED_DATETIME, CODE, NAME, PARENT_CODE, VALUE) values (49, null, null, null, null, null, 'N1402', 'A-号地磅', 'N1401', '1');
insert into DICT (ID, CREATED_BY, CREATED_DATETIME, DEFUNCT_IND, UPDATED_BY, UPDATED_DATETIME, CODE, NAME, PARENT_CODE, VALUE) values (50, null, null, null, null, null, 'N1403', 'B-号地磅', 'N1401', '2');
insert into DICT (ID, CREATED_BY, CREATED_DATETIME, DEFUNCT_IND, UPDATED_BY, UPDATED_DATETIME, CODE, NAME, PARENT_CODE, VALUE) values (51, null, null, null, null, null, 'N1501', '扣重类型', null, '0');
insert into DICT (ID, CREATED_BY, CREATED_DATETIME, DEFUNCT_IND, UPDATED_BY, UPDATED_DATETIME, CODE, NAME, PARENT_CODE, VALUE) values (52, null, null, null, null, null, 'N1502', '数量扣重', 'N1501', '1');
insert into DICT (ID, CREATED_BY, CREATED_DATETIME, DEFUNCT_IND, UPDATED_BY, UPDATED_DATETIME, CODE, NAME, PARENT_CODE, VALUE) values (53, null, null, null, null, null, 'N1503', '比例扣重', 'N1501', '2');
insert into DICT (ID, CREATED_BY, CREATED_DATETIME, DEFUNCT_IND, UPDATED_BY, UPDATED_DATETIME, CODE, NAME, PARENT_CODE, VALUE) values (54, null, null, null, null, null, 'N1601', '是否', null, '0');
insert into DICT (ID, CREATED_BY, CREATED_DATETIME, DEFUNCT_IND, UPDATED_BY, UPDATED_DATETIME, CODE, NAME, PARENT_CODE, VALUE) values (55, null, null, null, null, null, 'N1602', '是', 'N1601', '1');
insert into DICT (ID, CREATED_BY, CREATED_DATETIME, DEFUNCT_IND, UPDATED_BY, UPDATED_DATETIME, CODE, NAME, PARENT_CODE, VALUE) values (56, null, null, null, null, null, 'N1603', '否', 'N1601', '2');
insert into DICT (ID, CREATED_BY, CREATED_DATETIME, DEFUNCT_IND, UPDATED_BY, UPDATED_DATETIME, CODE, NAME, PARENT_CODE, VALUE) values (57, null, null, null, null, null, 'N1701', '身份证关联状态', null, '0');
insert into DICT (ID, CREATED_BY, CREATED_DATETIME, DEFUNCT_IND, UPDATED_BY, UPDATED_DATETIME, CODE, NAME, PARENT_CODE, VALUE) values (58, null, null, null, null, null, 'N1702', '全部', 'N1701', '1');
insert into DICT (ID, CREATED_BY, CREATED_DATETIME, DEFUNCT_IND, UPDATED_BY, UPDATED_DATETIME, CODE, NAME, PARENT_CODE, VALUE) values (59, null, null, null, null, null, 'N1703', '关联未完成', 'N1701', '2');
insert into DICT (ID, CREATED_BY, CREATED_DATETIME, DEFUNCT_IND, UPDATED_BY, UPDATED_DATETIME, CODE, NAME, PARENT_CODE, VALUE) values (60, null, null, null, null, null, 'N1704', '关联已完成', 'N1701', '3');
insert into DICT (ID, CREATED_BY, CREATED_DATETIME, DEFUNCT_IND, UPDATED_BY, UPDATED_DATETIME, CODE, NAME, PARENT_CODE, VALUE) values (61, null, null, null, null, null, 'N1801', '身份证导入规则', null, '0');
insert into DICT (ID, CREATED_BY, CREATED_DATETIME, DEFUNCT_IND, UPDATED_BY, UPDATED_DATETIME, CODE, NAME, PARENT_CODE, VALUE) values (62, null, null, null, null, null, 'N1802', '按指定量导入', 'N1801', '1');
insert into DICT (ID, CREATED_BY, CREATED_DATETIME, DEFUNCT_IND, UPDATED_BY, UPDATED_DATETIME, CODE, NAME, PARENT_CODE, VALUE) values (63, null, null, null, null, null, 'N1803', '平均分配余量', 'N1801', '2');
insert into DICT (ID, CREATED_BY, CREATED_DATETIME, DEFUNCT_IND, UPDATED_BY, UPDATED_DATETIME, CODE, NAME, PARENT_CODE, VALUE) values (64, null, null, null, null, null, 'N0704', '货权交接单', 'N0701', '3');
insert into DICT (ID, CREATED_BY, CREATED_DATETIME, DEFUNCT_IND, UPDATED_BY, UPDATED_DATETIME, CODE, NAME, PARENT_CODE, VALUE) values (65, null, null, null, null, null, 'N0305', '退回待修改', 'N0301', '4');
insert into DICT (ID, CREATED_BY, CREATED_DATETIME, DEFUNCT_IND, UPDATED_BY, UPDATED_DATETIME, CODE, NAME, PARENT_CODE, VALUE) values (66, null, null, null, null, null, 'N2001', '指标类型', '', '0');
insert into DICT (ID, CREATED_BY, CREATED_DATETIME, DEFUNCT_IND, UPDATED_BY, UPDATED_DATETIME, CODE, NAME, PARENT_CODE, VALUE) values (67, null, null, null, null, null, 'N2002', '文本', 'N2001', '1');
insert into DICT (ID, CREATED_BY, CREATED_DATETIME, DEFUNCT_IND, UPDATED_BY, UPDATED_DATETIME, CODE, NAME, PARENT_CODE, VALUE) values (68, null, null, null, null, null, 'N2003', '数值', 'N2001', '2');
insert into DICT (ID, CREATED_BY, CREATED_DATETIME, DEFUNCT_IND, UPDATED_BY, UPDATED_DATETIME, CODE, NAME, PARENT_CODE, VALUE) values (69, null, null, null, null, null, 'N2101', '收购协议类型', null, '0');
insert into DICT (ID, CREATED_BY, CREATED_DATETIME, DEFUNCT_IND, UPDATED_BY, UPDATED_DATETIME, CODE, NAME, PARENT_CODE, VALUE) values (70, null, null, null, null, null, 'N2102', '普通协议', 'N2101', '1');
insert into DICT (ID, CREATED_BY, CREATED_DATETIME, DEFUNCT_IND, UPDATED_BY, UPDATED_DATETIME, CODE, NAME, PARENT_CODE, VALUE) values (71, null, null, null, null, null, 'N2103', '待收待储', 'N2101', '2');
insert into DICT (ID, CREATED_BY, CREATED_DATETIME, DEFUNCT_IND, UPDATED_BY, UPDATED_DATETIME, CODE, NAME, PARENT_CODE, VALUE) values (72, null, null, null, null, null, 'N1901', '是否 有效', null, '0');
insert into DICT (ID, CREATED_BY, CREATED_DATETIME, DEFUNCT_IND, UPDATED_BY, UPDATED_DATETIME, CODE, NAME, PARENT_CODE, VALUE) values (74, null, null, null, null, null, 'N1903', '无效', 'N1901', '2');
insert into DICT (ID, CREATED_BY, CREATED_DATETIME, DEFUNCT_IND, UPDATED_BY, UPDATED_DATETIME, CODE, NAME, PARENT_CODE, VALUE) values (73, null, null, null, null, null, 'N1902', '有效', 'N1901', '1');
insert into DICT (ID, CREATED_BY, CREATED_DATETIME, DEFUNCT_IND, UPDATED_BY, UPDATED_DATETIME, CODE, NAME, PARENT_CODE, VALUE) values (91, null, null, null, null, null, 'N1003', '复检为准', 'N1001', '2');
insert into DICT (ID, CREATED_BY, CREATED_DATETIME, DEFUNCT_IND, UPDATED_BY, UPDATED_DATETIME, CODE, NAME, PARENT_CODE, VALUE) values (92, null, null, null, null, null, 'N2201', 'IC卡状态', null, '0');
insert into DICT (ID, CREATED_BY, CREATED_DATETIME, DEFUNCT_IND, UPDATED_BY, UPDATED_DATETIME, CODE, NAME, PARENT_CODE, VALUE) values (93, null, null, null, null, null, 'N2202', '使用中', 'N2201', '2');
insert into DICT (ID, CREATED_BY, CREATED_DATETIME, DEFUNCT_IND, UPDATED_BY, UPDATED_DATETIME, CODE, NAME, PARENT_CODE, VALUE) values (94, null, null, null, null, null, 'N2203', '可使用', 'N2201', '1');
insert into DICT (ID, CREATED_BY, CREATED_DATETIME, DEFUNCT_IND, UPDATED_BY, UPDATED_DATETIME, CODE, NAME, PARENT_CODE, VALUE) values (95, null, null, null, null, null, 'N2204', '回收中', 'N2201', '0');
insert into DICT (ID, CREATED_BY, CREATED_DATETIME, DEFUNCT_IND, UPDATED_BY, UPDATED_DATETIME, CODE, NAME, PARENT_CODE, VALUE) values (96, null, null, null, null, null, 'N2301', 'IC卡有效性', null, null);
insert into DICT (ID, CREATED_BY, CREATED_DATETIME, DEFUNCT_IND, UPDATED_BY, UPDATED_DATETIME, CODE, NAME, PARENT_CODE, VALUE) values (97, null, null, null, null, null, 'N2302', '有效', 'N2301', '1');
insert into DICT (ID, CREATED_BY, CREATED_DATETIME, DEFUNCT_IND, UPDATED_BY, UPDATED_DATETIME, CODE, NAME, PARENT_CODE, VALUE) values (98, null, null, null, null, null, 'N2303', '无效', 'N2301', '0');
insert into DICT (ID, CREATED_BY, CREATED_DATETIME, DEFUNCT_IND, UPDATED_BY, UPDATED_DATETIME, CODE, NAME, PARENT_CODE, VALUE) values (100, null, null, null, null, null, 'N2402', '男', 'N2401', '1');
insert into DICT (ID, CREATED_BY, CREATED_DATETIME, DEFUNCT_IND, UPDATED_BY, UPDATED_DATETIME, CODE, NAME, PARENT_CODE, VALUE) values (101, null, null, null, null, null, 'N2403', '女', 'N2401', '2');
insert into DICT (ID, CREATED_BY, CREATED_DATETIME, DEFUNCT_IND, UPDATED_BY, UPDATED_DATETIME, CODE, NAME, PARENT_CODE, VALUE) values (99, null, null, null, null, null, 'N2401', '性别', null, '0');

insert into PROCESS (ID, PROCESS_CODE, PROCESS_NAME, DEFUNCT_IND, CREATED_BY, CREATED_DATETIME, UPDATED_BY, UPDATED_DATETIME, PROCESSNICKNAME) values (1, 'LC0000001', '先开单，单次检验', 0, null, null, null, null, null);
insert into PROCESS (ID, PROCESS_CODE, PROCESS_NAME, DEFUNCT_IND, CREATED_BY, CREATED_DATETIME, UPDATED_BY, UPDATED_DATETIME, PROCESSNICKNAME) values (2, 'LC0000002', '先检验，后开单，双次检验', 0, null, null, null, null, null);
insert into PROCESS (ID, PROCESS_CODE, PROCESS_NAME, DEFUNCT_IND, CREATED_BY, CREATED_DATETIME, UPDATED_BY, UPDATED_DATETIME, PROCESSNICKNAME) values (3, 'LC0000003', '先初检，后开单，单次检验', 0, null, null, null, null, null);
insert into PROCESS (ID, PROCESS_CODE, PROCESS_NAME, DEFUNCT_IND, CREATED_BY, CREATED_DATETIME, UPDATED_BY, UPDATED_DATETIME, PROCESSNICKNAME) values (5, 'LC0000005', '智能流程', 0, null, null, null, null, null);
insert into PROCESS_NODE (ID, ACTIVE_ID, PROCESS_ID, NEXTNODE_ID, INDEX, DEFUNCT_IND, CREATED_BY, CREATED_DATETIME, UPDATED_BY, UPDATED_DATETIME) values (1, 1, 1, 2, 1, 0, null, null, null, null);
insert into PROCESS_NODE (ID, ACTIVE_ID, PROCESS_ID, NEXTNODE_ID, INDEX, DEFUNCT_IND, CREATED_BY, CREATED_DATETIME, UPDATED_BY, UPDATED_DATETIME) values (2, 2, 1, 3, 2, 0, null, null, null, null);
insert into PROCESS_NODE (ID, ACTIVE_ID, PROCESS_ID, NEXTNODE_ID, INDEX, DEFUNCT_IND, CREATED_BY, CREATED_DATETIME, UPDATED_BY, UPDATED_DATETIME) values (3, 8, 1, 4, 3, 0, null, null, null, null);
insert into PROCESS_NODE (ID, ACTIVE_ID, PROCESS_ID, NEXTNODE_ID, INDEX, DEFUNCT_IND, CREATED_BY, CREATED_DATETIME, UPDATED_BY, UPDATED_DATETIME) values (4, 3, 1, 5, 4, 0, null, null, null, null);
insert into PROCESS_NODE (ID, ACTIVE_ID, PROCESS_ID, NEXTNODE_ID, INDEX, DEFUNCT_IND, CREATED_BY, CREATED_DATETIME, UPDATED_BY, UPDATED_DATETIME) values (5, 4, 1, 6, 5, 0, null, null, null, null);
insert into PROCESS_NODE (ID, ACTIVE_ID, PROCESS_ID, NEXTNODE_ID, INDEX, DEFUNCT_IND, CREATED_BY, CREATED_DATETIME, UPDATED_BY, UPDATED_DATETIME) values (6, 5, 1, 7, 6, 0, null, null, null, null);
insert into PROCESS_NODE (ID, ACTIVE_ID, PROCESS_ID, NEXTNODE_ID, INDEX, DEFUNCT_IND, CREATED_BY, CREATED_DATETIME, UPDATED_BY, UPDATED_DATETIME) values (7, 6, 1, null, 7, 0, null, null, null, null);
insert into PROCESS_NODE (ID, ACTIVE_ID, PROCESS_ID, NEXTNODE_ID, INDEX, DEFUNCT_IND, CREATED_BY, CREATED_DATETIME, UPDATED_BY, UPDATED_DATETIME) values (8, 2, 2, 9, 1, 0, null, null, null, null);
insert into PROCESS_NODE (ID, ACTIVE_ID, PROCESS_ID, NEXTNODE_ID, INDEX, DEFUNCT_IND, CREATED_BY, CREATED_DATETIME, UPDATED_BY, UPDATED_DATETIME) values (9, 4, 2, 10, 2, 0, null, null, null, null);
insert into PROCESS_NODE (ID, ACTIVE_ID, PROCESS_ID, NEXTNODE_ID, INDEX, DEFUNCT_IND, CREATED_BY, CREATED_DATETIME, UPDATED_BY, UPDATED_DATETIME) values (10, 1, 2, 11, 3, 0, null, null, null, null);
insert into PROCESS_NODE (ID, ACTIVE_ID, PROCESS_ID, NEXTNODE_ID, INDEX, DEFUNCT_IND, CREATED_BY, CREATED_DATETIME, UPDATED_BY, UPDATED_DATETIME) values (11, 3, 2, 12, 4, 0, null, null, null, null);
insert into PROCESS_NODE (ID, ACTIVE_ID, PROCESS_ID, NEXTNODE_ID, INDEX, DEFUNCT_IND, CREATED_BY, CREATED_DATETIME, UPDATED_BY, UPDATED_DATETIME) values (12, 5, 2, 13, 5, 0, null, null, null, null);
insert into PROCESS_NODE (ID, ACTIVE_ID, PROCESS_ID, NEXTNODE_ID, INDEX, DEFUNCT_IND, CREATED_BY, CREATED_DATETIME, UPDATED_BY, UPDATED_DATETIME) values (13, 7, 2, 14, 6, 0, null, null, null, null);
insert into PROCESS_NODE (ID, ACTIVE_ID, PROCESS_ID, NEXTNODE_ID, INDEX, DEFUNCT_IND, CREATED_BY, CREATED_DATETIME, UPDATED_BY, UPDATED_DATETIME) values (14, 5, 2, 15, 7, 0, null, null, null, null);
insert into PROCESS_NODE (ID, ACTIVE_ID, PROCESS_ID, NEXTNODE_ID, INDEX, DEFUNCT_IND, CREATED_BY, CREATED_DATETIME, UPDATED_BY, UPDATED_DATETIME) values (15, 6, 2, null, 8, 0, null, null, null, null);
insert into PROCESS_NODE (ID, ACTIVE_ID, PROCESS_ID, NEXTNODE_ID, INDEX, DEFUNCT_IND, CREATED_BY, CREATED_DATETIME, UPDATED_BY, UPDATED_DATETIME) values (16, 2, 3, 17, 1, 0, null, null, null, null);
insert into PROCESS_NODE (ID, ACTIVE_ID, PROCESS_ID, NEXTNODE_ID, INDEX, DEFUNCT_IND, CREATED_BY, CREATED_DATETIME, UPDATED_BY, UPDATED_DATETIME) values (17, 4, 3, 18, 2, 0, null, null, null, null);
insert into PROCESS_NODE (ID, ACTIVE_ID, PROCESS_ID, NEXTNODE_ID, INDEX, DEFUNCT_IND, CREATED_BY, CREATED_DATETIME, UPDATED_BY, UPDATED_DATETIME) values (18, 1, 3, 19, 3, 0, null, null, null, null);
insert into PROCESS_NODE (ID, ACTIVE_ID, PROCESS_ID, NEXTNODE_ID, INDEX, DEFUNCT_IND, CREATED_BY, CREATED_DATETIME, UPDATED_BY, UPDATED_DATETIME) values (19, 3, 3, 20, 4, 0, null, null, null, null);
insert into PROCESS_NODE (ID, ACTIVE_ID, PROCESS_ID, NEXTNODE_ID, INDEX, DEFUNCT_IND, CREATED_BY, CREATED_DATETIME, UPDATED_BY, UPDATED_DATETIME) values (20, 5, 3, 21, 5, 0, null, null, null, null);
insert into PROCESS_NODE (ID, ACTIVE_ID, PROCESS_ID, NEXTNODE_ID, INDEX, DEFUNCT_IND, CREATED_BY, CREATED_DATETIME, UPDATED_BY, UPDATED_DATETIME) values (21, 6, 3, null, 6, 0, null, null, null, null);

insert into RESOURCE (ID, ISMENU, LEVEL, NAME, NUMBER, PARENT_ID, TYPE, URI) values (1, 0, '0', '后台配置', 'M1', 0, 'url', '');
insert into RESOURCE (ID, ISMENU, LEVEL, NAME, NUMBER, PARENT_ID, TYPE, URI) values (2, 0, '1', '组织用户管理', 'M101', 1, null, null);
insert into RESOURCE (ID, ISMENU, LEVEL, NAME, NUMBER, PARENT_ID, TYPE, URI) values (3, 1, '2', '用户管理', 'M10101', 2, 'url', '/faces/permissions/user/list.xhtml');
insert into RESOURCE (ID, ISMENU, LEVEL, NAME, NUMBER, PARENT_ID, TYPE, URI) values (4, 0, '3', '组织用户分配', 'M1010101', 3, 'component', '');
insert into RESOURCE (ID, ISMENU, LEVEL, NAME, NUMBER, PARENT_ID, TYPE, URI) values (5, 0, '3', '查询', 'M1010102', 3, 'component', '');
insert into RESOURCE (ID, ISMENU, LEVEL, NAME, NUMBER, PARENT_ID, TYPE, URI) values (6, 0, '3', '查看', 'M1010103', 3, 'component', '');
insert into RESOURCE (ID, ISMENU, LEVEL, NAME, NUMBER, PARENT_ID, TYPE, URI) values (7, 0, '3', '角色设置', 'M1010104', 3, 'component', '');
insert into RESOURCE (ID, ISMENU, LEVEL, NAME, NUMBER, PARENT_ID, TYPE, URI) values (8, 0, '3', '组织分配', 'M1010105', 3, 'component', '');
insert into RESOURCE (ID, ISMENU, LEVEL, NAME, NUMBER, PARENT_ID, TYPE, URI) values (9, 1, '2', '组织用户批量分配', 'M10102', 2, 'url', '/faces/permissions/user/user-org.xhtml');
insert into RESOURCE (ID, ISMENU, LEVEL, NAME, NUMBER, PARENT_ID, TYPE, URI) values (10, 0, '3', '查询', 'M1010201', 9, 'component', '');
insert into RESOURCE (ID, ISMENU, LEVEL, NAME, NUMBER, PARENT_ID, TYPE, URI) values (11, 0, '3', '用户管理', 'M1010202', 9, 'component', '');
insert into RESOURCE (ID, ISMENU, LEVEL, NAME, NUMBER, PARENT_ID, TYPE, URI) values (12, 0, '3', '批量分配', 'M1010203', 9, 'component', '');
insert into RESOURCE (ID, ISMENU, LEVEL, NAME, NUMBER, PARENT_ID, TYPE, URI) values (13, 1, '2', '角色管理', 'M10103', 2, 'url', '/faces/permissions/role/list.xhtml');
insert into RESOURCE (ID, ISMENU, LEVEL, NAME, NUMBER, PARENT_ID, TYPE, URI) values (14, 0, '3', '添加角色', 'M1010301', 13, 'component', '');
insert into RESOURCE (ID, ISMENU, LEVEL, NAME, NUMBER, PARENT_ID, TYPE, URI) values (15, 0, '3', '查询', 'M1010302', 13, 'component', '');
insert into RESOURCE (ID, ISMENU, LEVEL, NAME, NUMBER, PARENT_ID, TYPE, URI) values (16, 0, '3', '编辑', 'M1010303', 13, 'component', '');
insert into RESOURCE (ID, ISMENU, LEVEL, NAME, NUMBER, PARENT_ID, TYPE, URI) values (17, 0, '3', '查看', 'M1010304', 13, 'component', '');
insert into RESOURCE (ID, ISMENU, LEVEL, NAME, NUMBER, PARENT_ID, TYPE, URI) values (18, 0, '3', '删除', 'M1010305', 13, 'component', '');
insert into RESOURCE (ID, ISMENU, LEVEL, NAME, NUMBER, PARENT_ID, TYPE, URI) values (19, 0, '3', '角色资源设置', 'M1010306', 13, 'component', '');
insert into RESOURCE (ID, ISMENU, LEVEL, NAME, NUMBER, PARENT_ID, TYPE, URI) values (20, 1, '2', '收购点管理', 'M10104', 2, 'url', '/faces/purchaseLoc/list.xhtml');
insert into RESOURCE (ID, ISMENU, LEVEL, NAME, NUMBER, PARENT_ID, TYPE, URI) values (21, 0, '3', '添加收购点', 'M1010401', 20, 'component', '');
insert into RESOURCE (ID, ISMENU, LEVEL, NAME, NUMBER, PARENT_ID, TYPE, URI) values (22, 0, '3', '收购点详细', 'M1010402', 20, 'component', '');
insert into RESOURCE (ID, ISMENU, LEVEL, NAME, NUMBER, PARENT_ID, TYPE, URI) values (23, 0, '3', '编辑收购点', 'M1010403', 20, 'component', '');
insert into RESOURCE (ID, ISMENU, LEVEL, NAME, NUMBER, PARENT_ID, TYPE, URI) values (24, 0, '3', '删除收购点', 'M1010404', 20, 'component', '');
insert into RESOURCE (ID, ISMENU, LEVEL, NAME, NUMBER, PARENT_ID, TYPE, URI) values (25, 1, '2', '收购方管理', 'M10105', 2, 'url', '/faces/purchaseEntity/list.xhtml');
insert into RESOURCE (ID, ISMENU, LEVEL, NAME, NUMBER, PARENT_ID, TYPE, URI) values (26, 0, '3', '添加收购方', 'M1010501', 25, 'component', '');
insert into RESOURCE (ID, ISMENU, LEVEL, NAME, NUMBER, PARENT_ID, TYPE, URI) values (27, 0, '3', '收购方详细', 'M1010502', 25, 'component', '');
insert into RESOURCE (ID, ISMENU, LEVEL, NAME, NUMBER, PARENT_ID, TYPE, URI) values (28, 0, '3', '编辑收购方', 'M1010503', 25, 'component', '');
insert into RESOURCE (ID, ISMENU, LEVEL, NAME, NUMBER, PARENT_ID, TYPE, URI) values (29, 0, '3', '删除收购方', 'M1010504', 25, 'component', '');
insert into RESOURCE (ID, ISMENU, LEVEL, NAME, NUMBER, PARENT_ID, TYPE, URI) values (30, 1, '2', '收购组织管理', 'M10106', 2, 'url', '/faces/purchaseLocEntity/list.xhtml');
insert into RESOURCE (ID, ISMENU, LEVEL, NAME, NUMBER, PARENT_ID, TYPE, URI) values (31, 0, '3', '添加收购组织', 'M1010601', 30, 'component', '');
insert into RESOURCE (ID, ISMENU, LEVEL, NAME, NUMBER, PARENT_ID, TYPE, URI) values (39, 0, '2', '角色资源', 'M10109', 2, 'url', '/faces/permissions/role/resource-role.xhtml');
insert into RESOURCE (ID, ISMENU, LEVEL, NAME, NUMBER, PARENT_ID, TYPE, URI) values (40, 0, '3', '角色管理', 'M1010901', 39, 'component', '');
insert into RESOURCE (ID, ISMENU, LEVEL, NAME, NUMBER, PARENT_ID, TYPE, URI) values (41, 0, '1', '基础数据管理', 'M102', 1, null, null);
insert into RESOURCE (ID, ISMENU, LEVEL, NAME, NUMBER, PARENT_ID, TYPE, URI) values (42, 1, '2', '添加包装物', 'M10201', 41, 'url', '/faces/packingMaterial/input.xhtml');
insert into RESOURCE (ID, ISMENU, LEVEL, NAME, NUMBER, PARENT_ID, TYPE, URI) values (43, 1, '2', '包装物管理', 'M10202', 41, 'url', '/faces/packingMaterial/list.xhtml');
insert into RESOURCE (ID, ISMENU, LEVEL, NAME, NUMBER, PARENT_ID, TYPE, URI) values (44, 0, '3', '查看包装物', 'M1020201', 43, 'component', '');
insert into RESOURCE (ID, ISMENU, LEVEL, NAME, NUMBER, PARENT_ID, TYPE, URI) values (45, 0, '3', '添加包装物', 'M1020202', 43, 'component', '');
insert into RESOURCE (ID, ISMENU, LEVEL, NAME, NUMBER, PARENT_ID, TYPE, URI) values (46, 0, '3', '修改包装物', 'M1020203', 43, 'component', '');
insert into RESOURCE (ID, ISMENU, LEVEL, NAME, NUMBER, PARENT_ID, TYPE, URI) values (47, 0, '3', '删除包装物', 'M1020204', 43, 'component', '');
insert into RESOURCE (ID, ISMENU, LEVEL, NAME, NUMBER, PARENT_ID, TYPE, URI) values (48, 1, '2', '添加库存地', 'M10203', 41, 'url', '/faces/storageLoc/input.xhtml');
insert into RESOURCE (ID, ISMENU, LEVEL, NAME, NUMBER, PARENT_ID, TYPE, URI) values (49, 1, '2', '库存地管理', 'M10204', 41, 'url', '/faces/storageLoc/list.xhtml');
insert into RESOURCE (ID, ISMENU, LEVEL, NAME, NUMBER, PARENT_ID, TYPE, URI) values (50, 0, '3', '查看库存地', 'M1020401', 49, 'component', '');
insert into RESOURCE (ID, ISMENU, LEVEL, NAME, NUMBER, PARENT_ID, TYPE, URI) values (51, 0, '3', '添加库存地', 'M1020402', 49, 'component', '');
insert into RESOURCE (ID, ISMENU, LEVEL, NAME, NUMBER, PARENT_ID, TYPE, URI) values (52, 0, '3', '修改库存地', 'M1020403', 49, 'component', '');
insert into RESOURCE (ID, ISMENU, LEVEL, NAME, NUMBER, PARENT_ID, TYPE, URI) values (53, 0, '3', '删除库存地', 'M1020404', 49, 'component', '');
insert into RESOURCE (ID, ISMENU, LEVEL, NAME, NUMBER, PARENT_ID, TYPE, URI) values (54, 1, '2', 'IC卡管理', 'M10205', 41, 'url', '/faces/icCard/list.xhtml');
insert into RESOURCE (ID, ISMENU, LEVEL, NAME, NUMBER, PARENT_ID, TYPE, URI) values (55, 0, '3', '查看IC卡', 'M1020501', 54, 'component', '');
insert into RESOURCE (ID, ISMENU, LEVEL, NAME, NUMBER, PARENT_ID, TYPE, URI) values (56, 0, '3', '添加IC卡', 'M1020502', 54, 'component', '');
insert into RESOURCE (ID, ISMENU, LEVEL, NAME, NUMBER, PARENT_ID, TYPE, URI) values (57, 0, '3', 'IC卡状态设置', 'M1020503', 54, 'component', '');
insert into RESOURCE (ID, ISMENU, LEVEL, NAME, NUMBER, PARENT_ID, TYPE, URI) values (58, 0, '3', '删除IC卡', 'M1020504', 54, 'component', '');
insert into RESOURCE (ID, ISMENU, LEVEL, NAME, NUMBER, PARENT_ID, TYPE, URI) values (59, 0, '1', '供应商管理', 'M103', 1, null, null);
insert into RESOURCE (ID, ISMENU, LEVEL, NAME, NUMBER, PARENT_ID, TYPE, URI) values (60, 1, '2', '供应商管理', 'M10301', 59, 'url', '/faces/vendor/list.xhtml');
insert into RESOURCE (ID, ISMENU, LEVEL, NAME, NUMBER, PARENT_ID, TYPE, URI) values (61, 0, '3', '查看供应商', 'M1030101', 60, 'component', '');
insert into RESOURCE (ID, ISMENU, LEVEL, NAME, NUMBER, PARENT_ID, TYPE, URI) values (62, 0, '3', '添加供应商', 'M1030102', 60, 'component', '');
insert into RESOURCE (ID, ISMENU, LEVEL, NAME, NUMBER, PARENT_ID, TYPE, URI) values (63, 0, '3', '修改供应商', 'M1030103', 60, 'component', '');
insert into RESOURCE (ID, ISMENU, LEVEL, NAME, NUMBER, PARENT_ID, TYPE, URI) values (64, 0, '3', '删除供应商', 'M1030104', 60, 'component', '');
insert into RESOURCE (ID, ISMENU, LEVEL, NAME, NUMBER, PARENT_ID, TYPE, URI) values (65, 0, '3', '查看组织下的供应商', 'M1030105', 60, 'component', '');
insert into RESOURCE (ID, ISMENU, LEVEL, NAME, NUMBER, PARENT_ID, TYPE, URI) values (66, 0, '3', '分配组织下的供应商', 'M1030106', 60, 'component', '');
insert into RESOURCE (ID, ISMENU, LEVEL, NAME, NUMBER, PARENT_ID, TYPE, URI) values (67, 0, '3', '删除组织下的供应商', 'M1030107', 60, 'component', '');
insert into RESOURCE (ID, ISMENU, LEVEL, NAME, NUMBER, PARENT_ID, TYPE, URI) values (68, 0, '1', '物料指标管理', 'M104', 1, null, null);
insert into RESOURCE (ID, ISMENU, LEVEL, NAME, NUMBER, PARENT_ID, TYPE, URI) values (69, 1, '2', '指标类别管理', 'M10401', 68, 'url', '/faces/indCategory/list.xhtml');
insert into RESOURCE (ID, ISMENU, LEVEL, NAME, NUMBER, PARENT_ID, TYPE, URI) values (70, 0, '3', '查看指标类别', 'M1040101', 69, 'component', '');
insert into RESOURCE (ID, ISMENU, LEVEL, NAME, NUMBER, PARENT_ID, TYPE, URI) values (71, 0, '3', '添加指标类别', 'M1040102', 69, 'component', '');
insert into RESOURCE (ID, ISMENU, LEVEL, NAME, NUMBER, PARENT_ID, TYPE, URI) values (72, 0, '3', '修改指标类别', 'M1040103', 69, 'component', '');
insert into RESOURCE (ID, ISMENU, LEVEL, NAME, NUMBER, PARENT_ID, TYPE, URI) values (73, 0, '3', '删除指标类别', 'M1040104', 69, 'component', '');
insert into RESOURCE (ID, ISMENU, LEVEL, NAME, NUMBER, PARENT_ID, TYPE, URI) values (32, 0, '3', '收购组织详细', 'M1010602', 30, 'component', '');
insert into RESOURCE (ID, ISMENU, LEVEL, NAME, NUMBER, PARENT_ID, TYPE, URI) values (33, 0, '3', '编辑收购组织', 'M1010603', 30, 'component', '');
insert into RESOURCE (ID, ISMENU, LEVEL, NAME, NUMBER, PARENT_ID, TYPE, URI) values (34, 0, '3', '删除收购组织', 'M1010604', 30, 'component', '');
insert into RESOURCE (ID, ISMENU, LEVEL, NAME, NUMBER, PARENT_ID, TYPE, URI) values (35, 0, '2', '角色设置', 'M10107', 2, 'url', '/faces/permissions/user/user-role.xhtml');
insert into RESOURCE (ID, ISMENU, LEVEL, NAME, NUMBER, PARENT_ID, TYPE, URI) values (36, 0, '3', '用户管理', 'M1010701', 35, 'component', '');
insert into RESOURCE (ID, ISMENU, LEVEL, NAME, NUMBER, PARENT_ID, TYPE, URI) values (37, 0, '2', '组织分配', 'M10108', 2, 'url', '/faces/permissions/user/user-org.xhtml');
insert into RESOURCE (ID, ISMENU, LEVEL, NAME, NUMBER, PARENT_ID, TYPE, URI) values (38, 0, '3', '用户管理', 'M1010801', 37, 'component', '');
insert into RESOURCE (ID, ISMENU, LEVEL, NAME, NUMBER, PARENT_ID, TYPE, URI) values (81, 0, '3', '指标主数据状态设置', 'M1040206', 75, 'component', '');
insert into RESOURCE (ID, ISMENU, LEVEL, NAME, NUMBER, PARENT_ID, TYPE, URI) values (82, 1, '2', '指标主数据类别管理', 'M10403', 68, 'url', '/faces/indMaster/icm-list.xhtml');
insert into RESOURCE (ID, ISMENU, LEVEL, NAME, NUMBER, PARENT_ID, TYPE, URI) values (83, 0, '3', '查看指标主数据类别', 'M1040301', 82, 'component', '');
insert into RESOURCE (ID, ISMENU, LEVEL, NAME, NUMBER, PARENT_ID, TYPE, URI) values (84, 0, '3', '添加指标主数据类别', 'M1040302', 82, 'component', '');
insert into RESOURCE (ID, ISMENU, LEVEL, NAME, NUMBER, PARENT_ID, TYPE, URI) values (85, 0, '3', '修改指标主数据类别', 'M1040303', 82, 'component', '');
insert into RESOURCE (ID, ISMENU, LEVEL, NAME, NUMBER, PARENT_ID, TYPE, URI) values (86, 0, '3', '删除指标主数据类别', 'M1040304', 82, 'component', '');
insert into RESOURCE (ID, ISMENU, LEVEL, NAME, NUMBER, PARENT_ID, TYPE, URI) values (87, 1, '2', '组织下物料指标管理', 'M10404', 68, 'url', '/faces/orgMaterialInd/list.xhtml');
insert into RESOURCE (ID, ISMENU, LEVEL, NAME, NUMBER, PARENT_ID, TYPE, URI) values (88, 0, '3', '查看组织下物料的指标', 'M1040401', 87, 'component', '');
insert into RESOURCE (ID, ISMENU, LEVEL, NAME, NUMBER, PARENT_ID, TYPE, URI) values (89, 0, '3', '设置组织下物料的指标', 'M1040402', 87, 'component', '');
insert into RESOURCE (ID, ISMENU, LEVEL, NAME, NUMBER, PARENT_ID, TYPE, URI) values (90, 0, '3', '分配指标组织下物料的指标', 'M1040403', 87, 'component', '');
insert into RESOURCE (ID, ISMENU, LEVEL, NAME, NUMBER, PARENT_ID, TYPE, URI) values (91, 0, '3', '修改组织下物料的指标', 'M1040404', 87, 'component', '');
insert into RESOURCE (ID, ISMENU, LEVEL, NAME, NUMBER, PARENT_ID, TYPE, URI) values (92, 0, '3', '删除组织下物料的指标', 'M1040405', 87, 'component', '');
insert into RESOURCE (ID, ISMENU, LEVEL, NAME, NUMBER, PARENT_ID, TYPE, URI) values (93, 1, '2', '组织下物料管理', 'M10405', 68, 'url', '/faces/orgMaterial/list.xhtml');
insert into RESOURCE (ID, ISMENU, LEVEL, NAME, NUMBER, PARENT_ID, TYPE, URI) values (94, 0, '3', '查询', 'M1040501', 93, 'component', '');
insert into RESOURCE (ID, ISMENU, LEVEL, NAME, NUMBER, PARENT_ID, TYPE, URI) values (95, 0, '3', '设置', 'M1040502', 93, 'component', '');
insert into RESOURCE (ID, ISMENU, LEVEL, NAME, NUMBER, PARENT_ID, TYPE, URI) values (96, 0, '2', '维护组织下的物料', 'M10406', 68, 'url', '/faces/orgMaterial/input.xhtml');
insert into RESOURCE (ID, ISMENU, LEVEL, NAME, NUMBER, PARENT_ID, TYPE, URI) values (97, 0, '3', '查询组织下物料', 'M1040601', 96, 'component', '');
insert into RESOURCE (ID, ISMENU, LEVEL, NAME, NUMBER, PARENT_ID, TYPE, URI) values (98, 0, '3', '查询', 'M1040602', 96, 'component', '');
insert into RESOURCE (ID, ISMENU, LEVEL, NAME, NUMBER, PARENT_ID, TYPE, URI) values (99, 0, '3', '设置跳转组', 'M1040603', 96, 'component', '');
insert into RESOURCE (ID, ISMENU, LEVEL, NAME, NUMBER, PARENT_ID, TYPE, URI) values (100, 0, '3', '添加物料', 'M1040604', 96, 'component', '');
insert into RESOURCE (ID, ISMENU, LEVEL, NAME, NUMBER, PARENT_ID, TYPE, URI) values (101, 0, '3', '修改', 'M1040605', 96, 'component', '');
insert into RESOURCE (ID, ISMENU, LEVEL, NAME, NUMBER, PARENT_ID, TYPE, URI) values (102, 0, '3', '删除', 'M1040606', 96, 'component', '');
insert into RESOURCE (ID, ISMENU, LEVEL, NAME, NUMBER, PARENT_ID, TYPE, URI) values (103, 0, '1', '物料管理', 'M105', 1, null, null);
insert into RESOURCE (ID, ISMENU, LEVEL, NAME, NUMBER, PARENT_ID, TYPE, URI) values (104, 1, '2', '物料主数据管理', 'M10501', 103, 'url', '/faces/material/index.xhtml');
insert into RESOURCE (ID, ISMENU, LEVEL, NAME, NUMBER, PARENT_ID, TYPE, URI) values (105, 0, '3', '查询', 'M1050101', 104, 'component', '');
insert into RESOURCE (ID, ISMENU, LEVEL, NAME, NUMBER, PARENT_ID, TYPE, URI) values (106, 0, '3', '添加物料', 'M1050102', 104, 'component', '');
insert into RESOURCE (ID, ISMENU, LEVEL, NAME, NUMBER, PARENT_ID, TYPE, URI) values (107, 0, '3', '修改', 'M1050103', 104, 'component', '');
insert into RESOURCE (ID, ISMENU, LEVEL, NAME, NUMBER, PARENT_ID, TYPE, URI) values (108, 0, '3', '删除', 'M1050104', 104, 'component', '');
insert into RESOURCE (ID, ISMENU, LEVEL, NAME, NUMBER, PARENT_ID, TYPE, URI) values (109, 1, '2', '组织下物料代码管理', 'M10502', 103, 'url', '/faces/orgMaterialCode/list.xhtml');
insert into RESOURCE (ID, ISMENU, LEVEL, NAME, NUMBER, PARENT_ID, TYPE, URI) values (110, 0, '3', '查询', 'M1050201', 109, 'component', '');
insert into RESOURCE (ID, ISMENU, LEVEL, NAME, NUMBER, PARENT_ID, TYPE, URI) values (111, 0, '3', '分配', 'M1050202', 109, 'component', '');
insert into RESOURCE (ID, ISMENU, LEVEL, NAME, NUMBER, PARENT_ID, TYPE, URI) values (112, 1, '2', '组织下产地管理', 'M10503', 103, 'url', '/faces/orgPlaceOfProduction/list.xhtml');
insert into RESOURCE (ID, ISMENU, LEVEL, NAME, NUMBER, PARENT_ID, TYPE, URI) values (113, 0, '3', '查询', 'M1050301', 112, 'component', '');
insert into RESOURCE (ID, ISMENU, LEVEL, NAME, NUMBER, PARENT_ID, TYPE, URI) values (114, 0, '3', '维护', 'M1050302', 112, 'component', '');
insert into RESOURCE (ID, ISMENU, LEVEL, NAME, NUMBER, PARENT_ID, TYPE, URI) values (74, 0, '3', '指标类别状态设置', 'M1040105', 69, 'component', '');
insert into RESOURCE (ID, ISMENU, LEVEL, NAME, NUMBER, PARENT_ID, TYPE, URI) values (75, 1, '2', '指标主数据管理', 'M10402', 68, 'url', '/faces/indMaster/list.xhtml');
insert into RESOURCE (ID, ISMENU, LEVEL, NAME, NUMBER, PARENT_ID, TYPE, URI) values (76, 0, '3', '查看指标主数据', 'M1040201', 75, 'component', '');
insert into RESOURCE (ID, ISMENU, LEVEL, NAME, NUMBER, PARENT_ID, TYPE, URI) values (77, 0, '3', '添加指标主数据', 'M1040202', 75, 'component', '');
insert into RESOURCE (ID, ISMENU, LEVEL, NAME, NUMBER, PARENT_ID, TYPE, URI) values (78, 0, '3', '修改指标主数据', 'M1040203', 75, 'component', '');
insert into RESOURCE (ID, ISMENU, LEVEL, NAME, NUMBER, PARENT_ID, TYPE, URI) values (79, 0, '3', '删除指标主数据', 'M1040204', 75, 'component', '');
insert into RESOURCE (ID, ISMENU, LEVEL, NAME, NUMBER, PARENT_ID, TYPE, URI) values (80, 0, '3', '查看指标主数据', 'M1040205', 75, 'component', '');
insert into RESOURCE (ID, ISMENU, LEVEL, NAME, NUMBER, PARENT_ID, TYPE, URI) values (125, 0, '1', '收购协议管理', 'M201', 124, null, null);
insert into RESOURCE (ID, ISMENU, LEVEL, NAME, NUMBER, PARENT_ID, TYPE, URI) values (126, 1, '2', '添加收购协议', 'M20101', 125, 'url', '/faces/purchaseAgreement/input.xhtml');
insert into RESOURCE (ID, ISMENU, LEVEL, NAME, NUMBER, PARENT_ID, TYPE, URI) values (127, 0, '3', '创建协议', 'M2010101', 126, 'component', '');
insert into RESOURCE (ID, ISMENU, LEVEL, NAME, NUMBER, PARENT_ID, TYPE, URI) values (128, 0, '3', '收购协议管理', 'M2010102', 126, 'component', '');
insert into RESOURCE (ID, ISMENU, LEVEL, NAME, NUMBER, PARENT_ID, TYPE, URI) values (129, 1, '2', '收购协议管理', 'M20102', 125, 'url', '/faces/purchaseAgreement/list.xhtml?flag=1');
insert into RESOURCE (ID, ISMENU, LEVEL, NAME, NUMBER, PARENT_ID, TYPE, URI) values (130, 0, '3', '添加收购协议', 'M2010201', 129, 'component', '');
insert into RESOURCE (ID, ISMENU, LEVEL, NAME, NUMBER, PARENT_ID, TYPE, URI) values (131, 0, '3', '查询', 'M2010202', 129, 'component', '');
insert into RESOURCE (ID, ISMENU, LEVEL, NAME, NUMBER, PARENT_ID, TYPE, URI) values (132, 0, '3', '编辑', 'M2010203', 129, 'component', '');
insert into RESOURCE (ID, ISMENU, LEVEL, NAME, NUMBER, PARENT_ID, TYPE, URI) values (133, 0, '3', '审核', 'M2010204', 129, 'component', '');
insert into RESOURCE (ID, ISMENU, LEVEL, NAME, NUMBER, PARENT_ID, TYPE, URI) values (134, 0, '3', '开收购单', 'M2010205', 129, 'component', '');
insert into RESOURCE (ID, ISMENU, LEVEL, NAME, NUMBER, PARENT_ID, TYPE, URI) values (135, 0, '3', '查看', 'M2010206', 129, 'component', '');
insert into RESOURCE (ID, ISMENU, LEVEL, NAME, NUMBER, PARENT_ID, TYPE, URI) values (136, 0, '3', '删除', 'M2010207', 129, 'component', '');
insert into RESOURCE (ID, ISMENU, LEVEL, NAME, NUMBER, PARENT_ID, TYPE, URI) values (137, 1, '2', '收购协议复制', 'M20103', 125, 'url', '/faces/purchaseAgreement/list.xhtml?flag=2');
insert into RESOURCE (ID, ISMENU, LEVEL, NAME, NUMBER, PARENT_ID, TYPE, URI) values (138, 0, '3', '查询', 'M2010301', 137, 'component', '');
insert into RESOURCE (ID, ISMENU, LEVEL, NAME, NUMBER, PARENT_ID, TYPE, URI) values (139, 0, '3', '复制', 'M2010302', 137, 'component', '');
insert into RESOURCE (ID, ISMENU, LEVEL, NAME, NUMBER, PARENT_ID, TYPE, URI) values (140, 0, '2', '收购协议编辑', 'M20104', 125, 'url', '/faces/purchaseAgreement/edit.xhtml');
insert into RESOURCE (ID, ISMENU, LEVEL, NAME, NUMBER, PARENT_ID, TYPE, URI) values (141, 0, '3', '收购协议管理', 'M2010401', 140, 'component', '');
insert into RESOURCE (ID, ISMENU, LEVEL, NAME, NUMBER, PARENT_ID, TYPE, URI) values (142, 0, '3', '添加协议项目', 'M2010402', 140, 'component', '');
insert into RESOURCE (ID, ISMENU, LEVEL, NAME, NUMBER, PARENT_ID, TYPE, URI) values (143, 0, '3', '协议项目编辑', 'M2010403', 140, 'component', '');
insert into RESOURCE (ID, ISMENU, LEVEL, NAME, NUMBER, PARENT_ID, TYPE, URI) values (144, 0, '3', '添加协议删除', 'M2010404', 140, 'component', '');
insert into RESOURCE (ID, ISMENU, LEVEL, NAME, NUMBER, PARENT_ID, TYPE, URI) values (145, 0, '3', '上传', 'M2010405', 140, 'component', '');
insert into RESOURCE (ID, ISMENU, LEVEL, NAME, NUMBER, PARENT_ID, TYPE, URI) values (146, 0, '3', '下载', 'M2010406', 140, 'component', '');
insert into RESOURCE (ID, ISMENU, LEVEL, NAME, NUMBER, PARENT_ID, TYPE, URI) values (147, 0, '3', '打印', 'M2010407', 140, 'component', '');
insert into RESOURCE (ID, ISMENU, LEVEL, NAME, NUMBER, PARENT_ID, TYPE, URI) values (148, 0, '3', '保存', 'M2010408', 140, 'component', '');
insert into RESOURCE (ID, ISMENU, LEVEL, NAME, NUMBER, PARENT_ID, TYPE, URI) values (149, 0, '3', '提交审核', 'M2010409', 140, 'component', '');
insert into RESOURCE (ID, ISMENU, LEVEL, NAME, NUMBER, PARENT_ID, TYPE, URI) values (150, 0, '2', '协议项目编辑', 'M20105', 125, 'url', '/faces/agreementItem/edit-tab.xhtml');
insert into RESOURCE (ID, ISMENU, LEVEL, NAME, NUMBER, PARENT_ID, TYPE, URI) values (151, 0, '3', '收购协议管理', 'M2010501', 150, 'component', '');
insert into RESOURCE (ID, ISMENU, LEVEL, NAME, NUMBER, PARENT_ID, TYPE, URI) values (152, 0, '3', '协议项目保存', 'M2010502', 150, 'component', '');
insert into RESOURCE (ID, ISMENU, LEVEL, NAME, NUMBER, PARENT_ID, TYPE, URI) values (153, 0, '3', '添加收货计划', 'M2010503', 150, 'component', '');
insert into RESOURCE (ID, ISMENU, LEVEL, NAME, NUMBER, PARENT_ID, TYPE, URI) values (154, 0, '3', '收货计划保存', 'M2010504', 150, 'component', '');
insert into RESOURCE (ID, ISMENU, LEVEL, NAME, NUMBER, PARENT_ID, TYPE, URI) values (155, 0, '3', '收货计划编辑', 'M2010505', 150, 'component', '');
insert into RESOURCE (ID, ISMENU, LEVEL, NAME, NUMBER, PARENT_ID, TYPE, URI) values (156, 0, '3', '收货计划删除', 'M2010506', 150, 'component', '');
insert into RESOURCE (ID, ISMENU, LEVEL, NAME, NUMBER, PARENT_ID, TYPE, URI) values (157, 0, '3', '添加包装物', 'M2010507', 150, 'component', '');
insert into RESOURCE (ID, ISMENU, LEVEL, NAME, NUMBER, PARENT_ID, TYPE, URI) values (158, 0, '3', '包装物保存', 'M2010508', 150, 'component', '');
insert into RESOURCE (ID, ISMENU, LEVEL, NAME, NUMBER, PARENT_ID, TYPE, URI) values (115, 0, '2', '维护组织下的物料代码', 'M10504', 103, 'url', '/faces/orgMaterialCode/input.xhtml');
insert into RESOURCE (ID, ISMENU, LEVEL, NAME, NUMBER, PARENT_ID, TYPE, URI) values (116, 0, '3', '查询组织下的物料代码', 'M1050401', 115, 'component', '');
insert into RESOURCE (ID, ISMENU, LEVEL, NAME, NUMBER, PARENT_ID, TYPE, URI) values (117, 0, '3', '查询', 'M1050402', 115, 'component', '');
insert into RESOURCE (ID, ISMENU, LEVEL, NAME, NUMBER, PARENT_ID, TYPE, URI) values (118, 0, '3', '保存', 'M1050403', 115, 'component', '');
insert into RESOURCE (ID, ISMENU, LEVEL, NAME, NUMBER, PARENT_ID, TYPE, URI) values (119, 0, '2', '维护组织下产地', 'M10505', 103, 'url', '/faces/orgPlaceOfProduction/input.xhtml');
insert into RESOURCE (ID, ISMENU, LEVEL, NAME, NUMBER, PARENT_ID, TYPE, URI) values (120, 0, '3', '查询组织下产地', 'M1050501', 119, 'component', '');
insert into RESOURCE (ID, ISMENU, LEVEL, NAME, NUMBER, PARENT_ID, TYPE, URI) values (121, 0, '3', '修改', 'M1050502', 119, 'component', '');
insert into RESOURCE (ID, ISMENU, LEVEL, NAME, NUMBER, PARENT_ID, TYPE, URI) values (122, 0, '3', '删除', 'M1050503', 119, 'component', '');
insert into RESOURCE (ID, ISMENU, LEVEL, NAME, NUMBER, PARENT_ID, TYPE, URI) values (123, 0, '3', '添加产地', 'M1050504', 119, 'component', '');
insert into RESOURCE (ID, ISMENU, LEVEL, NAME, NUMBER, PARENT_ID, TYPE, URI) values (124, 0, '0', '协议管理', 'M2', 0, 'url', '/faces/system/index.xhtml');
insert into RESOURCE (ID, ISMENU, LEVEL, NAME, NUMBER, PARENT_ID, TYPE, URI) values (167, 0, '3', '复制价格通知单', 'M2020105', 162, 'component', '');
insert into RESOURCE (ID, ISMENU, LEVEL, NAME, NUMBER, PARENT_ID, TYPE, URI) values (168, 0, '3', '审核价格通知单', 'M2020106', 162, 'component', '');
insert into RESOURCE (ID, ISMENU, LEVEL, NAME, NUMBER, PARENT_ID, TYPE, URI) values (169, 0, '3', '删除价格通知单', 'M2020107', 162, 'component', '');
insert into RESOURCE (ID, ISMENU, LEVEL, NAME, NUMBER, PARENT_ID, TYPE, URI) values (170, 1, '2', '添加价格通知单', 'M20202', 161, 'url', '/faces/noticeDoc/maintain/input.xhtml');
insert into RESOURCE (ID, ISMENU, LEVEL, NAME, NUMBER, PARENT_ID, TYPE, URI) values (171, 0, '0', '现场收购', 'M3', 0, 'url', '');
insert into RESOURCE (ID, ISMENU, LEVEL, NAME, NUMBER, PARENT_ID, TYPE, URI) values (172, 0, '1', '出/入场登记', 'M301', 171, null, null);
insert into RESOURCE (ID, ISMENU, LEVEL, NAME, NUMBER, PARENT_ID, TYPE, URI) values (173, 1, '2', '添加入场单', 'M30101', 172, 'url', '/faces/entranceDoc/input.xhtml');
insert into RESOURCE (ID, ISMENU, LEVEL, NAME, NUMBER, PARENT_ID, TYPE, URI) values (174, 0, '3', '添加入场单', 'M3010101', 173, 'component', '');
insert into RESOURCE (ID, ISMENU, LEVEL, NAME, NUMBER, PARENT_ID, TYPE, URI) values (175, 0, '3', '关联IC卡', 'M3010102', 173, 'component', '');
insert into RESOURCE (ID, ISMENU, LEVEL, NAME, NUMBER, PARENT_ID, TYPE, URI) values (176, 0, '3', '关联收购单', 'M3010103', 173, 'component', '');
insert into RESOURCE (ID, ISMENU, LEVEL, NAME, NUMBER, PARENT_ID, TYPE, URI) values (177, 0, '3', '查看入场单与收购单关系', 'M3010104', 173, 'component', '');
insert into RESOURCE (ID, ISMENU, LEVEL, NAME, NUMBER, PARENT_ID, TYPE, URI) values (178, 0, '3', '打印入场单', 'M3010105', 173, 'component', '');
insert into RESOURCE (ID, ISMENU, LEVEL, NAME, NUMBER, PARENT_ID, TYPE, URI) values (179, 0, '3', '查看入场单', 'M3010106', 173, 'component', '');
insert into RESOURCE (ID, ISMENU, LEVEL, NAME, NUMBER, PARENT_ID, TYPE, URI) values (180, 0, '3', '出场回收IC卡', 'M3010107', 173, 'component', '');
insert into RESOURCE (ID, ISMENU, LEVEL, NAME, NUMBER, PARENT_ID, TYPE, URI) values (181, 1, '2', '入场单管理', 'M30102', 172, 'url', '/faces/entranceDoc/list.xhtml');
insert into RESOURCE (ID, ISMENU, LEVEL, NAME, NUMBER, PARENT_ID, TYPE, URI) values (182, 0, '3', '查看入场单', 'M3010201', 181, 'component', '');
insert into RESOURCE (ID, ISMENU, LEVEL, NAME, NUMBER, PARENT_ID, TYPE, URI) values (183, 0, '3', '添加入场单', 'M3010202', 181, 'component', '');
insert into RESOURCE (ID, ISMENU, LEVEL, NAME, NUMBER, PARENT_ID, TYPE, URI) values (184, 0, '3', '修改入场单', 'M3010203', 181, 'component', '');
insert into RESOURCE (ID, ISMENU, LEVEL, NAME, NUMBER, PARENT_ID, TYPE, URI) values (185, 0, '3', '删除入场单', 'M3010204', 181, 'component', '');
insert into RESOURCE (ID, ISMENU, LEVEL, NAME, NUMBER, PARENT_ID, TYPE, URI) values (186, 0, '3', '回收IC卡', 'M3010205', 181, 'component', '');
insert into RESOURCE (ID, ISMENU, LEVEL, NAME, NUMBER, PARENT_ID, TYPE, URI) values (187, 1, '2', '回收IC卡', 'M30103', 172, 'url', '/faces/entranceDoc/cancelIcCard.xhtml');
insert into RESOURCE (ID, ISMENU, LEVEL, NAME, NUMBER, PARENT_ID, TYPE, URI) values (188, 0, '3', '查看入场单', 'M3010301', 187, 'component', '');
insert into RESOURCE (ID, ISMENU, LEVEL, NAME, NUMBER, PARENT_ID, TYPE, URI) values (189, 0, '3', '添加入场单', 'M3010302', 187, 'component', '');
insert into RESOURCE (ID, ISMENU, LEVEL, NAME, NUMBER, PARENT_ID, TYPE, URI) values (190, 0, '1', '收购单管理', 'M302', 171, null, null);
insert into RESOURCE (ID, ISMENU, LEVEL, NAME, NUMBER, PARENT_ID, TYPE, URI) values (191, 1, '2', '收购单管理', 'M30201', 190, 'url', '/faces/purchaseDoc/list/list.xhtml');
insert into RESOURCE (ID, ISMENU, LEVEL, NAME, NUMBER, PARENT_ID, TYPE, URI) values (192, 0, '3', '添加收购单', 'M3020101', 191, 'component', '');
insert into RESOURCE (ID, ISMENU, LEVEL, NAME, NUMBER, PARENT_ID, TYPE, URI) values (193, 0, '3', '查询收购单', 'M3020102', 191, 'component', '');
insert into RESOURCE (ID, ISMENU, LEVEL, NAME, NUMBER, PARENT_ID, TYPE, URI) values (194, 0, '3', '收购单详细', 'M3020103', 191, 'component', '');
insert into RESOURCE (ID, ISMENU, LEVEL, NAME, NUMBER, PARENT_ID, TYPE, URI) values (195, 0, '3', '编辑收购单', 'M3020104', 191, 'component', '');
insert into RESOURCE (ID, ISMENU, LEVEL, NAME, NUMBER, PARENT_ID, TYPE, URI) values (196, 0, '3', '删除收购单', 'M3020105', 191, 'component', '');
insert into RESOURCE (ID, ISMENU, LEVEL, NAME, NUMBER, PARENT_ID, TYPE, URI) values (197, 1, '2', '添加收购单(按协议)', 'M30202', 190, 'url', '/faces/purchaseAgreement/list.xhtml?flag=3');
insert into RESOURCE (ID, ISMENU, LEVEL, NAME, NUMBER, PARENT_ID, TYPE, URI) values (198, 1, '2', '添加收购单(按入场单)', 'M30203', 190, 'url', '/faces/entranceDoc/list.xhtml?ISPURCHASE=true');
insert into RESOURCE (ID, ISMENU, LEVEL, NAME, NUMBER, PARENT_ID, TYPE, URI) values (199, 1, '2', '添加收购单(按入场单项目)', 'M30204', 190, 'url', '/faces/exceptionDocumemt/list-item-purchase.xhtml');
insert into RESOURCE (ID, ISMENU, LEVEL, NAME, NUMBER, PARENT_ID, TYPE, URI) values (159, 0, '3', '包装物修改', 'M2010509', 150, 'component', '');
insert into RESOURCE (ID, ISMENU, LEVEL, NAME, NUMBER, PARENT_ID, TYPE, URI) values (160, 0, '3', '包装物删除', 'M20105010', 150, 'component', '');
insert into RESOURCE (ID, ISMENU, LEVEL, NAME, NUMBER, PARENT_ID, TYPE, URI) values (161, 0, '1', '价格通知单管理', 'M202', 124, null, null);
insert into RESOURCE (ID, ISMENU, LEVEL, NAME, NUMBER, PARENT_ID, TYPE, URI) values (162, 1, '2', '价格通知单管理', 'M20201', 161, 'url', '/faces/noticeDoc/list/list.xhtml');
insert into RESOURCE (ID, ISMENU, LEVEL, NAME, NUMBER, PARENT_ID, TYPE, URI) values (163, 0, '3', '添加价格通知单', 'M2020101', 162, 'component', '');
insert into RESOURCE (ID, ISMENU, LEVEL, NAME, NUMBER, PARENT_ID, TYPE, URI) values (164, 0, '3', '查询价格通知单', 'M2020102', 162, 'component', '');
insert into RESOURCE (ID, ISMENU, LEVEL, NAME, NUMBER, PARENT_ID, TYPE, URI) values (165, 0, '3', '价格通知单详细', 'M2020103', 162, 'component', '');
insert into RESOURCE (ID, ISMENU, LEVEL, NAME, NUMBER, PARENT_ID, TYPE, URI) values (166, 0, '3', '编辑价格通知单', 'M2020104', 162, 'component', '');
insert into RESOURCE (ID, ISMENU, LEVEL, NAME, NUMBER, PARENT_ID, TYPE, URI) values (211, 0, '2', '管理地磅单', 'M30303', 201, 'url', '/faces/weightBridgeDoc/edit.xhtml');
insert into RESOURCE (ID, ISMENU, LEVEL, NAME, NUMBER, PARENT_ID, TYPE, URI) values (212, 0, '3', '查询地磅单', 'M3030301', 211, 'component', '');
insert into RESOURCE (ID, ISMENU, LEVEL, NAME, NUMBER, PARENT_ID, TYPE, URI) values (213, 0, '3', '保存', 'M3030302', 211, 'component', '');
insert into RESOURCE (ID, ISMENU, LEVEL, NAME, NUMBER, PARENT_ID, TYPE, URI) values (214, 0, '3', '打印地磅单', 'M3030303', 211, 'component', '');
insert into RESOURCE (ID, ISMENU, LEVEL, NAME, NUMBER, PARENT_ID, TYPE, URI) values (215, 0, '3', '添加扣重信息', 'M3030304', 211, 'component', '');
insert into RESOURCE (ID, ISMENU, LEVEL, NAME, NUMBER, PARENT_ID, TYPE, URI) values (216, 0, '3', '修改', 'M3030305', 211, 'component', '');
insert into RESOURCE (ID, ISMENU, LEVEL, NAME, NUMBER, PARENT_ID, TYPE, URI) values (217, 0, '3', '删除', 'M3030306', 211, 'component', '');
insert into RESOURCE (ID, ISMENU, LEVEL, NAME, NUMBER, PARENT_ID, TYPE, URI) values (218, 0, '3', '确认', 'M3030307', 211, 'component', '');
insert into RESOURCE (ID, ISMENU, LEVEL, NAME, NUMBER, PARENT_ID, TYPE, URI) values (219, 0, '1', '抽样/质检', 'M304', 171, null, null);
insert into RESOURCE (ID, ISMENU, LEVEL, NAME, NUMBER, PARENT_ID, TYPE, URI) values (220, 1, '2', '质检管理', 'M30401', 219, 'url', '/faces/qcDoc/list.xhtml');
insert into RESOURCE (ID, ISMENU, LEVEL, NAME, NUMBER, PARENT_ID, TYPE, URI) values (221, 0, '3', '添加质检单', 'M3040101', 220, 'component', '');
insert into RESOURCE (ID, ISMENU, LEVEL, NAME, NUMBER, PARENT_ID, TYPE, URI) values (222, 0, '3', '查询', 'M3040102', 220, 'component', '');
insert into RESOURCE (ID, ISMENU, LEVEL, NAME, NUMBER, PARENT_ID, TYPE, URI) values (223, 0, '3', '修改', 'M3040103', 220, 'component', '');
insert into RESOURCE (ID, ISMENU, LEVEL, NAME, NUMBER, PARENT_ID, TYPE, URI) values (224, 0, '3', '删除', 'M3040104', 220, 'component', '');
insert into RESOURCE (ID, ISMENU, LEVEL, NAME, NUMBER, PARENT_ID, TYPE, URI) values (225, 1, '2', '添加质检单', 'M30402', 219, 'url', '/faces/qcDoc/input.xhtml');
insert into RESOURCE (ID, ISMENU, LEVEL, NAME, NUMBER, PARENT_ID, TYPE, URI) values (226, 0, '3', '查询', 'M3040201', 225, 'component', '');
insert into RESOURCE (ID, ISMENU, LEVEL, NAME, NUMBER, PARENT_ID, TYPE, URI) values (227, 0, '3', '录入异常情况', 'M3040202', 225, 'component', '');
insert into RESOURCE (ID, ISMENU, LEVEL, NAME, NUMBER, PARENT_ID, TYPE, URI) values (228, 0, '3', '录入新物料质检单', 'M3040203', 225, 'component', '');
insert into RESOURCE (ID, ISMENU, LEVEL, NAME, NUMBER, PARENT_ID, TYPE, URI) values (229, 0, '3', '录入质检单', 'M3040204', 225, 'component', '');
insert into RESOURCE (ID, ISMENU, LEVEL, NAME, NUMBER, PARENT_ID, TYPE, URI) values (230, 0, '2', '修改质检单', 'M30403', 219, 'url', '/faces/qcDoc/edit.xhtml');
insert into RESOURCE (ID, ISMENU, LEVEL, NAME, NUMBER, PARENT_ID, TYPE, URI) values (231, 0, '3', '添加质检单', 'M3040301', 230, 'component', '');
insert into RESOURCE (ID, ISMENU, LEVEL, NAME, NUMBER, PARENT_ID, TYPE, URI) values (232, 0, '3', '质检单查询', 'M3040302', 230, 'component', '');
insert into RESOURCE (ID, ISMENU, LEVEL, NAME, NUMBER, PARENT_ID, TYPE, URI) values (233, 0, '3', '保存', 'M3040303', 230, 'component', '');
insert into RESOURCE (ID, ISMENU, LEVEL, NAME, NUMBER, PARENT_ID, TYPE, URI) values (234, 0, '3', '打印质检单', 'M3040304', 230, 'component', '');
insert into RESOURCE (ID, ISMENU, LEVEL, NAME, NUMBER, PARENT_ID, TYPE, URI) values (235, 0, '3', '录入异常', 'M3040305', 230, 'component', '');
insert into RESOURCE (ID, ISMENU, LEVEL, NAME, NUMBER, PARENT_ID, TYPE, URI) values (236, 0, '1', '异常单', 'M305', 171, null, null);
insert into RESOURCE (ID, ISMENU, LEVEL, NAME, NUMBER, PARENT_ID, TYPE, URI) values (237, 1, '2', '添加异常单(按入场单)', 'M30501', 236, 'url', '/faces/exceptionDocumemt/entr-item-list.xhtml');
insert into RESOURCE (ID, ISMENU, LEVEL, NAME, NUMBER, PARENT_ID, TYPE, URI) values (238, 0, '3', '查询', 'M3050101', 237, 'component', '');
insert into RESOURCE (ID, ISMENU, LEVEL, NAME, NUMBER, PARENT_ID, TYPE, URI) values (239, 0, '3', '添加异常单', 'M3050102', 237, 'component', '');
insert into RESOURCE (ID, ISMENU, LEVEL, NAME, NUMBER, PARENT_ID, TYPE, URI) values (240, 0, '3', '详细', 'M3050103', 237, 'component', '');
insert into RESOURCE (ID, ISMENU, LEVEL, NAME, NUMBER, PARENT_ID, TYPE, URI) values (241, 0, '2', '入场单项目的异常单', 'M30502', 236, 'url', '/faces/exceptionDocumemt/list.xhtml');
insert into RESOURCE (ID, ISMENU, LEVEL, NAME, NUMBER, PARENT_ID, TYPE, URI) values (242, 0, '3', '添加异常单', 'M3050201', 241, 'component', '');
insert into RESOURCE (ID, ISMENU, LEVEL, NAME, NUMBER, PARENT_ID, TYPE, URI) values (243, 0, '3', '详细', 'M3050202', 241, 'component', '');
insert into RESOURCE (ID, ISMENU, LEVEL, NAME, NUMBER, PARENT_ID, TYPE, URI) values (200, 1, '2', '添加收购单', 'M30205', 190, 'url', '/faces/purchaseDoc/maintain/input.xhtml');
insert into RESOURCE (ID, ISMENU, LEVEL, NAME, NUMBER, PARENT_ID, TYPE, URI) values (201, 0, '1', '地磅单管理', 'M303', 171, null, null);
insert into RESOURCE (ID, ISMENU, LEVEL, NAME, NUMBER, PARENT_ID, TYPE, URI) values (202, 1, '2', '地磅单管理', 'M30301', 201, 'url', '/faces/weightBridgeDoc/list.xhtml');
insert into RESOURCE (ID, ISMENU, LEVEL, NAME, NUMBER, PARENT_ID, TYPE, URI) values (203, 0, '3', '添加地磅单', 'M3030101', 202, 'component', '');
insert into RESOURCE (ID, ISMENU, LEVEL, NAME, NUMBER, PARENT_ID, TYPE, URI) values (204, 0, '3', '查询', 'M3030102', 202, 'component', '');
insert into RESOURCE (ID, ISMENU, LEVEL, NAME, NUMBER, PARENT_ID, TYPE, URI) values (205, 0, '3', '修改', 'M3030103', 202, 'component', '');
insert into RESOURCE (ID, ISMENU, LEVEL, NAME, NUMBER, PARENT_ID, TYPE, URI) values (206, 0, '3', '删除', 'M3030104', 202, 'component', '');
insert into RESOURCE (ID, ISMENU, LEVEL, NAME, NUMBER, PARENT_ID, TYPE, URI) values (207, 1, '2', '添加地磅单', 'M30302', 201, 'url', '/faces/weightBridgeDoc/input.xhtml');
insert into RESOURCE (ID, ISMENU, LEVEL, NAME, NUMBER, PARENT_ID, TYPE, URI) values (208, 0, '3', '查询地磅单', 'M3030201', 207, 'component', '');
insert into RESOURCE (ID, ISMENU, LEVEL, NAME, NUMBER, PARENT_ID, TYPE, URI) values (209, 0, '3', '保存', 'M3030202', 207, 'component', '');
insert into RESOURCE (ID, ISMENU, LEVEL, NAME, NUMBER, PARENT_ID, TYPE, URI) values (210, 0, '3', '打印地磅单', 'M3030203', 207, 'component', '');
insert into RESOURCE (ID, ISMENU, LEVEL, NAME, NUMBER, PARENT_ID, TYPE, URI) values (244, 0, '3', '修改', 'M3050203', 241, 'component', '');
insert into RESOURCE (ID, ISMENU, LEVEL, NAME, NUMBER, PARENT_ID, TYPE, URI) values (245, 0, '3', '删除', 'M3050204', 241, 'component', '');
insert into RESOURCE (ID, ISMENU, LEVEL, NAME, NUMBER, PARENT_ID, TYPE, URI) values (246, 0, '2', '开异常单', 'M30503', 236, 'url', '/faces/exceptionDocumemt/input.xhtml');
insert into RESOURCE (ID, ISMENU, LEVEL, NAME, NUMBER, PARENT_ID, TYPE, URI) values (247, 0, '3', '保存', 'M3050301', 246, 'component', '');
insert into RESOURCE (ID, ISMENU, LEVEL, NAME, NUMBER, PARENT_ID, TYPE, URI) values (248, 0, '1', '结算', 'M306', 171, null, null);
insert into RESOURCE (ID, ISMENU, LEVEL, NAME, NUMBER, PARENT_ID, TYPE, URI) values (249, 1, '2', '结算单查询', 'M30601', 248, 'url', '/faces/billingDoc/list.xhtml');
insert into RESOURCE (ID, ISMENU, LEVEL, NAME, NUMBER, PARENT_ID, TYPE, URI) values (250, 0, '3', '查询', 'M3060101', 249, 'component', '');
insert into RESOURCE (ID, ISMENU, LEVEL, NAME, NUMBER, PARENT_ID, TYPE, URI) values (251, 0, '3', '详细', 'M3060102', 249, 'component', '');
insert into RESOURCE (ID, ISMENU, LEVEL, NAME, NUMBER, PARENT_ID, TYPE, URI) values (252, 1, '2', '结算单审核', 'M30602', 248, 'url', '/faces/billingDoc/list_for_audit.xhtml');
insert into RESOURCE (ID, ISMENU, LEVEL, NAME, NUMBER, PARENT_ID, TYPE, URI) values (253, 0, '3', '查询', 'M3060201', 252, 'component', '');
insert into RESOURCE (ID, ISMENU, LEVEL, NAME, NUMBER, PARENT_ID, TYPE, URI) values (254, 0, '3', '审核', 'M3060202', 252, 'component', '');
insert into RESOURCE (ID, ISMENU, LEVEL, NAME, NUMBER, PARENT_ID, TYPE, URI) values (255, 0, '3', '详细', 'M3060203', 252, 'component', '');
insert into RESOURCE (ID, ISMENU, LEVEL, NAME, NUMBER, PARENT_ID, TYPE, URI) values (256, 1, '2', '自选结算', 'M30603', 248, 'url', '/faces/billingDoc/optional_bill.xhtml');
insert into RESOURCE (ID, ISMENU, LEVEL, NAME, NUMBER, PARENT_ID, TYPE, URI) values (257, 0, '3', '查询', 'M3060301', 256, 'component', '');
insert into RESOURCE (ID, ISMENU, LEVEL, NAME, NUMBER, PARENT_ID, TYPE, URI) values (258, 0, '3', '开结算单', 'M3060302', 256, 'component', '');
insert into RESOURCE (ID, ISMENU, LEVEL, NAME, NUMBER, PARENT_ID, TYPE, URI) values (259, 0, '3', '结算', 'M3060303', 256, 'component', '');
insert into RESOURCE (ID, ISMENU, LEVEL, NAME, NUMBER, PARENT_ID, TYPE, URI) values (260, 0, '2', '结算单详细', 'M30604', 248, 'url', '/faces/billingDoc/view.xhtml');
insert into RESOURCE (ID, ISMENU, LEVEL, NAME, NUMBER, PARENT_ID, TYPE, URI) values (261, 0, '3', '收购单项详细', 'M3060401', 260, 'component', '');
insert into RESOURCE (ID, ISMENU, LEVEL, NAME, NUMBER, PARENT_ID, TYPE, URI) values (262, 0, '2', '结算单审核', 'M30605', 248, 'url', '/faces/billingDoc/audit.xhtml');
insert into RESOURCE (ID, ISMENU, LEVEL, NAME, NUMBER, PARENT_ID, TYPE, URI) values (263, 0, '3', '审核', 'M3060501', 262, 'component', '');
insert into RESOURCE (ID, ISMENU, LEVEL, NAME, NUMBER, PARENT_ID, TYPE, URI) values (264, 0, '3', '收购单项详细', 'M3060502', 262, 'component', '');
insert into RESOURCE (ID, ISMENU, LEVEL, NAME, NUMBER, PARENT_ID, TYPE, URI) values (265, 0, '2', '自选结算开结算单', 'M30606', 248, 'url', '/faces/billingDoc/billing.xhtml');
insert into RESOURCE (ID, ISMENU, LEVEL, NAME, NUMBER, PARENT_ID, TYPE, URI) values (266, 0, '3', '结算', 'M3060601', 265, 'component', '');
insert into RESOURCE (ID, ISMENU, LEVEL, NAME, NUMBER, PARENT_ID, TYPE, URI) values (267, 0, '3', '提交审核', 'M3060602', 265, 'component', '');
insert into RESOURCE (ID, ISMENU, LEVEL, NAME, NUMBER, PARENT_ID, TYPE, URI) values (268, 0, '3', '收购单项详细', 'M3060603', 265, 'component', '');
insert into RESOURCE (ID, ISMENU, LEVEL, NAME, NUMBER, PARENT_ID, TYPE, URI) values (269, 0, '1', '工作流程', 'M307', 171, null, null);
insert into RESOURCE (ID, ISMENU, LEVEL, NAME, NUMBER, PARENT_ID, TYPE, URI) values (270, 1, '2', '查看流程定义', 'M30701', 269, 'url', '/faces/process/list.xhtml');
insert into RESOURCE (ID, ISMENU, LEVEL, NAME, NUMBER, PARENT_ID, TYPE, URI) values (271, 0, '3', '步骤详细', 'M3070101', 270, 'component', '');
insert into RESOURCE (ID, ISMENU, LEVEL, NAME, NUMBER, PARENT_ID, TYPE, URI) values (272, 1, '2', '查询流程执行(按入场单)', 'M30702', 269, 'url', '/faces/processInstance/list.xhtml?op=byEntr');
insert into RESOURCE (ID, ISMENU, LEVEL, NAME, NUMBER, PARENT_ID, TYPE, URI) values (273, 0, '3', '查询', 'M3070201', 272, 'component', '');
insert into RESOURCE (ID, ISMENU, LEVEL, NAME, NUMBER, PARENT_ID, TYPE, URI) values (274, 0, '3', '查看执行详细', 'M3070202', 272, 'component', '');
insert into RESOURCE (ID, ISMENU, LEVEL, NAME, NUMBER, PARENT_ID, TYPE, URI) values (275, 1, '2', '查询流程执行(按流程)', 'M30703', 269, 'url', '/faces/processInstance/by-process-list.xhtml?op=byProc');
insert into RESOURCE (ID, ISMENU, LEVEL, NAME, NUMBER, PARENT_ID, TYPE, URI) values (276, 0, '3', '查询', 'M3070301', 275, 'component', '');
insert into RESOURCE (ID, ISMENU, LEVEL, NAME, NUMBER, PARENT_ID, TYPE, URI) values (277, 0, '3', '查看执行详细', 'M3070302', 275, 'component', '');
insert into RESOURCE (ID, ISMENU, LEVEL, NAME, NUMBER, PARENT_ID, TYPE, URI) values (278, 1, '2', '查询流程执行(按完成步骤)', 'M30704', 269, 'url', '/faces/processInstance/by-activity-list.xhtml?op=byActi');
insert into RESOURCE (ID, ISMENU, LEVEL, NAME, NUMBER, PARENT_ID, TYPE, URI) values (279, 0, '3', '查询', 'M3070401', 278, 'component', '');
insert into RESOURCE (ID, ISMENU, LEVEL, NAME, NUMBER, PARENT_ID, TYPE, URI) values (280, 0, '3', '查看执行详细', 'M3070402', 278, 'component', '');
insert into RESOURCE (ID, ISMENU, LEVEL, NAME, NUMBER, PARENT_ID, TYPE, URI) values (281, 0, '0', '事后处理', 'M4', 0, 'url', '');
insert into RESOURCE (ID, ISMENU, LEVEL, NAME, NUMBER, PARENT_ID, TYPE, URI) values (282, 0, '1', '身份证补录', 'M401', 281, null, null);
insert into RESOURCE (ID, ISMENU, LEVEL, NAME, NUMBER, PARENT_ID, TYPE, URI) values (283, 1, '2', '身份证补录', 'M40101', 282, 'url', '/faces/purchaseDocItem/list.xhtml');
insert into RESOURCE (ID, ISMENU, LEVEL, NAME, NUMBER, PARENT_ID, TYPE, URI) values (284, 0, '3', '查询', 'M4010101', 283, 'component', '');
insert into RESOURCE (ID, ISMENU, LEVEL, NAME, NUMBER, PARENT_ID, TYPE, URI) values (285, 0, '3', '关联身份证信息', 'M4010102', 283, 'component', '');
insert into RESOURCE (ID, ISMENU, LEVEL, NAME, NUMBER, PARENT_ID, TYPE, URI) values (286, 1, '2', '身份证信息管理', 'M40102', 282, 'url', '/faces/idManager/list.xhtml');
insert into RESOURCE (ID, ISMENU, LEVEL, NAME, NUMBER, PARENT_ID, TYPE, URI) values (287, 0, '3', '查询', 'M4010201', 286, 'component', '');
insert into RESOURCE (ID, ISMENU, LEVEL, NAME, NUMBER, PARENT_ID, TYPE, URI) values (288, 0, '3', '修改', 'M4010202', 286, 'component', '');
insert into RESOURCE (ID, ISMENU, LEVEL, NAME, NUMBER, PARENT_ID, TYPE, URI) values (289, 0, '3', '删除', 'M4010203', 286, 'component', '');
insert into RESOURCE (ID, ISMENU, LEVEL, NAME, NUMBER, PARENT_ID, TYPE, URI) values (290, 0, '2', '身份证补录-批量导入身份证信息', 'M40103', 282, 'url', '/faces/itemIcCard/list.xhtml');
insert into RESOURCE (ID, ISMENU, LEVEL, NAME, NUMBER, PARENT_ID, TYPE, URI) values (291, 0, '3', '查看收购单项目', 'M4010301', 290, 'component', '');
insert into RESOURCE (ID, ISMENU, LEVEL, NAME, NUMBER, PARENT_ID, TYPE, URI) values (292, 0, '3', '修改', 'M4010302', 290, 'component', '');
insert into RESOURCE (ID, ISMENU, LEVEL, NAME, NUMBER, PARENT_ID, TYPE, URI) values (293, 0, '3', '删除', 'M4010303', 290, 'component', '');
insert into RESOURCE (ID, ISMENU, LEVEL, NAME, NUMBER, PARENT_ID, TYPE, URI) values (294, 0, '1', '收购单导入ERP', 'M402', 281, null, null);
insert into RESOURCE (ID, ISMENU, LEVEL, NAME, NUMBER, PARENT_ID, TYPE, URI) values (295, 1, '2', '收购单导入ERP', 'M40201', 294, 'url', '/faces/purchaseToERP/list.xhtml');
insert into RESOURCE (ID, ISMENU, LEVEL, NAME, NUMBER, PARENT_ID, TYPE, URI) values (296, 0, '3', '查询', 'M4020101', 295, 'component', '');
insert into RESOURCE (ID, ISMENU, LEVEL, NAME, NUMBER, PARENT_ID, TYPE, URI) values (297, 0, '3', '导出', 'M4020102', 295, 'component', '');
insert into RESOURCE (ID, ISMENU, LEVEL, NAME, NUMBER, PARENT_ID, TYPE, URI) values (298, 0, '3', '批量导出', 'M4020103', 295, 'component', '');
insert into RESOURCE (ID, ISMENU, LEVEL, NAME, NUMBER, PARENT_ID, TYPE, URI) values (299, 0, '0', '报表', 'M5', 0, 'url', '/faces/system/index.xhtml');
insert into RESOURCE (ID, ISMENU, LEVEL, NAME, NUMBER, PARENT_ID, TYPE, URI) values (300, 0, '1', '报表统计', 'M501', 299, null, null);
insert into RESOURCE (ID, ISMENU, LEVEL, NAME, NUMBER, PARENT_ID, TYPE, URI) values (301, 1, '2', '收购实时概况', 'M50101', 300, 'url', '/faces/report/purchase/list.xhtml');
insert into RESOURCE (ID, ISMENU, LEVEL, NAME, NUMBER, PARENT_ID, TYPE, URI) values (302, 1, '2', '采购进度汇总', 'M50102', 300, 'url', '/faces/report/procureplan/list.xhtml');
insert into RESOURCE (ID, ISMENU, LEVEL, NAME, NUMBER, PARENT_ID, TYPE, URI) values (303, 1, '2', '物料采购进度汇总', 'M50103', 300, 'url', '/faces/report/materialprocureplan/list.xhtml');
insert into RESOURCE (ID, ISMENU, LEVEL, NAME, NUMBER, PARENT_ID, TYPE, URI) values (304, 1, '2', '物料品质汇总', 'M50104', 300, 'url', '/faces/report/materialqualitygather/list.xhtml');
insert into RESOURCE (ID, ISMENU, LEVEL, NAME, NUMBER, PARENT_ID, TYPE, URI) values (305, 1, '2', '采购排名', 'M50105', 300, 'url', '/faces/report/purchaserank/list.xhtml');
insert into RESOURCE (ID, ISMENU, LEVEL, NAME, NUMBER, PARENT_ID, TYPE, URI) values (306, 0, '0', '查询', 'M6', 0, 'url', '/faces/system/index.xhtml');
insert into RESOURCE (ID, ISMENU, LEVEL, NAME, NUMBER, PARENT_ID, TYPE, URI) values (307, 0, '1', '统计查询', 'M601', 306, null, null);
insert into RESOURCE (ID, ISMENU, LEVEL, NAME, NUMBER, PARENT_ID, TYPE, URI) values (308, 1, '2', '合同查询', 'M60101', 307, 'url', '/faces/stat/contact-list.xhtml');
insert into RESOURCE (ID, ISMENU, LEVEL, NAME, NUMBER, PARENT_ID, TYPE, URI) values (309, 0, '3', '查询', 'M6010101', 308, 'component', '');
insert into RESOURCE (ID, ISMENU, LEVEL, NAME, NUMBER, PARENT_ID, TYPE, URI) values (310, 0, '3', '导出', 'M6010102', 308, 'component', '');
insert into RESOURCE (ID, ISMENU, LEVEL, NAME, NUMBER, PARENT_ID, TYPE, URI) values (311, 1, '2', '未完成合同查询', 'M60102', 307, 'url', '/faces/stat/unfinished-contact.xhtml');
insert into RESOURCE (ID, ISMENU, LEVEL, NAME, NUMBER, PARENT_ID, TYPE, URI) values (312, 0, '3', '查询', 'M6010201', 311, 'component', '');
insert into RESOURCE (ID, ISMENU, LEVEL, NAME, NUMBER, PARENT_ID, TYPE, URI) values (313, 0, '3', '导出', 'M6010202', 311, 'component', '');
insert into RESOURCE (ID, ISMENU, LEVEL, NAME, NUMBER, PARENT_ID, TYPE, URI) values (314, 1, '2', '物料品质明细查询', 'M60103', 307, 'url', '/faces/stat/material-search.xhtml');
insert into RESOURCE (ID, ISMENU, LEVEL, NAME, NUMBER, PARENT_ID, TYPE, URI) values (315, 0, '3', '查询', 'M6010301', 314, 'component', '');
insert into RESOURCE (ID, ISMENU, LEVEL, NAME, NUMBER, PARENT_ID, TYPE, URI) values (316, 0, '3', '导出', 'M6010302', 314, 'component', '');
insert into RESOURCE (ID, ISMENU, LEVEL, NAME, NUMBER, PARENT_ID, TYPE, URI) values (317, 1, '2', '收购明细查询', 'M60104', 307, 'url', '/faces/purchaseDoc/item/list.xhtml?situation=purchase');
insert into RESOURCE (ID, ISMENU, LEVEL, NAME, NUMBER, PARENT_ID, TYPE, URI) values (318, 1, '2', '品质范围查询', 'M60105', 307, 'url', '/faces/purchaseDoc/item/list.xhtml?situation=range');
insert into RESOURCE (ID, ISMENU, LEVEL, NAME, NUMBER, PARENT_ID, TYPE, URI) values (319, 1, '2', '物料品质明细查询(供应商)', 'M60106', 307, 'url', '/faces/stat/material-by-vender.xhtml');
insert into RESOURCE (ID, ISMENU, LEVEL, NAME, NUMBER, PARENT_ID, TYPE, URI) values (320, 0, '3', '查询', 'M6010601', 319, 'component', '');
insert into RESOURCE (ID, ISMENU, LEVEL, NAME, NUMBER, PARENT_ID, TYPE, URI) values (321, 0, '3', '导出', 'M6010602', 319, 'component', '');



--业务和测试需要的数据



insert into ROLE (ID, IS_ADMIN, DESCRIPTION, ROLE_NAME, ROLE_SCOPE, STATE) values (1, 1, '超级管理员', 'admin', 'admin', 1);
insert into ROLE (ID, IS_ADMIN, DESCRIPTION, ROLE_NAME, ROLE_SCOPE, STATE) values (2, 0, '所有资源权限的角色', 'all', 'all', 1);

insert into ROLE (ID, IS_ADMIN, DESCRIPTION, ROLE_NAME, ROLE_SCOPE, STATE) values (20, 1, '集团支持人员', '集团支持人员', 'JT', 1);
insert into ROLE (ID, IS_ADMIN, DESCRIPTION, ROLE_NAME, ROLE_SCOPE, STATE) values (21, 0, '贸易内勤', '贸易内勤', 'MY', 1);
insert into ROLE (ID, IS_ADMIN, DESCRIPTION, ROLE_NAME, ROLE_SCOPE, STATE) values (22, 0, '门卫', '门卫', 'MW', 1);
insert into ROLE (ID, IS_ADMIN, DESCRIPTION, ROLE_NAME, ROLE_SCOPE, STATE) values (23, 0, '品管检验员', '品管检验员', 'PG', 1);
insert into ROLE (ID, IS_ADMIN, DESCRIPTION, ROLE_NAME, ROLE_SCOPE, STATE) values (24, 0, '地磅员', '地磅员', 'DB', 1);
insert into ROLE (ID, IS_ADMIN, DESCRIPTION, ROLE_NAME, ROLE_SCOPE, STATE) values (25, 0, '物流内勤', '物流内勤', 'WL', 1);
insert into ROLE (ID, IS_ADMIN, DESCRIPTION, ROLE_NAME, ROLE_SCOPE, STATE) values (26, 0, '财务人员', '财务人员', 'CW', 1);

insert into USER (ID, CELLPHONE_NO, CONTACT_ADDRESS, CONTACT_TELEPHONE_NO, DEFUNCT_IND, EMAIL, NAME, PURCHASE_ENTITY_NAME, PURCHASE_LOC_NAME, USER_NAME) values (1, null, null, null, 0, '87078586@163.com', 'admin', null, null, 'Admin');
insert into USER (ID, CELLPHONE_NO, CONTACT_ADDRESS, CONTACT_TELEPHONE_NO, DEFUNCT_IND, EMAIL, NAME, PURCHASE_ENTITY_NAME, PURCHASE_LOC_NAME, USER_NAME) values (2, null, null, null, 0, '87078586@163.com', 'xiafei', '收购方-成都', '收购点-成都', 'Xiafei');

insert into USER (ID, CELLPHONE_NO, CONTACT_ADDRESS, CONTACT_TELEPHONE_NO, DEFUNCT_IND, EMAIL, NAME, PURCHASE_ENTITY_NAME, PURCHASE_LOC_NAME, USER_NAME) values (20, null, null, null, 0, 'xiafei@wcs-global.com', 'JTZC', '收购方01', '收购点01', '集团支持人员');
insert into USER (ID, CELLPHONE_NO, CONTACT_ADDRESS, CONTACT_TELEPHONE_NO, DEFUNCT_IND, EMAIL, NAME, PURCHASE_ENTITY_NAME, PURCHASE_LOC_NAME, USER_NAME) values (31, null, null, null, 0, 'xiafei@wcs-global.com', 'MY01', '收购方01', '收购点01', '贸易内勤01');
insert into USER (ID, CELLPHONE_NO, CONTACT_ADDRESS, CONTACT_TELEPHONE_NO, DEFUNCT_IND, EMAIL, NAME, PURCHASE_ENTITY_NAME, PURCHASE_LOC_NAME, USER_NAME) values (32, null, null, null, 0, 'xiafei@wcs-global.com', 'MW01', '收购方01', '收购点01', '门卫01');
insert into USER (ID, CELLPHONE_NO, CONTACT_ADDRESS, CONTACT_TELEPHONE_NO, DEFUNCT_IND, EMAIL, NAME, PURCHASE_ENTITY_NAME, PURCHASE_LOC_NAME, USER_NAME) values (33, null, null, null, 0, 'xiafei@wcs-global.com', 'PG01', '收购方01', '收购点01', '品管检验员01');
insert into USER (ID, CELLPHONE_NO, CONTACT_ADDRESS, CONTACT_TELEPHONE_NO, DEFUNCT_IND, EMAIL, NAME, PURCHASE_ENTITY_NAME, PURCHASE_LOC_NAME, USER_NAME) values (34, null, null, null, 0, 'xiafei@wcs-global.com', 'DB01', '收购方01', '收购点01', '地磅员01');
insert into USER (ID, CELLPHONE_NO, CONTACT_ADDRESS, CONTACT_TELEPHONE_NO, DEFUNCT_IND, EMAIL, NAME, PURCHASE_ENTITY_NAME, PURCHASE_LOC_NAME, USER_NAME) values (35, null, null, null, 0, 'xiafei@wcs-global.com', 'WL01', '收购方01', '收购点01', '物流内勤01');
insert into USER (ID, CELLPHONE_NO, CONTACT_ADDRESS, CONTACT_TELEPHONE_NO, DEFUNCT_IND, EMAIL, NAME, PURCHASE_ENTITY_NAME, PURCHASE_LOC_NAME, USER_NAME) values (36, null, null, null, 0, 'xiafei@wcs-global.com', 'CW01', '收购方01', '收购点01', '财务人员01');
insert into USER (ID, CELLPHONE_NO, CONTACT_ADDRESS, CONTACT_TELEPHONE_NO, DEFUNCT_IND, EMAIL, NAME, PURCHASE_ENTITY_NAME, PURCHASE_LOC_NAME, USER_NAME) values (37, null, null, null, 0, 'xiafei@wcs-global.com', 'ALL01', '收购方01', '收购点01', 'ALL01');
insert into USER (ID, CELLPHONE_NO, CONTACT_ADDRESS, CONTACT_TELEPHONE_NO, DEFUNCT_IND, EMAIL, NAME, PURCHASE_ENTITY_NAME, PURCHASE_LOC_NAME, USER_NAME) values (41, null, null, null, 0, 'xiafei@wcs-global.com', 'MY02', '收购方02', '收购点02', '贸易内勤02');
insert into USER (ID, CELLPHONE_NO, CONTACT_ADDRESS, CONTACT_TELEPHONE_NO, DEFUNCT_IND, EMAIL, NAME, PURCHASE_ENTITY_NAME, PURCHASE_LOC_NAME, USER_NAME) values (42, null, null, null, 0, 'xiafei@wcs-global.com', 'MW02', '收购方02', '收购点02', '门卫02');
insert into USER (ID, CELLPHONE_NO, CONTACT_ADDRESS, CONTACT_TELEPHONE_NO, DEFUNCT_IND, EMAIL, NAME, PURCHASE_ENTITY_NAME, PURCHASE_LOC_NAME, USER_NAME) values (43, null, null, null, 0, 'xiafei@wcs-global.com', 'PG02', '收购方02', '收购点02', '品管检验员02');
insert into USER (ID, CELLPHONE_NO, CONTACT_ADDRESS, CONTACT_TELEPHONE_NO, DEFUNCT_IND, EMAIL, NAME, PURCHASE_ENTITY_NAME, PURCHASE_LOC_NAME, USER_NAME) values (44, null, null, null, 0, 'xiafei@wcs-global.com', 'DB02', '收购方02', '收购点02', '地磅员02');
insert into USER (ID, CELLPHONE_NO, CONTACT_ADDRESS, CONTACT_TELEPHONE_NO, DEFUNCT_IND, EMAIL, NAME, PURCHASE_ENTITY_NAME, PURCHASE_LOC_NAME, USER_NAME) values (45, null, null, null, 0, 'xiafei@wcs-global.com', 'WL02', '收购方02', '收购点02', '物流内勤02');
insert into USER (ID, CELLPHONE_NO, CONTACT_ADDRESS, CONTACT_TELEPHONE_NO, DEFUNCT_IND, EMAIL, NAME, PURCHASE_ENTITY_NAME, PURCHASE_LOC_NAME, USER_NAME) values (46, null, null, null, 0, 'xiafei@wcs-global.com', 'CW02', '收购方02', '收购点02', '财务人员02');
insert into USER (ID, CELLPHONE_NO, CONTACT_ADDRESS, CONTACT_TELEPHONE_NO, DEFUNCT_IND, EMAIL, NAME, PURCHASE_ENTITY_NAME, PURCHASE_LOC_NAME, USER_NAME) values (47, null, null, null, 0, 'xiafei@wcs-global.com', 'ALL02', '收购方02', '收购点02', 'ALL02');
insert into USER_ROLE (ID, ROLE_ID, USER_ID) values (1, 1, 1);
insert into USER_ROLE (ID, ROLE_ID, USER_ID) values (2, 2, 2);
insert into USER_ROLE (ID, ROLE_ID, USER_ID) values (20, 20, 20);
insert into USER_ROLE (ID, ROLE_ID, USER_ID) values (31, 21, 31);
insert into USER_ROLE (ID, ROLE_ID, USER_ID) values (32, 22, 32);
insert into USER_ROLE (ID, ROLE_ID, USER_ID) values (33, 23, 33);
insert into USER_ROLE (ID, ROLE_ID, USER_ID) values (34, 24, 34);
insert into USER_ROLE (ID, ROLE_ID, USER_ID) values (35, 25, 35);
insert into USER_ROLE (ID, ROLE_ID, USER_ID) values (36, 26, 36);
insert into USER_ROLE (ID, ROLE_ID, USER_ID) values (37, 2, 37);
insert into USER_ROLE (ID, ROLE_ID, USER_ID) values (41, 21, 41);
insert into USER_ROLE (ID, ROLE_ID, USER_ID) values (42, 22, 42);
insert into USER_ROLE (ID, ROLE_ID, USER_ID) values (43, 23, 43);
insert into USER_ROLE (ID, ROLE_ID, USER_ID) values (44, 24, 44);
insert into USER_ROLE (ID, ROLE_ID, USER_ID) values (45, 25, 45);
insert into USER_ROLE (ID, ROLE_ID, USER_ID) values (46, 26, 46);
insert into USER_ROLE (ID, ROLE_ID, USER_ID) values (47, 2, 47);

insert into ROLE_RESOURCE (ID, RESOURCE_ID, ROLE_ID) values (1, 1, 1);
insert into ROLE_RESOURCE (ID, RESOURCE_ID, ROLE_ID) values (2, 2, 1);
insert into ROLE_RESOURCE (ID, RESOURCE_ID, ROLE_ID) values (3, 3, 1);
insert into ROLE_RESOURCE (ID, RESOURCE_ID, ROLE_ID) values (4, 4, 1);
insert into ROLE_RESOURCE (ID, RESOURCE_ID, ROLE_ID) values (5, 5, 1);
insert into ROLE_RESOURCE (ID, RESOURCE_ID, ROLE_ID) values (6, 6, 1);
insert into ROLE_RESOURCE (ID, RESOURCE_ID, ROLE_ID) values (7, 7, 1);
insert into ROLE_RESOURCE (ID, RESOURCE_ID, ROLE_ID) values (8, 8, 1);
insert into ROLE_RESOURCE (ID, RESOURCE_ID, ROLE_ID) values (9, 9, 1);
insert into ROLE_RESOURCE (ID, RESOURCE_ID, ROLE_ID) values (10, 10, 1);
insert into ROLE_RESOURCE (ID, RESOURCE_ID, ROLE_ID) values (11, 11, 1);
insert into ROLE_RESOURCE (ID, RESOURCE_ID, ROLE_ID) values (12, 12, 1);
insert into ROLE_RESOURCE (ID, RESOURCE_ID, ROLE_ID) values (13, 13, 1);
insert into ROLE_RESOURCE (ID, RESOURCE_ID, ROLE_ID) values (14, 14, 1);
insert into ROLE_RESOURCE (ID, RESOURCE_ID, ROLE_ID) values (15, 15, 1);
insert into ROLE_RESOURCE (ID, RESOURCE_ID, ROLE_ID) values (16, 16, 1);
insert into ROLE_RESOURCE (ID, RESOURCE_ID, ROLE_ID) values (17, 17, 1);
insert into ROLE_RESOURCE (ID, RESOURCE_ID, ROLE_ID) values (18, 18, 1);
insert into ROLE_RESOURCE (ID, RESOURCE_ID, ROLE_ID) values (19, 19, 1);
insert into ROLE_RESOURCE (ID, RESOURCE_ID, ROLE_ID) values (20, 20, 1);
insert into ROLE_RESOURCE (ID, RESOURCE_ID, ROLE_ID) values (21, 21, 1);
insert into ROLE_RESOURCE (ID, RESOURCE_ID, ROLE_ID) values (22, 22, 1);
insert into ROLE_RESOURCE (ID, RESOURCE_ID, ROLE_ID) values (23, 23, 1);
insert into ROLE_RESOURCE (ID, RESOURCE_ID, ROLE_ID) values (24, 24, 1);
insert into ROLE_RESOURCE (ID, RESOURCE_ID, ROLE_ID) values (25, 25, 1);
insert into ROLE_RESOURCE (ID, RESOURCE_ID, ROLE_ID) values (26, 26, 1);
insert into ROLE_RESOURCE (ID, RESOURCE_ID, ROLE_ID) values (27, 27, 1);
insert into ROLE_RESOURCE (ID, RESOURCE_ID, ROLE_ID) values (28, 28, 1);
insert into ROLE_RESOURCE (ID, RESOURCE_ID, ROLE_ID) values (29, 29, 1);
insert into ROLE_RESOURCE (ID, RESOURCE_ID, ROLE_ID) values (30, 30, 1);
insert into ROLE_RESOURCE (ID, RESOURCE_ID, ROLE_ID) values (31, 31, 1);
insert into ROLE_RESOURCE (ID, RESOURCE_ID, ROLE_ID) values (32, 32, 1);
insert into ROLE_RESOURCE (ID, RESOURCE_ID, ROLE_ID) values (33, 33, 1);
insert into ROLE_RESOURCE (ID, RESOURCE_ID, ROLE_ID) values (34, 34, 1);
insert into ROLE_RESOURCE (ID, RESOURCE_ID, ROLE_ID) values (35, 35, 1);
insert into ROLE_RESOURCE (ID, RESOURCE_ID, ROLE_ID) values (36, 36, 1);
insert into ROLE_RESOURCE (ID, RESOURCE_ID, ROLE_ID) values (37, 37, 1);
insert into ROLE_RESOURCE (ID, RESOURCE_ID, ROLE_ID) values (38, 38, 1);
insert into ROLE_RESOURCE (ID, RESOURCE_ID, ROLE_ID) values (39, 39, 1);
insert into ROLE_RESOURCE (ID, RESOURCE_ID, ROLE_ID) values (40, 40, 1);
insert into ROLE_RESOURCE (ID, RESOURCE_ID, ROLE_ID) values (41, 41, 1);
insert into ROLE_RESOURCE (ID, RESOURCE_ID, ROLE_ID) values (42, 42, 1);
insert into ROLE_RESOURCE (ID, RESOURCE_ID, ROLE_ID) values (43, 43, 1);
insert into ROLE_RESOURCE (ID, RESOURCE_ID, ROLE_ID) values (44, 44, 1);
insert into ROLE_RESOURCE (ID, RESOURCE_ID, ROLE_ID) values (45, 45, 1);
insert into ROLE_RESOURCE (ID, RESOURCE_ID, ROLE_ID) values (46, 46, 1);
insert into ROLE_RESOURCE (ID, RESOURCE_ID, ROLE_ID) values (47, 47, 1);
insert into ROLE_RESOURCE (ID, RESOURCE_ID, ROLE_ID) values (48, 48, 1);
insert into ROLE_RESOURCE (ID, RESOURCE_ID, ROLE_ID) values (49, 49, 1);
insert into ROLE_RESOURCE (ID, RESOURCE_ID, ROLE_ID) values (50, 50, 1);
insert into ROLE_RESOURCE (ID, RESOURCE_ID, ROLE_ID) values (51, 51, 1);
insert into ROLE_RESOURCE (ID, RESOURCE_ID, ROLE_ID) values (52, 52, 1);
insert into ROLE_RESOURCE (ID, RESOURCE_ID, ROLE_ID) values (53, 53, 1);
insert into ROLE_RESOURCE (ID, RESOURCE_ID, ROLE_ID) values (54, 54, 1);
insert into ROLE_RESOURCE (ID, RESOURCE_ID, ROLE_ID) values (55, 55, 1);
insert into ROLE_RESOURCE (ID, RESOURCE_ID, ROLE_ID) values (56, 56, 1);
insert into ROLE_RESOURCE (ID, RESOURCE_ID, ROLE_ID) values (57, 57, 1);
insert into ROLE_RESOURCE (ID, RESOURCE_ID, ROLE_ID) values (58, 58, 1);
insert into ROLE_RESOURCE (ID, RESOURCE_ID, ROLE_ID) values (59, 59, 1);
insert into ROLE_RESOURCE (ID, RESOURCE_ID, ROLE_ID) values (60, 60, 1);
insert into ROLE_RESOURCE (ID, RESOURCE_ID, ROLE_ID) values (61, 61, 1);
insert into ROLE_RESOURCE (ID, RESOURCE_ID, ROLE_ID) values (62, 62, 1);
insert into ROLE_RESOURCE (ID, RESOURCE_ID, ROLE_ID) values (63, 63, 1);
insert into ROLE_RESOURCE (ID, RESOURCE_ID, ROLE_ID) values (64, 64, 1);
insert into ROLE_RESOURCE (ID, RESOURCE_ID, ROLE_ID) values (65, 65, 1);
insert into ROLE_RESOURCE (ID, RESOURCE_ID, ROLE_ID) values (66, 66, 1);
insert into ROLE_RESOURCE (ID, RESOURCE_ID, ROLE_ID) values (67, 67, 1);
insert into ROLE_RESOURCE (ID, RESOURCE_ID, ROLE_ID) values (68, 68, 1);
insert into ROLE_RESOURCE (ID, RESOURCE_ID, ROLE_ID) values (69, 69, 1);
insert into ROLE_RESOURCE (ID, RESOURCE_ID, ROLE_ID) values (70, 70, 1);
insert into ROLE_RESOURCE (ID, RESOURCE_ID, ROLE_ID) values (71, 71, 1);
insert into ROLE_RESOURCE (ID, RESOURCE_ID, ROLE_ID) values (72, 72, 1);
insert into ROLE_RESOURCE (ID, RESOURCE_ID, ROLE_ID) values (73, 73, 1);
insert into ROLE_RESOURCE (ID, RESOURCE_ID, ROLE_ID) values (74, 74, 1);
insert into ROLE_RESOURCE (ID, RESOURCE_ID, ROLE_ID) values (75, 75, 1);
insert into ROLE_RESOURCE (ID, RESOURCE_ID, ROLE_ID) values (76, 76, 1);
insert into ROLE_RESOURCE (ID, RESOURCE_ID, ROLE_ID) values (77, 77, 1);
insert into ROLE_RESOURCE (ID, RESOURCE_ID, ROLE_ID) values (78, 78, 1);
insert into ROLE_RESOURCE (ID, RESOURCE_ID, ROLE_ID) values (79, 79, 1);
insert into ROLE_RESOURCE (ID, RESOURCE_ID, ROLE_ID) values (80, 80, 1);
insert into ROLE_RESOURCE (ID, RESOURCE_ID, ROLE_ID) values (81, 81, 1);
insert into ROLE_RESOURCE (ID, RESOURCE_ID, ROLE_ID) values (82, 82, 1);
insert into ROLE_RESOURCE (ID, RESOURCE_ID, ROLE_ID) values (83, 83, 1);
insert into ROLE_RESOURCE (ID, RESOURCE_ID, ROLE_ID) values (84, 84, 1);
insert into ROLE_RESOURCE (ID, RESOURCE_ID, ROLE_ID) values (85, 85, 1);
insert into ROLE_RESOURCE (ID, RESOURCE_ID, ROLE_ID) values (86, 86, 1);
insert into ROLE_RESOURCE (ID, RESOURCE_ID, ROLE_ID) values (87, 87, 1);
insert into ROLE_RESOURCE (ID, RESOURCE_ID, ROLE_ID) values (88, 88, 1);
insert into ROLE_RESOURCE (ID, RESOURCE_ID, ROLE_ID) values (89, 89, 1);
insert into ROLE_RESOURCE (ID, RESOURCE_ID, ROLE_ID) values (90, 90, 1);
insert into ROLE_RESOURCE (ID, RESOURCE_ID, ROLE_ID) values (91, 91, 1);
insert into ROLE_RESOURCE (ID, RESOURCE_ID, ROLE_ID) values (92, 92, 1);
insert into ROLE_RESOURCE (ID, RESOURCE_ID, ROLE_ID) values (93, 93, 1);
insert into ROLE_RESOURCE (ID, RESOURCE_ID, ROLE_ID) values (94, 94, 1);
insert into ROLE_RESOURCE (ID, RESOURCE_ID, ROLE_ID) values (95, 95, 1);
insert into ROLE_RESOURCE (ID, RESOURCE_ID, ROLE_ID) values (96, 96, 1);
insert into ROLE_RESOURCE (ID, RESOURCE_ID, ROLE_ID) values (97, 97, 1);
insert into ROLE_RESOURCE (ID, RESOURCE_ID, ROLE_ID) values (98, 98, 1);
insert into ROLE_RESOURCE (ID, RESOURCE_ID, ROLE_ID) values (99, 99, 1);
insert into ROLE_RESOURCE (ID, RESOURCE_ID, ROLE_ID) values (100, 100, 1);
insert into ROLE_RESOURCE (ID, RESOURCE_ID, ROLE_ID) values (101, 101, 1);
insert into ROLE_RESOURCE (ID, RESOURCE_ID, ROLE_ID) values (102, 102, 1);
insert into ROLE_RESOURCE (ID, RESOURCE_ID, ROLE_ID) values (103, 103, 1);
insert into ROLE_RESOURCE (ID, RESOURCE_ID, ROLE_ID) values (104, 104, 1);
insert into ROLE_RESOURCE (ID, RESOURCE_ID, ROLE_ID) values (105, 105, 1);
insert into ROLE_RESOURCE (ID, RESOURCE_ID, ROLE_ID) values (106, 106, 1);
insert into ROLE_RESOURCE (ID, RESOURCE_ID, ROLE_ID) values (107, 107, 1);
insert into ROLE_RESOURCE (ID, RESOURCE_ID, ROLE_ID) values (108, 108, 1);
insert into ROLE_RESOURCE (ID, RESOURCE_ID, ROLE_ID) values (109, 109, 1);
insert into ROLE_RESOURCE (ID, RESOURCE_ID, ROLE_ID) values (110, 110, 1);
insert into ROLE_RESOURCE (ID, RESOURCE_ID, ROLE_ID) values (111, 111, 1);
insert into ROLE_RESOURCE (ID, RESOURCE_ID, ROLE_ID) values (112, 112, 1);
insert into ROLE_RESOURCE (ID, RESOURCE_ID, ROLE_ID) values (113, 113, 1);
insert into ROLE_RESOURCE (ID, RESOURCE_ID, ROLE_ID) values (114, 114, 1);
insert into ROLE_RESOURCE (ID, RESOURCE_ID, ROLE_ID) values (115, 115, 1);
insert into ROLE_RESOURCE (ID, RESOURCE_ID, ROLE_ID) values (116, 116, 1);
insert into ROLE_RESOURCE (ID, RESOURCE_ID, ROLE_ID) values (117, 117, 1);
insert into ROLE_RESOURCE (ID, RESOURCE_ID, ROLE_ID) values (118, 118, 1);
insert into ROLE_RESOURCE (ID, RESOURCE_ID, ROLE_ID) values (119, 119, 1);
insert into ROLE_RESOURCE (ID, RESOURCE_ID, ROLE_ID) values (120, 120, 1);
insert into ROLE_RESOURCE (ID, RESOURCE_ID, ROLE_ID) values (121, 121, 1);
insert into ROLE_RESOURCE (ID, RESOURCE_ID, ROLE_ID) values (122, 122, 1);
insert into ROLE_RESOURCE (ID, RESOURCE_ID, ROLE_ID) values (123, 123, 1);
insert into ROLE_RESOURCE (ID, RESOURCE_ID, ROLE_ID) values (124, 124, 1);
insert into ROLE_RESOURCE (ID, RESOURCE_ID, ROLE_ID) values (125, 125, 1);
insert into ROLE_RESOURCE (ID, RESOURCE_ID, ROLE_ID) values (126, 126, 1);
insert into ROLE_RESOURCE (ID, RESOURCE_ID, ROLE_ID) values (127, 127, 1);
insert into ROLE_RESOURCE (ID, RESOURCE_ID, ROLE_ID) values (128, 128, 1);
insert into ROLE_RESOURCE (ID, RESOURCE_ID, ROLE_ID) values (129, 129, 1);
insert into ROLE_RESOURCE (ID, RESOURCE_ID, ROLE_ID) values (130, 130, 1);
insert into ROLE_RESOURCE (ID, RESOURCE_ID, ROLE_ID) values (131, 131, 1);
insert into ROLE_RESOURCE (ID, RESOURCE_ID, ROLE_ID) values (132, 132, 1);
insert into ROLE_RESOURCE (ID, RESOURCE_ID, ROLE_ID) values (133, 133, 1);
insert into ROLE_RESOURCE (ID, RESOURCE_ID, ROLE_ID) values (134, 134, 1);
insert into ROLE_RESOURCE (ID, RESOURCE_ID, ROLE_ID) values (135, 135, 1);
insert into ROLE_RESOURCE (ID, RESOURCE_ID, ROLE_ID) values (136, 136, 1);
insert into ROLE_RESOURCE (ID, RESOURCE_ID, ROLE_ID) values (137, 137, 1);
insert into ROLE_RESOURCE (ID, RESOURCE_ID, ROLE_ID) values (138, 138, 1);
insert into ROLE_RESOURCE (ID, RESOURCE_ID, ROLE_ID) values (139, 139, 1);
insert into ROLE_RESOURCE (ID, RESOURCE_ID, ROLE_ID) values (140, 140, 1);
insert into ROLE_RESOURCE (ID, RESOURCE_ID, ROLE_ID) values (141, 141, 1);
insert into ROLE_RESOURCE (ID, RESOURCE_ID, ROLE_ID) values (142, 142, 1);
insert into ROLE_RESOURCE (ID, RESOURCE_ID, ROLE_ID) values (143, 143, 1);
insert into ROLE_RESOURCE (ID, RESOURCE_ID, ROLE_ID) values (144, 144, 1);
insert into ROLE_RESOURCE (ID, RESOURCE_ID, ROLE_ID) values (145, 145, 1);
insert into ROLE_RESOURCE (ID, RESOURCE_ID, ROLE_ID) values (146, 146, 1);
insert into ROLE_RESOURCE (ID, RESOURCE_ID, ROLE_ID) values (147, 147, 1);
insert into ROLE_RESOURCE (ID, RESOURCE_ID, ROLE_ID) values (148, 148, 1);
insert into ROLE_RESOURCE (ID, RESOURCE_ID, ROLE_ID) values (149, 149, 1);
insert into ROLE_RESOURCE (ID, RESOURCE_ID, ROLE_ID) values (150, 150, 1);
insert into ROLE_RESOURCE (ID, RESOURCE_ID, ROLE_ID) values (151, 151, 1);
insert into ROLE_RESOURCE (ID, RESOURCE_ID, ROLE_ID) values (152, 152, 1);
insert into ROLE_RESOURCE (ID, RESOURCE_ID, ROLE_ID) values (153, 153, 1);
insert into ROLE_RESOURCE (ID, RESOURCE_ID, ROLE_ID) values (154, 154, 1);
insert into ROLE_RESOURCE (ID, RESOURCE_ID, ROLE_ID) values (155, 155, 1);
insert into ROLE_RESOURCE (ID, RESOURCE_ID, ROLE_ID) values (156, 156, 1);
insert into ROLE_RESOURCE (ID, RESOURCE_ID, ROLE_ID) values (157, 157, 1);
insert into ROLE_RESOURCE (ID, RESOURCE_ID, ROLE_ID) values (158, 158, 1);
insert into ROLE_RESOURCE (ID, RESOURCE_ID, ROLE_ID) values (159, 159, 1);
insert into ROLE_RESOURCE (ID, RESOURCE_ID, ROLE_ID) values (160, 160, 1);
insert into ROLE_RESOURCE (ID, RESOURCE_ID, ROLE_ID) values (161, 161, 1);
insert into ROLE_RESOURCE (ID, RESOURCE_ID, ROLE_ID) values (162, 162, 1);
insert into ROLE_RESOURCE (ID, RESOURCE_ID, ROLE_ID) values (163, 163, 1);
insert into ROLE_RESOURCE (ID, RESOURCE_ID, ROLE_ID) values (164, 164, 1);
insert into ROLE_RESOURCE (ID, RESOURCE_ID, ROLE_ID) values (165, 165, 1);
insert into ROLE_RESOURCE (ID, RESOURCE_ID, ROLE_ID) values (166, 166, 1);
insert into ROLE_RESOURCE (ID, RESOURCE_ID, ROLE_ID) values (167, 167, 1);
insert into ROLE_RESOURCE (ID, RESOURCE_ID, ROLE_ID) values (168, 168, 1);
insert into ROLE_RESOURCE (ID, RESOURCE_ID, ROLE_ID) values (169, 169, 1);
insert into ROLE_RESOURCE (ID, RESOURCE_ID, ROLE_ID) values (170, 170, 1);
insert into ROLE_RESOURCE (ID, RESOURCE_ID, ROLE_ID) values (171, 171, 1);
insert into ROLE_RESOURCE (ID, RESOURCE_ID, ROLE_ID) values (172, 172, 1);
insert into ROLE_RESOURCE (ID, RESOURCE_ID, ROLE_ID) values (173, 173, 1);
insert into ROLE_RESOURCE (ID, RESOURCE_ID, ROLE_ID) values (174, 174, 1);
insert into ROLE_RESOURCE (ID, RESOURCE_ID, ROLE_ID) values (175, 175, 1);
insert into ROLE_RESOURCE (ID, RESOURCE_ID, ROLE_ID) values (176, 176, 1);
insert into ROLE_RESOURCE (ID, RESOURCE_ID, ROLE_ID) values (177, 177, 1);
insert into ROLE_RESOURCE (ID, RESOURCE_ID, ROLE_ID) values (178, 178, 1);
insert into ROLE_RESOURCE (ID, RESOURCE_ID, ROLE_ID) values (179, 179, 1);
insert into ROLE_RESOURCE (ID, RESOURCE_ID, ROLE_ID) values (180, 180, 1);
insert into ROLE_RESOURCE (ID, RESOURCE_ID, ROLE_ID) values (181, 181, 1);
insert into ROLE_RESOURCE (ID, RESOURCE_ID, ROLE_ID) values (182, 182, 1);
insert into ROLE_RESOURCE (ID, RESOURCE_ID, ROLE_ID) values (183, 183, 1);
insert into ROLE_RESOURCE (ID, RESOURCE_ID, ROLE_ID) values (184, 184, 1);
insert into ROLE_RESOURCE (ID, RESOURCE_ID, ROLE_ID) values (185, 185, 1);
insert into ROLE_RESOURCE (ID, RESOURCE_ID, ROLE_ID) values (186, 186, 1);
insert into ROLE_RESOURCE (ID, RESOURCE_ID, ROLE_ID) values (187, 187, 1);
insert into ROLE_RESOURCE (ID, RESOURCE_ID, ROLE_ID) values (188, 188, 1);
insert into ROLE_RESOURCE (ID, RESOURCE_ID, ROLE_ID) values (189, 189, 1);
insert into ROLE_RESOURCE (ID, RESOURCE_ID, ROLE_ID) values (190, 190, 1);
insert into ROLE_RESOURCE (ID, RESOURCE_ID, ROLE_ID) values (191, 191, 1);
insert into ROLE_RESOURCE (ID, RESOURCE_ID, ROLE_ID) values (192, 192, 1);
insert into ROLE_RESOURCE (ID, RESOURCE_ID, ROLE_ID) values (193, 193, 1);
insert into ROLE_RESOURCE (ID, RESOURCE_ID, ROLE_ID) values (194, 194, 1);
insert into ROLE_RESOURCE (ID, RESOURCE_ID, ROLE_ID) values (195, 195, 1);
insert into ROLE_RESOURCE (ID, RESOURCE_ID, ROLE_ID) values (196, 196, 1);
insert into ROLE_RESOURCE (ID, RESOURCE_ID, ROLE_ID) values (197, 197, 1);
insert into ROLE_RESOURCE (ID, RESOURCE_ID, ROLE_ID) values (198, 198, 1);
insert into ROLE_RESOURCE (ID, RESOURCE_ID, ROLE_ID) values (199, 199, 1);
insert into ROLE_RESOURCE (ID, RESOURCE_ID, ROLE_ID) values (200, 200, 1);
insert into ROLE_RESOURCE (ID, RESOURCE_ID, ROLE_ID) values (201, 201, 1);
insert into ROLE_RESOURCE (ID, RESOURCE_ID, ROLE_ID) values (202, 202, 1);
insert into ROLE_RESOURCE (ID, RESOURCE_ID, ROLE_ID) values (203, 203, 1);
insert into ROLE_RESOURCE (ID, RESOURCE_ID, ROLE_ID) values (204, 204, 1);
insert into ROLE_RESOURCE (ID, RESOURCE_ID, ROLE_ID) values (205, 205, 1);
insert into ROLE_RESOURCE (ID, RESOURCE_ID, ROLE_ID) values (206, 206, 1);
insert into ROLE_RESOURCE (ID, RESOURCE_ID, ROLE_ID) values (207, 207, 1);
insert into ROLE_RESOURCE (ID, RESOURCE_ID, ROLE_ID) values (208, 208, 1);
insert into ROLE_RESOURCE (ID, RESOURCE_ID, ROLE_ID) values (209, 209, 1);
insert into ROLE_RESOURCE (ID, RESOURCE_ID, ROLE_ID) values (210, 210, 1);
insert into ROLE_RESOURCE (ID, RESOURCE_ID, ROLE_ID) values (211, 211, 1);
insert into ROLE_RESOURCE (ID, RESOURCE_ID, ROLE_ID) values (212, 212, 1);
insert into ROLE_RESOURCE (ID, RESOURCE_ID, ROLE_ID) values (213, 213, 1);
insert into ROLE_RESOURCE (ID, RESOURCE_ID, ROLE_ID) values (214, 214, 1);
insert into ROLE_RESOURCE (ID, RESOURCE_ID, ROLE_ID) values (215, 215, 1);
insert into ROLE_RESOURCE (ID, RESOURCE_ID, ROLE_ID) values (216, 216, 1);
insert into ROLE_RESOURCE (ID, RESOURCE_ID, ROLE_ID) values (217, 217, 1);
insert into ROLE_RESOURCE (ID, RESOURCE_ID, ROLE_ID) values (218, 218, 1);
insert into ROLE_RESOURCE (ID, RESOURCE_ID, ROLE_ID) values (219, 219, 1);
insert into ROLE_RESOURCE (ID, RESOURCE_ID, ROLE_ID) values (220, 220, 1);
insert into ROLE_RESOURCE (ID, RESOURCE_ID, ROLE_ID) values (221, 221, 1);
insert into ROLE_RESOURCE (ID, RESOURCE_ID, ROLE_ID) values (222, 222, 1);
insert into ROLE_RESOURCE (ID, RESOURCE_ID, ROLE_ID) values (223, 223, 1);
insert into ROLE_RESOURCE (ID, RESOURCE_ID, ROLE_ID) values (224, 224, 1);
insert into ROLE_RESOURCE (ID, RESOURCE_ID, ROLE_ID) values (225, 225, 1);
insert into ROLE_RESOURCE (ID, RESOURCE_ID, ROLE_ID) values (226, 226, 1);
insert into ROLE_RESOURCE (ID, RESOURCE_ID, ROLE_ID) values (227, 227, 1);
insert into ROLE_RESOURCE (ID, RESOURCE_ID, ROLE_ID) values (228, 228, 1);
insert into ROLE_RESOURCE (ID, RESOURCE_ID, ROLE_ID) values (229, 229, 1);
insert into ROLE_RESOURCE (ID, RESOURCE_ID, ROLE_ID) values (230, 230, 1);
insert into ROLE_RESOURCE (ID, RESOURCE_ID, ROLE_ID) values (231, 231, 1);
insert into ROLE_RESOURCE (ID, RESOURCE_ID, ROLE_ID) values (232, 232, 1);
insert into ROLE_RESOURCE (ID, RESOURCE_ID, ROLE_ID) values (233, 233, 1);
insert into ROLE_RESOURCE (ID, RESOURCE_ID, ROLE_ID) values (234, 234, 1);
insert into ROLE_RESOURCE (ID, RESOURCE_ID, ROLE_ID) values (235, 235, 1);
insert into ROLE_RESOURCE (ID, RESOURCE_ID, ROLE_ID) values (236, 236, 1);
insert into ROLE_RESOURCE (ID, RESOURCE_ID, ROLE_ID) values (237, 237, 1);
insert into ROLE_RESOURCE (ID, RESOURCE_ID, ROLE_ID) values (238, 238, 1);
insert into ROLE_RESOURCE (ID, RESOURCE_ID, ROLE_ID) values (239, 239, 1);
insert into ROLE_RESOURCE (ID, RESOURCE_ID, ROLE_ID) values (240, 240, 1);
insert into ROLE_RESOURCE (ID, RESOURCE_ID, ROLE_ID) values (241, 241, 1);
insert into ROLE_RESOURCE (ID, RESOURCE_ID, ROLE_ID) values (242, 242, 1);
insert into ROLE_RESOURCE (ID, RESOURCE_ID, ROLE_ID) values (243, 243, 1);
insert into ROLE_RESOURCE (ID, RESOURCE_ID, ROLE_ID) values (244, 244, 1);
insert into ROLE_RESOURCE (ID, RESOURCE_ID, ROLE_ID) values (245, 245, 1);
insert into ROLE_RESOURCE (ID, RESOURCE_ID, ROLE_ID) values (246, 246, 1);
insert into ROLE_RESOURCE (ID, RESOURCE_ID, ROLE_ID) values (247, 247, 1);
insert into ROLE_RESOURCE (ID, RESOURCE_ID, ROLE_ID) values (248, 248, 1);
insert into ROLE_RESOURCE (ID, RESOURCE_ID, ROLE_ID) values (249, 249, 1);
insert into ROLE_RESOURCE (ID, RESOURCE_ID, ROLE_ID) values (250, 250, 1);
insert into ROLE_RESOURCE (ID, RESOURCE_ID, ROLE_ID) values (251, 251, 1);
insert into ROLE_RESOURCE (ID, RESOURCE_ID, ROLE_ID) values (252, 252, 1);
insert into ROLE_RESOURCE (ID, RESOURCE_ID, ROLE_ID) values (253, 253, 1);
insert into ROLE_RESOURCE (ID, RESOURCE_ID, ROLE_ID) values (254, 254, 1);
insert into ROLE_RESOURCE (ID, RESOURCE_ID, ROLE_ID) values (255, 255, 1);
insert into ROLE_RESOURCE (ID, RESOURCE_ID, ROLE_ID) values (256, 256, 1);
insert into ROLE_RESOURCE (ID, RESOURCE_ID, ROLE_ID) values (257, 257, 1);
insert into ROLE_RESOURCE (ID, RESOURCE_ID, ROLE_ID) values (258, 258, 1);
insert into ROLE_RESOURCE (ID, RESOURCE_ID, ROLE_ID) values (259, 259, 1);
insert into ROLE_RESOURCE (ID, RESOURCE_ID, ROLE_ID) values (260, 260, 1);
insert into ROLE_RESOURCE (ID, RESOURCE_ID, ROLE_ID) values (261, 261, 1);
insert into ROLE_RESOURCE (ID, RESOURCE_ID, ROLE_ID) values (262, 262, 1);
insert into ROLE_RESOURCE (ID, RESOURCE_ID, ROLE_ID) values (263, 263, 1);
insert into ROLE_RESOURCE (ID, RESOURCE_ID, ROLE_ID) values (264, 264, 1);
insert into ROLE_RESOURCE (ID, RESOURCE_ID, ROLE_ID) values (265, 265, 1);
insert into ROLE_RESOURCE (ID, RESOURCE_ID, ROLE_ID) values (266, 266, 1);
insert into ROLE_RESOURCE (ID, RESOURCE_ID, ROLE_ID) values (267, 267, 1);
insert into ROLE_RESOURCE (ID, RESOURCE_ID, ROLE_ID) values (268, 268, 1);
insert into ROLE_RESOURCE (ID, RESOURCE_ID, ROLE_ID) values (269, 269, 1);
insert into ROLE_RESOURCE (ID, RESOURCE_ID, ROLE_ID) values (270, 270, 1);
insert into ROLE_RESOURCE (ID, RESOURCE_ID, ROLE_ID) values (271, 271, 1);
insert into ROLE_RESOURCE (ID, RESOURCE_ID, ROLE_ID) values (272, 272, 1);
insert into ROLE_RESOURCE (ID, RESOURCE_ID, ROLE_ID) values (273, 273, 1);
insert into ROLE_RESOURCE (ID, RESOURCE_ID, ROLE_ID) values (274, 274, 1);
insert into ROLE_RESOURCE (ID, RESOURCE_ID, ROLE_ID) values (275, 275, 1);
insert into ROLE_RESOURCE (ID, RESOURCE_ID, ROLE_ID) values (276, 276, 1);
insert into ROLE_RESOURCE (ID, RESOURCE_ID, ROLE_ID) values (277, 277, 1);
insert into ROLE_RESOURCE (ID, RESOURCE_ID, ROLE_ID) values (278, 278, 1);
insert into ROLE_RESOURCE (ID, RESOURCE_ID, ROLE_ID) values (279, 279, 1);
insert into ROLE_RESOURCE (ID, RESOURCE_ID, ROLE_ID) values (280, 280, 1);
insert into ROLE_RESOURCE (ID, RESOURCE_ID, ROLE_ID) values (281, 281, 1);
insert into ROLE_RESOURCE (ID, RESOURCE_ID, ROLE_ID) values (282, 282, 1);
insert into ROLE_RESOURCE (ID, RESOURCE_ID, ROLE_ID) values (283, 283, 1);
insert into ROLE_RESOURCE (ID, RESOURCE_ID, ROLE_ID) values (284, 284, 1);
insert into ROLE_RESOURCE (ID, RESOURCE_ID, ROLE_ID) values (285, 285, 1);
insert into ROLE_RESOURCE (ID, RESOURCE_ID, ROLE_ID) values (286, 286, 1);
insert into ROLE_RESOURCE (ID, RESOURCE_ID, ROLE_ID) values (287, 287, 1);
insert into ROLE_RESOURCE (ID, RESOURCE_ID, ROLE_ID) values (288, 288, 1);
insert into ROLE_RESOURCE (ID, RESOURCE_ID, ROLE_ID) values (289, 289, 1);
insert into ROLE_RESOURCE (ID, RESOURCE_ID, ROLE_ID) values (290, 290, 1);
insert into ROLE_RESOURCE (ID, RESOURCE_ID, ROLE_ID) values (291, 291, 1);
insert into ROLE_RESOURCE (ID, RESOURCE_ID, ROLE_ID) values (292, 292, 1);
insert into ROLE_RESOURCE (ID, RESOURCE_ID, ROLE_ID) values (293, 293, 1);
insert into ROLE_RESOURCE (ID, RESOURCE_ID, ROLE_ID) values (294, 294, 1);
insert into ROLE_RESOURCE (ID, RESOURCE_ID, ROLE_ID) values (295, 295, 1);
insert into ROLE_RESOURCE (ID, RESOURCE_ID, ROLE_ID) values (296, 296, 1);
insert into ROLE_RESOURCE (ID, RESOURCE_ID, ROLE_ID) values (297, 297, 1);
insert into ROLE_RESOURCE (ID, RESOURCE_ID, ROLE_ID) values (298, 298, 1);
insert into ROLE_RESOURCE (ID, RESOURCE_ID, ROLE_ID) values (299, 299, 1);
insert into ROLE_RESOURCE (ID, RESOURCE_ID, ROLE_ID) values (300, 300, 1);
insert into ROLE_RESOURCE (ID, RESOURCE_ID, ROLE_ID) values (301, 301, 1);
insert into ROLE_RESOURCE (ID, RESOURCE_ID, ROLE_ID) values (302, 302, 1);
insert into ROLE_RESOURCE (ID, RESOURCE_ID, ROLE_ID) values (303, 303, 1);
insert into ROLE_RESOURCE (ID, RESOURCE_ID, ROLE_ID) values (304, 304, 1);
insert into ROLE_RESOURCE (ID, RESOURCE_ID, ROLE_ID) values (305, 305, 1);
insert into ROLE_RESOURCE (ID, RESOURCE_ID, ROLE_ID) values (306, 306, 1);
insert into ROLE_RESOURCE (ID, RESOURCE_ID, ROLE_ID) values (307, 307, 1);
insert into ROLE_RESOURCE (ID, RESOURCE_ID, ROLE_ID) values (308, 308, 1);
insert into ROLE_RESOURCE (ID, RESOURCE_ID, ROLE_ID) values (309, 309, 1);
insert into ROLE_RESOURCE (ID, RESOURCE_ID, ROLE_ID) values (310, 310, 1);
insert into ROLE_RESOURCE (ID, RESOURCE_ID, ROLE_ID) values (311, 311, 1);
insert into ROLE_RESOURCE (ID, RESOURCE_ID, ROLE_ID) values (312, 312, 1);
insert into ROLE_RESOURCE (ID, RESOURCE_ID, ROLE_ID) values (313, 313, 1);
insert into ROLE_RESOURCE (ID, RESOURCE_ID, ROLE_ID) values (314, 314, 1);
insert into ROLE_RESOURCE (ID, RESOURCE_ID, ROLE_ID) values (315, 315, 1);
insert into ROLE_RESOURCE (ID, RESOURCE_ID, ROLE_ID) values (316, 316, 1);
insert into ROLE_RESOURCE (ID, RESOURCE_ID, ROLE_ID) values (317, 317, 1);
insert into ROLE_RESOURCE (ID, RESOURCE_ID, ROLE_ID) values (318, 318, 1);
insert into ROLE_RESOURCE (ID, RESOURCE_ID, ROLE_ID) values (319, 319, 1);
insert into ROLE_RESOURCE (ID, RESOURCE_ID, ROLE_ID) values (320, 320, 1);
insert into ROLE_RESOURCE (ID, RESOURCE_ID, ROLE_ID) values (321, 321, 1);
insert into ROLE_RESOURCE (ID, RESOURCE_ID, ROLE_ID) values (501, 1, 2);
insert into ROLE_RESOURCE (ID, RESOURCE_ID, ROLE_ID) values (502, 2, 2);
insert into ROLE_RESOURCE (ID, RESOURCE_ID, ROLE_ID) values (503, 3, 2);
insert into ROLE_RESOURCE (ID, RESOURCE_ID, ROLE_ID) values (504, 4, 2);
insert into ROLE_RESOURCE (ID, RESOURCE_ID, ROLE_ID) values (505, 5, 2);
insert into ROLE_RESOURCE (ID, RESOURCE_ID, ROLE_ID) values (506, 6, 2);
insert into ROLE_RESOURCE (ID, RESOURCE_ID, ROLE_ID) values (507, 7, 2);
insert into ROLE_RESOURCE (ID, RESOURCE_ID, ROLE_ID) values (508, 8, 2);
insert into ROLE_RESOURCE (ID, RESOURCE_ID, ROLE_ID) values (509, 9, 2);
insert into ROLE_RESOURCE (ID, RESOURCE_ID, ROLE_ID) values (510, 10, 2);
insert into ROLE_RESOURCE (ID, RESOURCE_ID, ROLE_ID) values (511, 11, 2);
insert into ROLE_RESOURCE (ID, RESOURCE_ID, ROLE_ID) values (512, 12, 2);
insert into ROLE_RESOURCE (ID, RESOURCE_ID, ROLE_ID) values (513, 13, 2);
insert into ROLE_RESOURCE (ID, RESOURCE_ID, ROLE_ID) values (514, 14, 2);
insert into ROLE_RESOURCE (ID, RESOURCE_ID, ROLE_ID) values (515, 15, 2);
insert into ROLE_RESOURCE (ID, RESOURCE_ID, ROLE_ID) values (516, 16, 2);
insert into ROLE_RESOURCE (ID, RESOURCE_ID, ROLE_ID) values (517, 17, 2);
insert into ROLE_RESOURCE (ID, RESOURCE_ID, ROLE_ID) values (518, 18, 2);
insert into ROLE_RESOURCE (ID, RESOURCE_ID, ROLE_ID) values (519, 19, 2);
insert into ROLE_RESOURCE (ID, RESOURCE_ID, ROLE_ID) values (520, 20, 2);
insert into ROLE_RESOURCE (ID, RESOURCE_ID, ROLE_ID) values (521, 21, 2);
insert into ROLE_RESOURCE (ID, RESOURCE_ID, ROLE_ID) values (522, 22, 2);
insert into ROLE_RESOURCE (ID, RESOURCE_ID, ROLE_ID) values (523, 23, 2);
insert into ROLE_RESOURCE (ID, RESOURCE_ID, ROLE_ID) values (524, 24, 2);
insert into ROLE_RESOURCE (ID, RESOURCE_ID, ROLE_ID) values (525, 25, 2);
insert into ROLE_RESOURCE (ID, RESOURCE_ID, ROLE_ID) values (526, 26, 2);
insert into ROLE_RESOURCE (ID, RESOURCE_ID, ROLE_ID) values (527, 27, 2);
insert into ROLE_RESOURCE (ID, RESOURCE_ID, ROLE_ID) values (528, 28, 2);
insert into ROLE_RESOURCE (ID, RESOURCE_ID, ROLE_ID) values (529, 29, 2);
insert into ROLE_RESOURCE (ID, RESOURCE_ID, ROLE_ID) values (530, 30, 2);
insert into ROLE_RESOURCE (ID, RESOURCE_ID, ROLE_ID) values (531, 31, 2);
insert into ROLE_RESOURCE (ID, RESOURCE_ID, ROLE_ID) values (532, 32, 2);
insert into ROLE_RESOURCE (ID, RESOURCE_ID, ROLE_ID) values (533, 33, 2);
insert into ROLE_RESOURCE (ID, RESOURCE_ID, ROLE_ID) values (534, 34, 2);
insert into ROLE_RESOURCE (ID, RESOURCE_ID, ROLE_ID) values (535, 35, 2);
insert into ROLE_RESOURCE (ID, RESOURCE_ID, ROLE_ID) values (536, 36, 2);
insert into ROLE_RESOURCE (ID, RESOURCE_ID, ROLE_ID) values (537, 37, 2);
insert into ROLE_RESOURCE (ID, RESOURCE_ID, ROLE_ID) values (538, 38, 2);
insert into ROLE_RESOURCE (ID, RESOURCE_ID, ROLE_ID) values (539, 39, 2);
insert into ROLE_RESOURCE (ID, RESOURCE_ID, ROLE_ID) values (540, 40, 2);
insert into ROLE_RESOURCE (ID, RESOURCE_ID, ROLE_ID) values (541, 41, 2);
insert into ROLE_RESOURCE (ID, RESOURCE_ID, ROLE_ID) values (542, 42, 2);
insert into ROLE_RESOURCE (ID, RESOURCE_ID, ROLE_ID) values (543, 43, 2);
insert into ROLE_RESOURCE (ID, RESOURCE_ID, ROLE_ID) values (544, 44, 2);
insert into ROLE_RESOURCE (ID, RESOURCE_ID, ROLE_ID) values (545, 45, 2);
insert into ROLE_RESOURCE (ID, RESOURCE_ID, ROLE_ID) values (546, 46, 2);
insert into ROLE_RESOURCE (ID, RESOURCE_ID, ROLE_ID) values (547, 47, 2);
insert into ROLE_RESOURCE (ID, RESOURCE_ID, ROLE_ID) values (548, 48, 2);
insert into ROLE_RESOURCE (ID, RESOURCE_ID, ROLE_ID) values (549, 49, 2);
insert into ROLE_RESOURCE (ID, RESOURCE_ID, ROLE_ID) values (550, 50, 2);
insert into ROLE_RESOURCE (ID, RESOURCE_ID, ROLE_ID) values (551, 51, 2);
insert into ROLE_RESOURCE (ID, RESOURCE_ID, ROLE_ID) values (552, 52, 2);
insert into ROLE_RESOURCE (ID, RESOURCE_ID, ROLE_ID) values (553, 53, 2);
insert into ROLE_RESOURCE (ID, RESOURCE_ID, ROLE_ID) values (554, 54, 2);
insert into ROLE_RESOURCE (ID, RESOURCE_ID, ROLE_ID) values (555, 55, 2);
insert into ROLE_RESOURCE (ID, RESOURCE_ID, ROLE_ID) values (556, 56, 2);
insert into ROLE_RESOURCE (ID, RESOURCE_ID, ROLE_ID) values (557, 57, 2);
insert into ROLE_RESOURCE (ID, RESOURCE_ID, ROLE_ID) values (558, 58, 2);
insert into ROLE_RESOURCE (ID, RESOURCE_ID, ROLE_ID) values (559, 59, 2);
insert into ROLE_RESOURCE (ID, RESOURCE_ID, ROLE_ID) values (560, 60, 2);
insert into ROLE_RESOURCE (ID, RESOURCE_ID, ROLE_ID) values (561, 61, 2);
insert into ROLE_RESOURCE (ID, RESOURCE_ID, ROLE_ID) values (562, 62, 2);
insert into ROLE_RESOURCE (ID, RESOURCE_ID, ROLE_ID) values (563, 63, 2);
insert into ROLE_RESOURCE (ID, RESOURCE_ID, ROLE_ID) values (564, 64, 2);
insert into ROLE_RESOURCE (ID, RESOURCE_ID, ROLE_ID) values (565, 65, 2);
insert into ROLE_RESOURCE (ID, RESOURCE_ID, ROLE_ID) values (566, 66, 2);
insert into ROLE_RESOURCE (ID, RESOURCE_ID, ROLE_ID) values (567, 67, 2);
insert into ROLE_RESOURCE (ID, RESOURCE_ID, ROLE_ID) values (568, 68, 2);
insert into ROLE_RESOURCE (ID, RESOURCE_ID, ROLE_ID) values (569, 69, 2);
insert into ROLE_RESOURCE (ID, RESOURCE_ID, ROLE_ID) values (570, 70, 2);
insert into ROLE_RESOURCE (ID, RESOURCE_ID, ROLE_ID) values (571, 71, 2);
insert into ROLE_RESOURCE (ID, RESOURCE_ID, ROLE_ID) values (572, 72, 2);
insert into ROLE_RESOURCE (ID, RESOURCE_ID, ROLE_ID) values (573, 73, 2);
insert into ROLE_RESOURCE (ID, RESOURCE_ID, ROLE_ID) values (574, 74, 2);
insert into ROLE_RESOURCE (ID, RESOURCE_ID, ROLE_ID) values (575, 75, 2);
insert into ROLE_RESOURCE (ID, RESOURCE_ID, ROLE_ID) values (576, 76, 2);
insert into ROLE_RESOURCE (ID, RESOURCE_ID, ROLE_ID) values (577, 77, 2);
insert into ROLE_RESOURCE (ID, RESOURCE_ID, ROLE_ID) values (578, 78, 2);
insert into ROLE_RESOURCE (ID, RESOURCE_ID, ROLE_ID) values (579, 79, 2);
insert into ROLE_RESOURCE (ID, RESOURCE_ID, ROLE_ID) values (580, 80, 2);
insert into ROLE_RESOURCE (ID, RESOURCE_ID, ROLE_ID) values (581, 81, 2);
insert into ROLE_RESOURCE (ID, RESOURCE_ID, ROLE_ID) values (582, 82, 2);
insert into ROLE_RESOURCE (ID, RESOURCE_ID, ROLE_ID) values (583, 83, 2);
insert into ROLE_RESOURCE (ID, RESOURCE_ID, ROLE_ID) values (584, 84, 2);
insert into ROLE_RESOURCE (ID, RESOURCE_ID, ROLE_ID) values (585, 85, 2);
insert into ROLE_RESOURCE (ID, RESOURCE_ID, ROLE_ID) values (586, 86, 2);
insert into ROLE_RESOURCE (ID, RESOURCE_ID, ROLE_ID) values (587, 87, 2);
insert into ROLE_RESOURCE (ID, RESOURCE_ID, ROLE_ID) values (588, 88, 2);
insert into ROLE_RESOURCE (ID, RESOURCE_ID, ROLE_ID) values (589, 89, 2);
insert into ROLE_RESOURCE (ID, RESOURCE_ID, ROLE_ID) values (590, 90, 2);
insert into ROLE_RESOURCE (ID, RESOURCE_ID, ROLE_ID) values (591, 91, 2);
insert into ROLE_RESOURCE (ID, RESOURCE_ID, ROLE_ID) values (592, 92, 2);
insert into ROLE_RESOURCE (ID, RESOURCE_ID, ROLE_ID) values (593, 93, 2);
insert into ROLE_RESOURCE (ID, RESOURCE_ID, ROLE_ID) values (594, 94, 2);
insert into ROLE_RESOURCE (ID, RESOURCE_ID, ROLE_ID) values (595, 95, 2);
insert into ROLE_RESOURCE (ID, RESOURCE_ID, ROLE_ID) values (596, 96, 2);
insert into ROLE_RESOURCE (ID, RESOURCE_ID, ROLE_ID) values (597, 97, 2);
insert into ROLE_RESOURCE (ID, RESOURCE_ID, ROLE_ID) values (598, 98, 2);
insert into ROLE_RESOURCE (ID, RESOURCE_ID, ROLE_ID) values (599, 99, 2);
insert into ROLE_RESOURCE (ID, RESOURCE_ID, ROLE_ID) values (600, 100, 2);
insert into ROLE_RESOURCE (ID, RESOURCE_ID, ROLE_ID) values (601, 101, 2);
insert into ROLE_RESOURCE (ID, RESOURCE_ID, ROLE_ID) values (602, 102, 2);
insert into ROLE_RESOURCE (ID, RESOURCE_ID, ROLE_ID) values (603, 103, 2);
insert into ROLE_RESOURCE (ID, RESOURCE_ID, ROLE_ID) values (604, 104, 2);
insert into ROLE_RESOURCE (ID, RESOURCE_ID, ROLE_ID) values (605, 105, 2);
insert into ROLE_RESOURCE (ID, RESOURCE_ID, ROLE_ID) values (606, 106, 2);
insert into ROLE_RESOURCE (ID, RESOURCE_ID, ROLE_ID) values (607, 107, 2);
insert into ROLE_RESOURCE (ID, RESOURCE_ID, ROLE_ID) values (608, 108, 2);
insert into ROLE_RESOURCE (ID, RESOURCE_ID, ROLE_ID) values (609, 109, 2);
insert into ROLE_RESOURCE (ID, RESOURCE_ID, ROLE_ID) values (610, 110, 2);
insert into ROLE_RESOURCE (ID, RESOURCE_ID, ROLE_ID) values (611, 111, 2);
insert into ROLE_RESOURCE (ID, RESOURCE_ID, ROLE_ID) values (612, 112, 2);
insert into ROLE_RESOURCE (ID, RESOURCE_ID, ROLE_ID) values (613, 113, 2);
insert into ROLE_RESOURCE (ID, RESOURCE_ID, ROLE_ID) values (614, 114, 2);
insert into ROLE_RESOURCE (ID, RESOURCE_ID, ROLE_ID) values (615, 115, 2);
insert into ROLE_RESOURCE (ID, RESOURCE_ID, ROLE_ID) values (616, 116, 2);
insert into ROLE_RESOURCE (ID, RESOURCE_ID, ROLE_ID) values (617, 117, 2);
insert into ROLE_RESOURCE (ID, RESOURCE_ID, ROLE_ID) values (618, 118, 2);
insert into ROLE_RESOURCE (ID, RESOURCE_ID, ROLE_ID) values (619, 119, 2);
insert into ROLE_RESOURCE (ID, RESOURCE_ID, ROLE_ID) values (620, 120, 2);
insert into ROLE_RESOURCE (ID, RESOURCE_ID, ROLE_ID) values (621, 121, 2);
insert into ROLE_RESOURCE (ID, RESOURCE_ID, ROLE_ID) values (622, 122, 2);
insert into ROLE_RESOURCE (ID, RESOURCE_ID, ROLE_ID) values (623, 123, 2);
insert into ROLE_RESOURCE (ID, RESOURCE_ID, ROLE_ID) values (624, 124, 2);
insert into ROLE_RESOURCE (ID, RESOURCE_ID, ROLE_ID) values (625, 125, 2);
insert into ROLE_RESOURCE (ID, RESOURCE_ID, ROLE_ID) values (626, 126, 2);
insert into ROLE_RESOURCE (ID, RESOURCE_ID, ROLE_ID) values (627, 127, 2);
insert into ROLE_RESOURCE (ID, RESOURCE_ID, ROLE_ID) values (628, 128, 2);
insert into ROLE_RESOURCE (ID, RESOURCE_ID, ROLE_ID) values (629, 129, 2);
insert into ROLE_RESOURCE (ID, RESOURCE_ID, ROLE_ID) values (630, 130, 2);
insert into ROLE_RESOURCE (ID, RESOURCE_ID, ROLE_ID) values (631, 131, 2);
insert into ROLE_RESOURCE (ID, RESOURCE_ID, ROLE_ID) values (632, 132, 2);
insert into ROLE_RESOURCE (ID, RESOURCE_ID, ROLE_ID) values (633, 133, 2);
insert into ROLE_RESOURCE (ID, RESOURCE_ID, ROLE_ID) values (634, 134, 2);
insert into ROLE_RESOURCE (ID, RESOURCE_ID, ROLE_ID) values (635, 135, 2);
insert into ROLE_RESOURCE (ID, RESOURCE_ID, ROLE_ID) values (636, 136, 2);
insert into ROLE_RESOURCE (ID, RESOURCE_ID, ROLE_ID) values (637, 137, 2);
insert into ROLE_RESOURCE (ID, RESOURCE_ID, ROLE_ID) values (638, 138, 2);
insert into ROLE_RESOURCE (ID, RESOURCE_ID, ROLE_ID) values (639, 139, 2);
insert into ROLE_RESOURCE (ID, RESOURCE_ID, ROLE_ID) values (640, 140, 2);
insert into ROLE_RESOURCE (ID, RESOURCE_ID, ROLE_ID) values (641, 141, 2);
insert into ROLE_RESOURCE (ID, RESOURCE_ID, ROLE_ID) values (642, 142, 2);
insert into ROLE_RESOURCE (ID, RESOURCE_ID, ROLE_ID) values (643, 143, 2);
insert into ROLE_RESOURCE (ID, RESOURCE_ID, ROLE_ID) values (644, 144, 2);
insert into ROLE_RESOURCE (ID, RESOURCE_ID, ROLE_ID) values (645, 145, 2);
insert into ROLE_RESOURCE (ID, RESOURCE_ID, ROLE_ID) values (646, 146, 2);
insert into ROLE_RESOURCE (ID, RESOURCE_ID, ROLE_ID) values (647, 147, 2);
insert into ROLE_RESOURCE (ID, RESOURCE_ID, ROLE_ID) values (648, 148, 2);
insert into ROLE_RESOURCE (ID, RESOURCE_ID, ROLE_ID) values (649, 149, 2);
insert into ROLE_RESOURCE (ID, RESOURCE_ID, ROLE_ID) values (650, 150, 2);
insert into ROLE_RESOURCE (ID, RESOURCE_ID, ROLE_ID) values (651, 151, 2);
insert into ROLE_RESOURCE (ID, RESOURCE_ID, ROLE_ID) values (652, 152, 2);
insert into ROLE_RESOURCE (ID, RESOURCE_ID, ROLE_ID) values (653, 153, 2);
insert into ROLE_RESOURCE (ID, RESOURCE_ID, ROLE_ID) values (654, 154, 2);
insert into ROLE_RESOURCE (ID, RESOURCE_ID, ROLE_ID) values (655, 155, 2);
insert into ROLE_RESOURCE (ID, RESOURCE_ID, ROLE_ID) values (656, 156, 2);
insert into ROLE_RESOURCE (ID, RESOURCE_ID, ROLE_ID) values (657, 157, 2);
insert into ROLE_RESOURCE (ID, RESOURCE_ID, ROLE_ID) values (658, 158, 2);
insert into ROLE_RESOURCE (ID, RESOURCE_ID, ROLE_ID) values (659, 159, 2);
insert into ROLE_RESOURCE (ID, RESOURCE_ID, ROLE_ID) values (660, 160, 2);
insert into ROLE_RESOURCE (ID, RESOURCE_ID, ROLE_ID) values (661, 161, 2);
insert into ROLE_RESOURCE (ID, RESOURCE_ID, ROLE_ID) values (662, 162, 2);
insert into ROLE_RESOURCE (ID, RESOURCE_ID, ROLE_ID) values (663, 163, 2);
insert into ROLE_RESOURCE (ID, RESOURCE_ID, ROLE_ID) values (664, 164, 2);
insert into ROLE_RESOURCE (ID, RESOURCE_ID, ROLE_ID) values (665, 165, 2);
insert into ROLE_RESOURCE (ID, RESOURCE_ID, ROLE_ID) values (666, 166, 2);
insert into ROLE_RESOURCE (ID, RESOURCE_ID, ROLE_ID) values (667, 167, 2);
insert into ROLE_RESOURCE (ID, RESOURCE_ID, ROLE_ID) values (668, 168, 2);
insert into ROLE_RESOURCE (ID, RESOURCE_ID, ROLE_ID) values (669, 169, 2);
insert into ROLE_RESOURCE (ID, RESOURCE_ID, ROLE_ID) values (670, 170, 2);
insert into ROLE_RESOURCE (ID, RESOURCE_ID, ROLE_ID) values (671, 171, 2);
insert into ROLE_RESOURCE (ID, RESOURCE_ID, ROLE_ID) values (672, 172, 2);
insert into ROLE_RESOURCE (ID, RESOURCE_ID, ROLE_ID) values (673, 173, 2);
insert into ROLE_RESOURCE (ID, RESOURCE_ID, ROLE_ID) values (674, 174, 2);
insert into ROLE_RESOURCE (ID, RESOURCE_ID, ROLE_ID) values (675, 175, 2);
insert into ROLE_RESOURCE (ID, RESOURCE_ID, ROLE_ID) values (676, 176, 2);
insert into ROLE_RESOURCE (ID, RESOURCE_ID, ROLE_ID) values (677, 177, 2);
insert into ROLE_RESOURCE (ID, RESOURCE_ID, ROLE_ID) values (678, 178, 2);
insert into ROLE_RESOURCE (ID, RESOURCE_ID, ROLE_ID) values (679, 179, 2);
insert into ROLE_RESOURCE (ID, RESOURCE_ID, ROLE_ID) values (680, 180, 2);
insert into ROLE_RESOURCE (ID, RESOURCE_ID, ROLE_ID) values (681, 181, 2);
insert into ROLE_RESOURCE (ID, RESOURCE_ID, ROLE_ID) values (682, 182, 2);
insert into ROLE_RESOURCE (ID, RESOURCE_ID, ROLE_ID) values (683, 183, 2);
insert into ROLE_RESOURCE (ID, RESOURCE_ID, ROLE_ID) values (684, 184, 2);
insert into ROLE_RESOURCE (ID, RESOURCE_ID, ROLE_ID) values (685, 185, 2);
insert into ROLE_RESOURCE (ID, RESOURCE_ID, ROLE_ID) values (686, 186, 2);
insert into ROLE_RESOURCE (ID, RESOURCE_ID, ROLE_ID) values (687, 187, 2);
insert into ROLE_RESOURCE (ID, RESOURCE_ID, ROLE_ID) values (688, 188, 2);
insert into ROLE_RESOURCE (ID, RESOURCE_ID, ROLE_ID) values (689, 189, 2);
insert into ROLE_RESOURCE (ID, RESOURCE_ID, ROLE_ID) values (690, 190, 2);
insert into ROLE_RESOURCE (ID, RESOURCE_ID, ROLE_ID) values (691, 191, 2);
insert into ROLE_RESOURCE (ID, RESOURCE_ID, ROLE_ID) values (692, 192, 2);
insert into ROLE_RESOURCE (ID, RESOURCE_ID, ROLE_ID) values (693, 193, 2);
insert into ROLE_RESOURCE (ID, RESOURCE_ID, ROLE_ID) values (694, 194, 2);
insert into ROLE_RESOURCE (ID, RESOURCE_ID, ROLE_ID) values (695, 195, 2);
insert into ROLE_RESOURCE (ID, RESOURCE_ID, ROLE_ID) values (696, 196, 2);
insert into ROLE_RESOURCE (ID, RESOURCE_ID, ROLE_ID) values (697, 197, 2);
insert into ROLE_RESOURCE (ID, RESOURCE_ID, ROLE_ID) values (698, 198, 2);
insert into ROLE_RESOURCE (ID, RESOURCE_ID, ROLE_ID) values (699, 199, 2);
insert into ROLE_RESOURCE (ID, RESOURCE_ID, ROLE_ID) values (700, 200, 2);
insert into ROLE_RESOURCE (ID, RESOURCE_ID, ROLE_ID) values (701, 201, 2);
insert into ROLE_RESOURCE (ID, RESOURCE_ID, ROLE_ID) values (702, 202, 2);
insert into ROLE_RESOURCE (ID, RESOURCE_ID, ROLE_ID) values (703, 203, 2);
insert into ROLE_RESOURCE (ID, RESOURCE_ID, ROLE_ID) values (704, 204, 2);
insert into ROLE_RESOURCE (ID, RESOURCE_ID, ROLE_ID) values (705, 205, 2);
insert into ROLE_RESOURCE (ID, RESOURCE_ID, ROLE_ID) values (706, 206, 2);
insert into ROLE_RESOURCE (ID, RESOURCE_ID, ROLE_ID) values (707, 207, 2);
insert into ROLE_RESOURCE (ID, RESOURCE_ID, ROLE_ID) values (708, 208, 2);
insert into ROLE_RESOURCE (ID, RESOURCE_ID, ROLE_ID) values (709, 209, 2);
insert into ROLE_RESOURCE (ID, RESOURCE_ID, ROLE_ID) values (710, 210, 2);
insert into ROLE_RESOURCE (ID, RESOURCE_ID, ROLE_ID) values (711, 211, 2);
insert into ROLE_RESOURCE (ID, RESOURCE_ID, ROLE_ID) values (712, 212, 2);
insert into ROLE_RESOURCE (ID, RESOURCE_ID, ROLE_ID) values (713, 213, 2);
insert into ROLE_RESOURCE (ID, RESOURCE_ID, ROLE_ID) values (714, 214, 2);
insert into ROLE_RESOURCE (ID, RESOURCE_ID, ROLE_ID) values (715, 215, 2);
insert into ROLE_RESOURCE (ID, RESOURCE_ID, ROLE_ID) values (716, 216, 2);
insert into ROLE_RESOURCE (ID, RESOURCE_ID, ROLE_ID) values (717, 217, 2);
insert into ROLE_RESOURCE (ID, RESOURCE_ID, ROLE_ID) values (718, 218, 2);
insert into ROLE_RESOURCE (ID, RESOURCE_ID, ROLE_ID) values (719, 219, 2);
insert into ROLE_RESOURCE (ID, RESOURCE_ID, ROLE_ID) values (720, 220, 2);
insert into ROLE_RESOURCE (ID, RESOURCE_ID, ROLE_ID) values (721, 221, 2);
insert into ROLE_RESOURCE (ID, RESOURCE_ID, ROLE_ID) values (722, 222, 2);
insert into ROLE_RESOURCE (ID, RESOURCE_ID, ROLE_ID) values (723, 223, 2);
insert into ROLE_RESOURCE (ID, RESOURCE_ID, ROLE_ID) values (724, 224, 2);
insert into ROLE_RESOURCE (ID, RESOURCE_ID, ROLE_ID) values (725, 225, 2);
insert into ROLE_RESOURCE (ID, RESOURCE_ID, ROLE_ID) values (726, 226, 2);
insert into ROLE_RESOURCE (ID, RESOURCE_ID, ROLE_ID) values (727, 227, 2);
insert into ROLE_RESOURCE (ID, RESOURCE_ID, ROLE_ID) values (728, 228, 2);
insert into ROLE_RESOURCE (ID, RESOURCE_ID, ROLE_ID) values (729, 229, 2);
insert into ROLE_RESOURCE (ID, RESOURCE_ID, ROLE_ID) values (730, 230, 2);
insert into ROLE_RESOURCE (ID, RESOURCE_ID, ROLE_ID) values (731, 231, 2);
insert into ROLE_RESOURCE (ID, RESOURCE_ID, ROLE_ID) values (732, 232, 2);
insert into ROLE_RESOURCE (ID, RESOURCE_ID, ROLE_ID) values (733, 233, 2);
insert into ROLE_RESOURCE (ID, RESOURCE_ID, ROLE_ID) values (734, 234, 2);
insert into ROLE_RESOURCE (ID, RESOURCE_ID, ROLE_ID) values (735, 235, 2);
insert into ROLE_RESOURCE (ID, RESOURCE_ID, ROLE_ID) values (736, 236, 2);
insert into ROLE_RESOURCE (ID, RESOURCE_ID, ROLE_ID) values (737, 237, 2);
insert into ROLE_RESOURCE (ID, RESOURCE_ID, ROLE_ID) values (738, 238, 2);
insert into ROLE_RESOURCE (ID, RESOURCE_ID, ROLE_ID) values (739, 239, 2);
insert into ROLE_RESOURCE (ID, RESOURCE_ID, ROLE_ID) values (740, 240, 2);
insert into ROLE_RESOURCE (ID, RESOURCE_ID, ROLE_ID) values (741, 241, 2);
insert into ROLE_RESOURCE (ID, RESOURCE_ID, ROLE_ID) values (742, 242, 2);
insert into ROLE_RESOURCE (ID, RESOURCE_ID, ROLE_ID) values (743, 243, 2);
insert into ROLE_RESOURCE (ID, RESOURCE_ID, ROLE_ID) values (744, 244, 2);
insert into ROLE_RESOURCE (ID, RESOURCE_ID, ROLE_ID) values (745, 245, 2);
insert into ROLE_RESOURCE (ID, RESOURCE_ID, ROLE_ID) values (746, 246, 2);
insert into ROLE_RESOURCE (ID, RESOURCE_ID, ROLE_ID) values (747, 247, 2);
insert into ROLE_RESOURCE (ID, RESOURCE_ID, ROLE_ID) values (748, 248, 2);
insert into ROLE_RESOURCE (ID, RESOURCE_ID, ROLE_ID) values (749, 249, 2);
insert into ROLE_RESOURCE (ID, RESOURCE_ID, ROLE_ID) values (750, 250, 2);
insert into ROLE_RESOURCE (ID, RESOURCE_ID, ROLE_ID) values (751, 251, 2);
insert into ROLE_RESOURCE (ID, RESOURCE_ID, ROLE_ID) values (752, 252, 2);
insert into ROLE_RESOURCE (ID, RESOURCE_ID, ROLE_ID) values (753, 253, 2);
insert into ROLE_RESOURCE (ID, RESOURCE_ID, ROLE_ID) values (754, 254, 2);
insert into ROLE_RESOURCE (ID, RESOURCE_ID, ROLE_ID) values (755, 255, 2);
insert into ROLE_RESOURCE (ID, RESOURCE_ID, ROLE_ID) values (756, 256, 2);
insert into ROLE_RESOURCE (ID, RESOURCE_ID, ROLE_ID) values (757, 257, 2);
insert into ROLE_RESOURCE (ID, RESOURCE_ID, ROLE_ID) values (758, 258, 2);
insert into ROLE_RESOURCE (ID, RESOURCE_ID, ROLE_ID) values (759, 259, 2);
insert into ROLE_RESOURCE (ID, RESOURCE_ID, ROLE_ID) values (760, 260, 2);
insert into ROLE_RESOURCE (ID, RESOURCE_ID, ROLE_ID) values (761, 261, 2);
insert into ROLE_RESOURCE (ID, RESOURCE_ID, ROLE_ID) values (762, 262, 2);
insert into ROLE_RESOURCE (ID, RESOURCE_ID, ROLE_ID) values (763, 263, 2);
insert into ROLE_RESOURCE (ID, RESOURCE_ID, ROLE_ID) values (764, 264, 2);
insert into ROLE_RESOURCE (ID, RESOURCE_ID, ROLE_ID) values (765, 265, 2);
insert into ROLE_RESOURCE (ID, RESOURCE_ID, ROLE_ID) values (766, 266, 2);
insert into ROLE_RESOURCE (ID, RESOURCE_ID, ROLE_ID) values (767, 267, 2);
insert into ROLE_RESOURCE (ID, RESOURCE_ID, ROLE_ID) values (768, 268, 2);
insert into ROLE_RESOURCE (ID, RESOURCE_ID, ROLE_ID) values (769, 269, 2);
insert into ROLE_RESOURCE (ID, RESOURCE_ID, ROLE_ID) values (770, 270, 2);
insert into ROLE_RESOURCE (ID, RESOURCE_ID, ROLE_ID) values (771, 271, 2);
insert into ROLE_RESOURCE (ID, RESOURCE_ID, ROLE_ID) values (772, 272, 2);
insert into ROLE_RESOURCE (ID, RESOURCE_ID, ROLE_ID) values (773, 273, 2);
insert into ROLE_RESOURCE (ID, RESOURCE_ID, ROLE_ID) values (774, 274, 2);
insert into ROLE_RESOURCE (ID, RESOURCE_ID, ROLE_ID) values (775, 275, 2);
insert into ROLE_RESOURCE (ID, RESOURCE_ID, ROLE_ID) values (776, 276, 2);
insert into ROLE_RESOURCE (ID, RESOURCE_ID, ROLE_ID) values (777, 277, 2);
insert into ROLE_RESOURCE (ID, RESOURCE_ID, ROLE_ID) values (778, 278, 2);
insert into ROLE_RESOURCE (ID, RESOURCE_ID, ROLE_ID) values (779, 279, 2);
insert into ROLE_RESOURCE (ID, RESOURCE_ID, ROLE_ID) values (780, 280, 2);
insert into ROLE_RESOURCE (ID, RESOURCE_ID, ROLE_ID) values (781, 281, 2);
insert into ROLE_RESOURCE (ID, RESOURCE_ID, ROLE_ID) values (782, 282, 2);
insert into ROLE_RESOURCE (ID, RESOURCE_ID, ROLE_ID) values (783, 283, 2);
insert into ROLE_RESOURCE (ID, RESOURCE_ID, ROLE_ID) values (784, 284, 2);
insert into ROLE_RESOURCE (ID, RESOURCE_ID, ROLE_ID) values (785, 285, 2);
insert into ROLE_RESOURCE (ID, RESOURCE_ID, ROLE_ID) values (786, 286, 2);
insert into ROLE_RESOURCE (ID, RESOURCE_ID, ROLE_ID) values (787, 287, 2);
insert into ROLE_RESOURCE (ID, RESOURCE_ID, ROLE_ID) values (788, 288, 2);
insert into ROLE_RESOURCE (ID, RESOURCE_ID, ROLE_ID) values (789, 289, 2);
insert into ROLE_RESOURCE (ID, RESOURCE_ID, ROLE_ID) values (790, 290, 2);
insert into ROLE_RESOURCE (ID, RESOURCE_ID, ROLE_ID) values (791, 291, 2);
insert into ROLE_RESOURCE (ID, RESOURCE_ID, ROLE_ID) values (792, 292, 2);
insert into ROLE_RESOURCE (ID, RESOURCE_ID, ROLE_ID) values (793, 293, 2);
insert into ROLE_RESOURCE (ID, RESOURCE_ID, ROLE_ID) values (794, 294, 2);
insert into ROLE_RESOURCE (ID, RESOURCE_ID, ROLE_ID) values (795, 295, 2);
insert into ROLE_RESOURCE (ID, RESOURCE_ID, ROLE_ID) values (796, 296, 2);
insert into ROLE_RESOURCE (ID, RESOURCE_ID, ROLE_ID) values (797, 297, 2);
insert into ROLE_RESOURCE (ID, RESOURCE_ID, ROLE_ID) values (798, 298, 2);
insert into ROLE_RESOURCE (ID, RESOURCE_ID, ROLE_ID) values (799, 299, 2);
insert into ROLE_RESOURCE (ID, RESOURCE_ID, ROLE_ID) values (800, 300, 2);
insert into ROLE_RESOURCE (ID, RESOURCE_ID, ROLE_ID) values (801, 301, 2);
insert into ROLE_RESOURCE (ID, RESOURCE_ID, ROLE_ID) values (802, 302, 2);
insert into ROLE_RESOURCE (ID, RESOURCE_ID, ROLE_ID) values (803, 303, 2);
insert into ROLE_RESOURCE (ID, RESOURCE_ID, ROLE_ID) values (804, 304, 2);
insert into ROLE_RESOURCE (ID, RESOURCE_ID, ROLE_ID) values (805, 305, 2);
insert into ROLE_RESOURCE (ID, RESOURCE_ID, ROLE_ID) values (806, 306, 2);
insert into ROLE_RESOURCE (ID, RESOURCE_ID, ROLE_ID) values (807, 307, 2);
insert into ROLE_RESOURCE (ID, RESOURCE_ID, ROLE_ID) values (808, 308, 2);
insert into ROLE_RESOURCE (ID, RESOURCE_ID, ROLE_ID) values (809, 309, 2);
insert into ROLE_RESOURCE (ID, RESOURCE_ID, ROLE_ID) values (810, 310, 2);
insert into ROLE_RESOURCE (ID, RESOURCE_ID, ROLE_ID) values (811, 311, 2);
insert into ROLE_RESOURCE (ID, RESOURCE_ID, ROLE_ID) values (812, 312, 2);
insert into ROLE_RESOURCE (ID, RESOURCE_ID, ROLE_ID) values (813, 313, 2);
insert into ROLE_RESOURCE (ID, RESOURCE_ID, ROLE_ID) values (814, 314, 2);
insert into ROLE_RESOURCE (ID, RESOURCE_ID, ROLE_ID) values (815, 315, 2);
insert into ROLE_RESOURCE (ID, RESOURCE_ID, ROLE_ID) values (816, 316, 2);
insert into ROLE_RESOURCE (ID, RESOURCE_ID, ROLE_ID) values (817, 317, 2);
insert into ROLE_RESOURCE (ID, RESOURCE_ID, ROLE_ID) values (818, 318, 2);
insert into ROLE_RESOURCE (ID, RESOURCE_ID, ROLE_ID) values (819, 319, 2);
insert into ROLE_RESOURCE (ID, RESOURCE_ID, ROLE_ID) values (820, 320, 2);
insert into ROLE_RESOURCE (ID, RESOURCE_ID, ROLE_ID) values (821, 321, 2);


--集团支持用户

insert into ROLE_RESOURCE (ID, RESOURCE_ID, ROLE_ID) values (3001, 3, 20);
insert into ROLE_RESOURCE (ID, RESOURCE_ID, ROLE_ID) values (3002, 4, 20);
insert into ROLE_RESOURCE (ID, RESOURCE_ID, ROLE_ID) values (3003, 5, 20);
insert into ROLE_RESOURCE (ID, RESOURCE_ID, ROLE_ID) values (3004, 6, 20);
insert into ROLE_RESOURCE (ID, RESOURCE_ID, ROLE_ID) values (3005, 7, 20);
insert into ROLE_RESOURCE (ID, RESOURCE_ID, ROLE_ID) values (3006, 8, 20);
insert into ROLE_RESOURCE (ID, RESOURCE_ID, ROLE_ID) values (3007, 9, 20);
insert into ROLE_RESOURCE (ID, RESOURCE_ID, ROLE_ID) values (3008, 10, 20);
insert into ROLE_RESOURCE (ID, RESOURCE_ID, ROLE_ID) values (3009, 11, 20);
insert into ROLE_RESOURCE (ID, RESOURCE_ID, ROLE_ID) values (3010, 12, 20);
insert into ROLE_RESOURCE (ID, RESOURCE_ID, ROLE_ID) values (3011, 14, 20);
insert into ROLE_RESOURCE (ID, RESOURCE_ID, ROLE_ID) values (3012, 15, 20);
insert into ROLE_RESOURCE (ID, RESOURCE_ID, ROLE_ID) values (3013, 16, 20);
insert into ROLE_RESOURCE (ID, RESOURCE_ID, ROLE_ID) values (3014, 17, 20);
insert into ROLE_RESOURCE (ID, RESOURCE_ID, ROLE_ID) values (3015, 18, 20);
insert into ROLE_RESOURCE (ID, RESOURCE_ID, ROLE_ID) values (3016, 20, 20);
insert into ROLE_RESOURCE (ID, RESOURCE_ID, ROLE_ID) values (3017, 21, 20);
insert into ROLE_RESOURCE (ID, RESOURCE_ID, ROLE_ID) values (3018, 22, 20);
insert into ROLE_RESOURCE (ID, RESOURCE_ID, ROLE_ID) values (3019, 23, 20);
insert into ROLE_RESOURCE (ID, RESOURCE_ID, ROLE_ID) values (3020, 24, 20);
insert into ROLE_RESOURCE (ID, RESOURCE_ID, ROLE_ID) values (3021, 25, 20);
insert into ROLE_RESOURCE (ID, RESOURCE_ID, ROLE_ID) values (3022, 26, 20);
insert into ROLE_RESOURCE (ID, RESOURCE_ID, ROLE_ID) values (3023, 27, 20);
insert into ROLE_RESOURCE (ID, RESOURCE_ID, ROLE_ID) values (3024, 28, 20);
insert into ROLE_RESOURCE (ID, RESOURCE_ID, ROLE_ID) values (3025, 29, 20);
insert into ROLE_RESOURCE (ID, RESOURCE_ID, ROLE_ID) values (3026, 30, 20);
insert into ROLE_RESOURCE (ID, RESOURCE_ID, ROLE_ID) values (3027, 31, 20);
insert into ROLE_RESOURCE (ID, RESOURCE_ID, ROLE_ID) values (3028, 32, 20);
insert into ROLE_RESOURCE (ID, RESOURCE_ID, ROLE_ID) values (3029, 33, 20);
insert into ROLE_RESOURCE (ID, RESOURCE_ID, ROLE_ID) values (3030, 34, 20);
insert into ROLE_RESOURCE (ID, RESOURCE_ID, ROLE_ID) values (3031, 35, 20);
insert into ROLE_RESOURCE (ID, RESOURCE_ID, ROLE_ID) values (3032, 36, 20);
insert into ROLE_RESOURCE (ID, RESOURCE_ID, ROLE_ID) values (3033, 37, 20);
insert into ROLE_RESOURCE (ID, RESOURCE_ID, ROLE_ID) values (3034, 38, 20);
insert into ROLE_RESOURCE (ID, RESOURCE_ID, ROLE_ID) values (3035, 39, 20);
insert into ROLE_RESOURCE (ID, RESOURCE_ID, ROLE_ID) values (3036, 40, 20);
insert into ROLE_RESOURCE (ID, RESOURCE_ID, ROLE_ID) values (3037, 42, 20);
insert into ROLE_RESOURCE (ID, RESOURCE_ID, ROLE_ID) values (3038, 43, 20);
insert into ROLE_RESOURCE (ID, RESOURCE_ID, ROLE_ID) values (3039, 44, 20);
insert into ROLE_RESOURCE (ID, RESOURCE_ID, ROLE_ID) values (3040, 45, 20);
insert into ROLE_RESOURCE (ID, RESOURCE_ID, ROLE_ID) values (3041, 46, 20);
insert into ROLE_RESOURCE (ID, RESOURCE_ID, ROLE_ID) values (3042, 47, 20);
insert into ROLE_RESOURCE (ID, RESOURCE_ID, ROLE_ID) values (3043, 48, 20);
insert into ROLE_RESOURCE (ID, RESOURCE_ID, ROLE_ID) values (3044, 49, 20);
insert into ROLE_RESOURCE (ID, RESOURCE_ID, ROLE_ID) values (3045, 50, 20);
insert into ROLE_RESOURCE (ID, RESOURCE_ID, ROLE_ID) values (3046, 51, 20);
insert into ROLE_RESOURCE (ID, RESOURCE_ID, ROLE_ID) values (3047, 52, 20);
insert into ROLE_RESOURCE (ID, RESOURCE_ID, ROLE_ID) values (3048, 53, 20);
insert into ROLE_RESOURCE (ID, RESOURCE_ID, ROLE_ID) values (3049, 59, 20);
insert into ROLE_RESOURCE (ID, RESOURCE_ID, ROLE_ID) values (3050, 60, 20);
insert into ROLE_RESOURCE (ID, RESOURCE_ID, ROLE_ID) values (3051, 61, 20);
insert into ROLE_RESOURCE (ID, RESOURCE_ID, ROLE_ID) values (3052, 62, 20);
insert into ROLE_RESOURCE (ID, RESOURCE_ID, ROLE_ID) values (3053, 63, 20);
insert into ROLE_RESOURCE (ID, RESOURCE_ID, ROLE_ID) values (3054, 64, 20);
insert into ROLE_RESOURCE (ID, RESOURCE_ID, ROLE_ID) values (3055, 65, 20);
insert into ROLE_RESOURCE (ID, RESOURCE_ID, ROLE_ID) values (3056, 66, 20);
insert into ROLE_RESOURCE (ID, RESOURCE_ID, ROLE_ID) values (3057, 67, 20);
insert into ROLE_RESOURCE (ID, RESOURCE_ID, ROLE_ID) values (3058, 68, 20);
insert into ROLE_RESOURCE (ID, RESOURCE_ID, ROLE_ID) values (3059, 69, 20);
insert into ROLE_RESOURCE (ID, RESOURCE_ID, ROLE_ID) values (3060, 70, 20);
insert into ROLE_RESOURCE (ID, RESOURCE_ID, ROLE_ID) values (3061, 71, 20);
insert into ROLE_RESOURCE (ID, RESOURCE_ID, ROLE_ID) values (3062, 72, 20);
insert into ROLE_RESOURCE (ID, RESOURCE_ID, ROLE_ID) values (3063, 73, 20);
insert into ROLE_RESOURCE (ID, RESOURCE_ID, ROLE_ID) values (3064, 74, 20);
insert into ROLE_RESOURCE (ID, RESOURCE_ID, ROLE_ID) values (3065, 75, 20);
insert into ROLE_RESOURCE (ID, RESOURCE_ID, ROLE_ID) values (3066, 76, 20);
insert into ROLE_RESOURCE (ID, RESOURCE_ID, ROLE_ID) values (3067, 77, 20);
insert into ROLE_RESOURCE (ID, RESOURCE_ID, ROLE_ID) values (3068, 78, 20);
insert into ROLE_RESOURCE (ID, RESOURCE_ID, ROLE_ID) values (3069, 79, 20);
insert into ROLE_RESOURCE (ID, RESOURCE_ID, ROLE_ID) values (3070, 80, 20);
insert into ROLE_RESOURCE (ID, RESOURCE_ID, ROLE_ID) values (3071, 81, 20);
insert into ROLE_RESOURCE (ID, RESOURCE_ID, ROLE_ID) values (3072, 82, 20);
insert into ROLE_RESOURCE (ID, RESOURCE_ID, ROLE_ID) values (3073, 83, 20);
insert into ROLE_RESOURCE (ID, RESOURCE_ID, ROLE_ID) values (3074, 84, 20);
insert into ROLE_RESOURCE (ID, RESOURCE_ID, ROLE_ID) values (3075, 85, 20);
insert into ROLE_RESOURCE (ID, RESOURCE_ID, ROLE_ID) values (3076, 86, 20);
insert into ROLE_RESOURCE (ID, RESOURCE_ID, ROLE_ID) values (3077, 87, 20);
insert into ROLE_RESOURCE (ID, RESOURCE_ID, ROLE_ID) values (3078, 88, 20);
insert into ROLE_RESOURCE (ID, RESOURCE_ID, ROLE_ID) values (3079, 89, 20);
insert into ROLE_RESOURCE (ID, RESOURCE_ID, ROLE_ID) values (3080, 90, 20);
insert into ROLE_RESOURCE (ID, RESOURCE_ID, ROLE_ID) values (3081, 91, 20);
insert into ROLE_RESOURCE (ID, RESOURCE_ID, ROLE_ID) values (3082, 92, 20);
insert into ROLE_RESOURCE (ID, RESOURCE_ID, ROLE_ID) values (3083, 93, 20);
insert into ROLE_RESOURCE (ID, RESOURCE_ID, ROLE_ID) values (3084, 94, 20);
insert into ROLE_RESOURCE (ID, RESOURCE_ID, ROLE_ID) values (3085, 95, 20);
insert into ROLE_RESOURCE (ID, RESOURCE_ID, ROLE_ID) values (3086, 96, 20);
insert into ROLE_RESOURCE (ID, RESOURCE_ID, ROLE_ID) values (3087, 97, 20);
insert into ROLE_RESOURCE (ID, RESOURCE_ID, ROLE_ID) values (3088, 98, 20);
insert into ROLE_RESOURCE (ID, RESOURCE_ID, ROLE_ID) values (3089, 99, 20);
insert into ROLE_RESOURCE (ID, RESOURCE_ID, ROLE_ID) values (3090, 100, 20);
insert into ROLE_RESOURCE (ID, RESOURCE_ID, ROLE_ID) values (3091, 101, 20);
insert into ROLE_RESOURCE (ID, RESOURCE_ID, ROLE_ID) values (3092, 102, 20);
insert into ROLE_RESOURCE (ID, RESOURCE_ID, ROLE_ID) values (3093, 103, 20);
insert into ROLE_RESOURCE (ID, RESOURCE_ID, ROLE_ID) values (3094, 104, 20);
insert into ROLE_RESOURCE (ID, RESOURCE_ID, ROLE_ID) values (3095, 105, 20);
insert into ROLE_RESOURCE (ID, RESOURCE_ID, ROLE_ID) values (3096, 106, 20);
insert into ROLE_RESOURCE (ID, RESOURCE_ID, ROLE_ID) values (3097, 107, 20);
insert into ROLE_RESOURCE (ID, RESOURCE_ID, ROLE_ID) values (3098, 108, 20);
insert into ROLE_RESOURCE (ID, RESOURCE_ID, ROLE_ID) values (3099, 109, 20);
insert into ROLE_RESOURCE (ID, RESOURCE_ID, ROLE_ID) values (3100, 110, 20);
insert into ROLE_RESOURCE (ID, RESOURCE_ID, ROLE_ID) values (3101, 111, 20);
insert into ROLE_RESOURCE (ID, RESOURCE_ID, ROLE_ID) values (3102, 112, 20);
insert into ROLE_RESOURCE (ID, RESOURCE_ID, ROLE_ID) values (3103, 113, 20);
insert into ROLE_RESOURCE (ID, RESOURCE_ID, ROLE_ID) values (3104, 114, 20);
insert into ROLE_RESOURCE (ID, RESOURCE_ID, ROLE_ID) values (3105, 115, 20);
insert into ROLE_RESOURCE (ID, RESOURCE_ID, ROLE_ID) values (3106, 116, 20);
insert into ROLE_RESOURCE (ID, RESOURCE_ID, ROLE_ID) values (3107, 117, 20);
insert into ROLE_RESOURCE (ID, RESOURCE_ID, ROLE_ID) values (3108, 118, 20);
insert into ROLE_RESOURCE (ID, RESOURCE_ID, ROLE_ID) values (3109, 119, 20);
insert into ROLE_RESOURCE (ID, RESOURCE_ID, ROLE_ID) values (3110, 120, 20);
insert into ROLE_RESOURCE (ID, RESOURCE_ID, ROLE_ID) values (3111, 121, 20);
insert into ROLE_RESOURCE (ID, RESOURCE_ID, ROLE_ID) values (3112, 122, 20);
insert into ROLE_RESOURCE (ID, RESOURCE_ID, ROLE_ID) values (3113, 123, 20);

--门卫

insert into ROLE_RESOURCE (ID, RESOURCE_ID, ROLE_ID) values (1001, 172, 22);
insert into ROLE_RESOURCE (ID, RESOURCE_ID, ROLE_ID) values (1002, 173, 22);
insert into ROLE_RESOURCE (ID, RESOURCE_ID, ROLE_ID) values (1003, 174, 22);
insert into ROLE_RESOURCE (ID, RESOURCE_ID, ROLE_ID) values (1004, 175, 22);
insert into ROLE_RESOURCE (ID, RESOURCE_ID, ROLE_ID) values (1005, 176, 22);
insert into ROLE_RESOURCE (ID, RESOURCE_ID, ROLE_ID) values (1006, 177, 22);
insert into ROLE_RESOURCE (ID, RESOURCE_ID, ROLE_ID) values (1007, 178, 22);
insert into ROLE_RESOURCE (ID, RESOURCE_ID, ROLE_ID) values (1008, 179, 22);
insert into ROLE_RESOURCE (ID, RESOURCE_ID, ROLE_ID) values (1009, 180, 22);
insert into ROLE_RESOURCE (ID, RESOURCE_ID, ROLE_ID) values (1010, 181, 22);
insert into ROLE_RESOURCE (ID, RESOURCE_ID, ROLE_ID) values (1011, 182, 22);
insert into ROLE_RESOURCE (ID, RESOURCE_ID, ROLE_ID) values (1012, 183, 22);
insert into ROLE_RESOURCE (ID, RESOURCE_ID, ROLE_ID) values (1013, 184, 22);
insert into ROLE_RESOURCE (ID, RESOURCE_ID, ROLE_ID) values (1014, 185, 22);
insert into ROLE_RESOURCE (ID, RESOURCE_ID, ROLE_ID) values (1015, 186, 22);
insert into ROLE_RESOURCE (ID, RESOURCE_ID, ROLE_ID) values (1016, 187, 22);
insert into ROLE_RESOURCE (ID, RESOURCE_ID, ROLE_ID) values (1017, 188, 22);
insert into ROLE_RESOURCE (ID, RESOURCE_ID, ROLE_ID) values (1018, 189, 22);

--贸易内勤

insert into ROLE_RESOURCE (ID, RESOURCE_ID, ROLE_ID) values (1019, 54, 21);
insert into ROLE_RESOURCE (ID, RESOURCE_ID, ROLE_ID) values (1020, 55, 21);
insert into ROLE_RESOURCE (ID, RESOURCE_ID, ROLE_ID) values (1021, 56, 21);
insert into ROLE_RESOURCE (ID, RESOURCE_ID, ROLE_ID) values (1022, 57, 21);
insert into ROLE_RESOURCE (ID, RESOURCE_ID, ROLE_ID) values (1023, 58, 21);
insert into ROLE_RESOURCE (ID, RESOURCE_ID, ROLE_ID) values (1024, 61, 21);
insert into ROLE_RESOURCE (ID, RESOURCE_ID, ROLE_ID) values (1025, 65, 21);
insert into ROLE_RESOURCE (ID, RESOURCE_ID, ROLE_ID) values (1026, 76, 21);
insert into ROLE_RESOURCE (ID, RESOURCE_ID, ROLE_ID) values (1027, 88, 21);
insert into ROLE_RESOURCE (ID, RESOURCE_ID, ROLE_ID) values (1028, 96, 21);
insert into ROLE_RESOURCE (ID, RESOURCE_ID, ROLE_ID) values (1029, 97, 21);
insert into ROLE_RESOURCE (ID, RESOURCE_ID, ROLE_ID) values (1030, 98, 21);
insert into ROLE_RESOURCE (ID, RESOURCE_ID, ROLE_ID) values (1031, 99, 21);
insert into ROLE_RESOURCE (ID, RESOURCE_ID, ROLE_ID) values (1032, 100, 21);
insert into ROLE_RESOURCE (ID, RESOURCE_ID, ROLE_ID) values (1033, 101, 21);
insert into ROLE_RESOURCE (ID, RESOURCE_ID, ROLE_ID) values (1034, 102, 21);
insert into ROLE_RESOURCE (ID, RESOURCE_ID, ROLE_ID) values (1035, 105, 21);
insert into ROLE_RESOURCE (ID, RESOURCE_ID, ROLE_ID) values (1036, 110, 21);
insert into ROLE_RESOURCE (ID, RESOURCE_ID, ROLE_ID) values (1037, 124, 21);
insert into ROLE_RESOURCE (ID, RESOURCE_ID, ROLE_ID) values (1038, 125, 21);
insert into ROLE_RESOURCE (ID, RESOURCE_ID, ROLE_ID) values (1039, 126, 21);
insert into ROLE_RESOURCE (ID, RESOURCE_ID, ROLE_ID) values (1040, 127, 21);
insert into ROLE_RESOURCE (ID, RESOURCE_ID, ROLE_ID) values (1041, 128, 21);
insert into ROLE_RESOURCE (ID, RESOURCE_ID, ROLE_ID) values (1042, 129, 21);
insert into ROLE_RESOURCE (ID, RESOURCE_ID, ROLE_ID) values (1043, 130, 21);
insert into ROLE_RESOURCE (ID, RESOURCE_ID, ROLE_ID) values (1044, 131, 21);
insert into ROLE_RESOURCE (ID, RESOURCE_ID, ROLE_ID) values (1045, 132, 21);
insert into ROLE_RESOURCE (ID, RESOURCE_ID, ROLE_ID) values (1046, 133, 21);
insert into ROLE_RESOURCE (ID, RESOURCE_ID, ROLE_ID) values (1047, 134, 21);
insert into ROLE_RESOURCE (ID, RESOURCE_ID, ROLE_ID) values (1048, 135, 21);
insert into ROLE_RESOURCE (ID, RESOURCE_ID, ROLE_ID) values (1049, 136, 21);
insert into ROLE_RESOURCE (ID, RESOURCE_ID, ROLE_ID) values (1050, 137, 21);
insert into ROLE_RESOURCE (ID, RESOURCE_ID, ROLE_ID) values (1051, 138, 21);
insert into ROLE_RESOURCE (ID, RESOURCE_ID, ROLE_ID) values (1052, 139, 21);
insert into ROLE_RESOURCE (ID, RESOURCE_ID, ROLE_ID) values (1053, 140, 21);
insert into ROLE_RESOURCE (ID, RESOURCE_ID, ROLE_ID) values (1054, 141, 21);
insert into ROLE_RESOURCE (ID, RESOURCE_ID, ROLE_ID) values (1055, 142, 21);
insert into ROLE_RESOURCE (ID, RESOURCE_ID, ROLE_ID) values (1056, 143, 21);
insert into ROLE_RESOURCE (ID, RESOURCE_ID, ROLE_ID) values (1057, 144, 21);
insert into ROLE_RESOURCE (ID, RESOURCE_ID, ROLE_ID) values (1058, 145, 21);
insert into ROLE_RESOURCE (ID, RESOURCE_ID, ROLE_ID) values (1059, 146, 21);
insert into ROLE_RESOURCE (ID, RESOURCE_ID, ROLE_ID) values (1060, 147, 21);
insert into ROLE_RESOURCE (ID, RESOURCE_ID, ROLE_ID) values (1061, 148, 21);
insert into ROLE_RESOURCE (ID, RESOURCE_ID, ROLE_ID) values (1062, 149, 21);
insert into ROLE_RESOURCE (ID, RESOURCE_ID, ROLE_ID) values (1063, 150, 21);
insert into ROLE_RESOURCE (ID, RESOURCE_ID, ROLE_ID) values (1064, 151, 21);
insert into ROLE_RESOURCE (ID, RESOURCE_ID, ROLE_ID) values (1065, 160, 21);
insert into ROLE_RESOURCE (ID, RESOURCE_ID, ROLE_ID) values (1066, 152, 21);
insert into ROLE_RESOURCE (ID, RESOURCE_ID, ROLE_ID) values (1067, 153, 21);
insert into ROLE_RESOURCE (ID, RESOURCE_ID, ROLE_ID) values (1068, 154, 21);
insert into ROLE_RESOURCE (ID, RESOURCE_ID, ROLE_ID) values (1069, 155, 21);
insert into ROLE_RESOURCE (ID, RESOURCE_ID, ROLE_ID) values (1070, 156, 21);
insert into ROLE_RESOURCE (ID, RESOURCE_ID, ROLE_ID) values (1071, 157, 21);
insert into ROLE_RESOURCE (ID, RESOURCE_ID, ROLE_ID) values (1072, 158, 21);
insert into ROLE_RESOURCE (ID, RESOURCE_ID, ROLE_ID) values (1073, 159, 21);
insert into ROLE_RESOURCE (ID, RESOURCE_ID, ROLE_ID) values (1074, 161, 21);
insert into ROLE_RESOURCE (ID, RESOURCE_ID, ROLE_ID) values (1075, 162, 21);
insert into ROLE_RESOURCE (ID, RESOURCE_ID, ROLE_ID) values (1076, 163, 21);
insert into ROLE_RESOURCE (ID, RESOURCE_ID, ROLE_ID) values (1077, 164, 21);
insert into ROLE_RESOURCE (ID, RESOURCE_ID, ROLE_ID) values (1078, 165, 21);
insert into ROLE_RESOURCE (ID, RESOURCE_ID, ROLE_ID) values (1079, 166, 21);
insert into ROLE_RESOURCE (ID, RESOURCE_ID, ROLE_ID) values (1080, 167, 21);
insert into ROLE_RESOURCE (ID, RESOURCE_ID, ROLE_ID) values (1081, 168, 21);
insert into ROLE_RESOURCE (ID, RESOURCE_ID, ROLE_ID) values (1082, 169, 21);
insert into ROLE_RESOURCE (ID, RESOURCE_ID, ROLE_ID) values (1083, 170, 21);
insert into ROLE_RESOURCE (ID, RESOURCE_ID, ROLE_ID) values (1084, 173, 21);
insert into ROLE_RESOURCE (ID, RESOURCE_ID, ROLE_ID) values (1085, 174, 21);
insert into ROLE_RESOURCE (ID, RESOURCE_ID, ROLE_ID) values (1086, 175, 21);
insert into ROLE_RESOURCE (ID, RESOURCE_ID, ROLE_ID) values (1087, 176, 21);
insert into ROLE_RESOURCE (ID, RESOURCE_ID, ROLE_ID) values (1088, 177, 21);
insert into ROLE_RESOURCE (ID, RESOURCE_ID, ROLE_ID) values (1089, 178, 21);
insert into ROLE_RESOURCE (ID, RESOURCE_ID, ROLE_ID) values (1090, 179, 21);
insert into ROLE_RESOURCE (ID, RESOURCE_ID, ROLE_ID) values (1091, 180, 21);
insert into ROLE_RESOURCE (ID, RESOURCE_ID, ROLE_ID) values (1092, 181, 21);
insert into ROLE_RESOURCE (ID, RESOURCE_ID, ROLE_ID) values (1093, 182, 21);
insert into ROLE_RESOURCE (ID, RESOURCE_ID, ROLE_ID) values (1094, 183, 21);
insert into ROLE_RESOURCE (ID, RESOURCE_ID, ROLE_ID) values (1095, 184, 21);
insert into ROLE_RESOURCE (ID, RESOURCE_ID, ROLE_ID) values (1096, 185, 21);
insert into ROLE_RESOURCE (ID, RESOURCE_ID, ROLE_ID) values (1097, 186, 21);
insert into ROLE_RESOURCE (ID, RESOURCE_ID, ROLE_ID) values (1098, 190, 21);
insert into ROLE_RESOURCE (ID, RESOURCE_ID, ROLE_ID) values (1099, 191, 21);
insert into ROLE_RESOURCE (ID, RESOURCE_ID, ROLE_ID) values (1100, 192, 21);
insert into ROLE_RESOURCE (ID, RESOURCE_ID, ROLE_ID) values (1101, 193, 21);
insert into ROLE_RESOURCE (ID, RESOURCE_ID, ROLE_ID) values (1102, 194, 21);
insert into ROLE_RESOURCE (ID, RESOURCE_ID, ROLE_ID) values (1103, 195, 21);
insert into ROLE_RESOURCE (ID, RESOURCE_ID, ROLE_ID) values (1104, 196, 21);
insert into ROLE_RESOURCE (ID, RESOURCE_ID, ROLE_ID) values (1105, 197, 21);
insert into ROLE_RESOURCE (ID, RESOURCE_ID, ROLE_ID) values (1106, 198, 21);
insert into ROLE_RESOURCE (ID, RESOURCE_ID, ROLE_ID) values (1107, 199, 21);
insert into ROLE_RESOURCE (ID, RESOURCE_ID, ROLE_ID) values (1108, 200, 21);
insert into ROLE_RESOURCE (ID, RESOURCE_ID, ROLE_ID) values (1109, 204, 21);
insert into ROLE_RESOURCE (ID, RESOURCE_ID, ROLE_ID) values (1110, 223, 21);
insert into ROLE_RESOURCE (ID, RESOURCE_ID, ROLE_ID) values (1111, 257, 21);
insert into ROLE_RESOURCE (ID, RESOURCE_ID, ROLE_ID) values (1112, 258, 21);
insert into ROLE_RESOURCE (ID, RESOURCE_ID, ROLE_ID) values (1113, 259, 21);
insert into ROLE_RESOURCE (ID, RESOURCE_ID, ROLE_ID) values (1114, 260, 21);
insert into ROLE_RESOURCE (ID, RESOURCE_ID, ROLE_ID) values (1115, 283, 21);
insert into ROLE_RESOURCE (ID, RESOURCE_ID, ROLE_ID) values (1116, 284, 21);
insert into ROLE_RESOURCE (ID, RESOURCE_ID, ROLE_ID) values (1117, 285, 21);
insert into ROLE_RESOURCE (ID, RESOURCE_ID, ROLE_ID) values (1118, 286, 21);
insert into ROLE_RESOURCE (ID, RESOURCE_ID, ROLE_ID) values (1119, 287, 21);
insert into ROLE_RESOURCE (ID, RESOURCE_ID, ROLE_ID) values (1120, 288, 21);
insert into ROLE_RESOURCE (ID, RESOURCE_ID, ROLE_ID) values (1121, 289, 21);
insert into ROLE_RESOURCE (ID, RESOURCE_ID, ROLE_ID) values (1122, 290, 21);

--品管检验员

insert into ROLE_RESOURCE (ID, RESOURCE_ID, ROLE_ID) values (1123, 87, 23);
insert into ROLE_RESOURCE (ID, RESOURCE_ID, ROLE_ID) values (1124, 88, 23);
insert into ROLE_RESOURCE (ID, RESOURCE_ID, ROLE_ID) values (1125, 89, 23);
insert into ROLE_RESOURCE (ID, RESOURCE_ID, ROLE_ID) values (1126, 90, 23);
insert into ROLE_RESOURCE (ID, RESOURCE_ID, ROLE_ID) values (1127, 91, 23);
insert into ROLE_RESOURCE (ID, RESOURCE_ID, ROLE_ID) values (1128, 92, 23);
insert into ROLE_RESOURCE (ID, RESOURCE_ID, ROLE_ID) values (1129, 220, 23);
insert into ROLE_RESOURCE (ID, RESOURCE_ID, ROLE_ID) values (1130, 221, 23);
insert into ROLE_RESOURCE (ID, RESOURCE_ID, ROLE_ID) values (1131, 222, 23);
insert into ROLE_RESOURCE (ID, RESOURCE_ID, ROLE_ID) values (1132, 223, 23);
insert into ROLE_RESOURCE (ID, RESOURCE_ID, ROLE_ID) values (1133, 224, 23);
insert into ROLE_RESOURCE (ID, RESOURCE_ID, ROLE_ID) values (1134, 225, 23);
insert into ROLE_RESOURCE (ID, RESOURCE_ID, ROLE_ID) values (1135, 226, 23);
insert into ROLE_RESOURCE (ID, RESOURCE_ID, ROLE_ID) values (1136, 227, 23);
insert into ROLE_RESOURCE (ID, RESOURCE_ID, ROLE_ID) values (1137, 228, 23);
insert into ROLE_RESOURCE (ID, RESOURCE_ID, ROLE_ID) values (1138, 229, 23);
insert into ROLE_RESOURCE (ID, RESOURCE_ID, ROLE_ID) values (1139, 230, 23);
insert into ROLE_RESOURCE (ID, RESOURCE_ID, ROLE_ID) values (1140, 231, 23);
insert into ROLE_RESOURCE (ID, RESOURCE_ID, ROLE_ID) values (1141, 232, 23);
insert into ROLE_RESOURCE (ID, RESOURCE_ID, ROLE_ID) values (1142, 233, 23);
insert into ROLE_RESOURCE (ID, RESOURCE_ID, ROLE_ID) values (1143, 234, 23);
insert into ROLE_RESOURCE (ID, RESOURCE_ID, ROLE_ID) values (1144, 235, 23);
insert into ROLE_RESOURCE (ID, RESOURCE_ID, ROLE_ID) values (1145, 236, 23);
insert into ROLE_RESOURCE (ID, RESOURCE_ID, ROLE_ID) values (1146, 237, 23);
insert into ROLE_RESOURCE (ID, RESOURCE_ID, ROLE_ID) values (1147, 238, 23);
insert into ROLE_RESOURCE (ID, RESOURCE_ID, ROLE_ID) values (1148, 239, 23);
insert into ROLE_RESOURCE (ID, RESOURCE_ID, ROLE_ID) values (1149, 240, 23);
insert into ROLE_RESOURCE (ID, RESOURCE_ID, ROLE_ID) values (1150, 241, 23);
insert into ROLE_RESOURCE (ID, RESOURCE_ID, ROLE_ID) values (1151, 242, 23);
insert into ROLE_RESOURCE (ID, RESOURCE_ID, ROLE_ID) values (1152, 243, 23);
insert into ROLE_RESOURCE (ID, RESOURCE_ID, ROLE_ID) values (1153, 244, 23);
insert into ROLE_RESOURCE (ID, RESOURCE_ID, ROLE_ID) values (1154, 245, 23);
insert into ROLE_RESOURCE (ID, RESOURCE_ID, ROLE_ID) values (1155, 246, 23);
insert into ROLE_RESOURCE (ID, RESOURCE_ID, ROLE_ID) values (1156, 247, 23);
insert into ROLE_RESOURCE (ID, RESOURCE_ID, ROLE_ID) values (1157, 248, 23);

--地磅员

insert into ROLE_RESOURCE (ID, RESOURCE_ID, ROLE_ID) values (1158, 182, 24);
insert into ROLE_RESOURCE (ID, RESOURCE_ID, ROLE_ID) values (1159, 201, 24);
insert into ROLE_RESOURCE (ID, RESOURCE_ID, ROLE_ID) values (1160, 202, 24);
insert into ROLE_RESOURCE (ID, RESOURCE_ID, ROLE_ID) values (1161, 203, 24);
insert into ROLE_RESOURCE (ID, RESOURCE_ID, ROLE_ID) values (1162, 204, 24);
insert into ROLE_RESOURCE (ID, RESOURCE_ID, ROLE_ID) values (1163, 205, 24);
insert into ROLE_RESOURCE (ID, RESOURCE_ID, ROLE_ID) values (1164, 206, 24);
insert into ROLE_RESOURCE (ID, RESOURCE_ID, ROLE_ID) values (1165, 207, 24);
insert into ROLE_RESOURCE (ID, RESOURCE_ID, ROLE_ID) values (1166, 208, 24);
insert into ROLE_RESOURCE (ID, RESOURCE_ID, ROLE_ID) values (1167, 209, 24);
insert into ROLE_RESOURCE (ID, RESOURCE_ID, ROLE_ID) values (1168, 210, 24);
insert into ROLE_RESOURCE (ID, RESOURCE_ID, ROLE_ID) values (1169, 211, 24);
insert into ROLE_RESOURCE (ID, RESOURCE_ID, ROLE_ID) values (1170, 212, 24);
insert into ROLE_RESOURCE (ID, RESOURCE_ID, ROLE_ID) values (1171, 213, 24);
insert into ROLE_RESOURCE (ID, RESOURCE_ID, ROLE_ID) values (1172, 214, 24);
insert into ROLE_RESOURCE (ID, RESOURCE_ID, ROLE_ID) values (1173, 215, 24);
insert into ROLE_RESOURCE (ID, RESOURCE_ID, ROLE_ID) values (1174, 216, 24);
insert into ROLE_RESOURCE (ID, RESOURCE_ID, ROLE_ID) values (1175, 217, 24);
insert into ROLE_RESOURCE (ID, RESOURCE_ID, ROLE_ID) values (1176, 218, 24);
insert into ROLE_RESOURCE (ID, RESOURCE_ID, ROLE_ID) values (1177, 219, 24);
insert into ROLE_RESOURCE (ID, RESOURCE_ID, ROLE_ID) values (1178, 237, 24);
insert into ROLE_RESOURCE (ID, RESOURCE_ID, ROLE_ID) values (1179, 238, 24);
insert into ROLE_RESOURCE (ID, RESOURCE_ID, ROLE_ID) values (1180, 239, 24);
insert into ROLE_RESOURCE (ID, RESOURCE_ID, ROLE_ID) values (1181, 240, 24);
insert into ROLE_RESOURCE (ID, RESOURCE_ID, ROLE_ID) values (1182, 241, 24);
insert into ROLE_RESOURCE (ID, RESOURCE_ID, ROLE_ID) values (1183, 242, 24);
insert into ROLE_RESOURCE (ID, RESOURCE_ID, ROLE_ID) values (1184, 243, 24);
insert into ROLE_RESOURCE (ID, RESOURCE_ID, ROLE_ID) values (1185, 244, 24);
insert into ROLE_RESOURCE (ID, RESOURCE_ID, ROLE_ID) values (1186, 245, 24);
insert into ROLE_RESOURCE (ID, RESOURCE_ID, ROLE_ID) values (1187, 246, 24);
insert into ROLE_RESOURCE (ID, RESOURCE_ID, ROLE_ID) values (1188, 247, 24);
insert into ROLE_RESOURCE (ID, RESOURCE_ID, ROLE_ID) values (1189, 248, 24);

--物流内勤

insert into ROLE_RESOURCE (ID, RESOURCE_ID, ROLE_ID) values (1190, 182, 25);
insert into ROLE_RESOURCE (ID, RESOURCE_ID, ROLE_ID) values (1191, 190, 25);
insert into ROLE_RESOURCE (ID, RESOURCE_ID, ROLE_ID) values (1192, 191, 25);
insert into ROLE_RESOURCE (ID, RESOURCE_ID, ROLE_ID) values (1193, 192, 25);
insert into ROLE_RESOURCE (ID, RESOURCE_ID, ROLE_ID) values (1194, 193, 25);
insert into ROLE_RESOURCE (ID, RESOURCE_ID, ROLE_ID) values (1195, 194, 25);
insert into ROLE_RESOURCE (ID, RESOURCE_ID, ROLE_ID) values (1196, 195, 25);
insert into ROLE_RESOURCE (ID, RESOURCE_ID, ROLE_ID) values (1197, 196, 25);
insert into ROLE_RESOURCE (ID, RESOURCE_ID, ROLE_ID) values (1198, 197, 25);
insert into ROLE_RESOURCE (ID, RESOURCE_ID, ROLE_ID) values (1199, 198, 25);
insert into ROLE_RESOURCE (ID, RESOURCE_ID, ROLE_ID) values (1200, 199, 25);
insert into ROLE_RESOURCE (ID, RESOURCE_ID, ROLE_ID) values (1201, 200, 25);
insert into ROLE_RESOURCE (ID, RESOURCE_ID, ROLE_ID) values (1202, 237, 25);
insert into ROLE_RESOURCE (ID, RESOURCE_ID, ROLE_ID) values (1203, 238, 25);
insert into ROLE_RESOURCE (ID, RESOURCE_ID, ROLE_ID) values (1204, 239, 25);
insert into ROLE_RESOURCE (ID, RESOURCE_ID, ROLE_ID) values (1205, 240, 25);
insert into ROLE_RESOURCE (ID, RESOURCE_ID, ROLE_ID) values (1206, 241, 25);
insert into ROLE_RESOURCE (ID, RESOURCE_ID, ROLE_ID) values (1207, 242, 25);
insert into ROLE_RESOURCE (ID, RESOURCE_ID, ROLE_ID) values (1208, 243, 25);
insert into ROLE_RESOURCE (ID, RESOURCE_ID, ROLE_ID) values (1209, 244, 25);
insert into ROLE_RESOURCE (ID, RESOURCE_ID, ROLE_ID) values (1210, 245, 25);
insert into ROLE_RESOURCE (ID, RESOURCE_ID, ROLE_ID) values (1211, 246, 25);
insert into ROLE_RESOURCE (ID, RESOURCE_ID, ROLE_ID) values (1212, 247, 25);
insert into ROLE_RESOURCE (ID, RESOURCE_ID, ROLE_ID) values (1213, 248, 25);

--财务人员

insert into ROLE_RESOURCE (ID, RESOURCE_ID, ROLE_ID) values (1214, 131, 26);
insert into ROLE_RESOURCE (ID, RESOURCE_ID, ROLE_ID) values (1215, 133, 26);
insert into ROLE_RESOURCE (ID, RESOURCE_ID, ROLE_ID) values (1216, 135, 26);
insert into ROLE_RESOURCE (ID, RESOURCE_ID, ROLE_ID) values (1217, 164, 26);
insert into ROLE_RESOURCE (ID, RESOURCE_ID, ROLE_ID) values (1218, 168, 26);
insert into ROLE_RESOURCE (ID, RESOURCE_ID, ROLE_ID) values (1219, 182, 26);
insert into ROLE_RESOURCE (ID, RESOURCE_ID, ROLE_ID) values (1220, 204, 26);
insert into ROLE_RESOURCE (ID, RESOURCE_ID, ROLE_ID) values (1221, 223, 26);
insert into ROLE_RESOURCE (ID, RESOURCE_ID, ROLE_ID) values (1222, 237, 26);
insert into ROLE_RESOURCE (ID, RESOURCE_ID, ROLE_ID) values (1223, 238, 26);
insert into ROLE_RESOURCE (ID, RESOURCE_ID, ROLE_ID) values (1224, 239, 26);
insert into ROLE_RESOURCE (ID, RESOURCE_ID, ROLE_ID) values (1225, 240, 26);
insert into ROLE_RESOURCE (ID, RESOURCE_ID, ROLE_ID) values (1226, 241, 26);
insert into ROLE_RESOURCE (ID, RESOURCE_ID, ROLE_ID) values (1227, 242, 26);
insert into ROLE_RESOURCE (ID, RESOURCE_ID, ROLE_ID) values (1228, 243, 26);
insert into ROLE_RESOURCE (ID, RESOURCE_ID, ROLE_ID) values (1229, 244, 26);
insert into ROLE_RESOURCE (ID, RESOURCE_ID, ROLE_ID) values (1230, 245, 26);
insert into ROLE_RESOURCE (ID, RESOURCE_ID, ROLE_ID) values (1231, 246, 26);
insert into ROLE_RESOURCE (ID, RESOURCE_ID, ROLE_ID) values (1232, 247, 26);
insert into ROLE_RESOURCE (ID, RESOURCE_ID, ROLE_ID) values (1233, 248, 26);
insert into ROLE_RESOURCE (ID, RESOURCE_ID, ROLE_ID) values (1234, 253, 26);
insert into ROLE_RESOURCE (ID, RESOURCE_ID, ROLE_ID) values (1235, 254, 26);
insert into ROLE_RESOURCE (ID, RESOURCE_ID, ROLE_ID) values (1236, 255, 26);
insert into ROLE_RESOURCE (ID, RESOURCE_ID, ROLE_ID) values (1237, 256, 26);
insert into ROLE_RESOURCE (ID, RESOURCE_ID, ROLE_ID) values (1238, 291, 26);
insert into ROLE_RESOURCE (ID, RESOURCE_ID, ROLE_ID) values (1239, 292, 26);
insert into ROLE_RESOURCE (ID, RESOURCE_ID, ROLE_ID) values (1240, 293, 26);
insert into ROLE_RESOURCE (ID, RESOURCE_ID, ROLE_ID) values (1241, 294, 26);
insert into ROLE_RESOURCE (ID, RESOURCE_ID, ROLE_ID) values (1242, 295, 26);



insert into PURCHASE_LOC (ID, CREATED_BY, CREATED_DATETIME, DEFUNCT_IND, UPDATED_BY, UPDATED_DATETIME, ADDRESS, AGREEMENT_NO_COUNT, BILLING_DOCUMENT_COUNT, CONTACT_PERSON, ENTRANCE_DOCUMENT_COUNT, EXCEPTION_DOCUMENT_COUNT, NOTICE_DOCUMENT_COUNT, PURCHASE_DOCUMENT_COUNT, PURCHASE_LOCATION_NAME, PURCHASE_LOCATION_NO, QC_DOCUMENT_COUNT, TELEPHONE_NO, WEIGHT_BRIDGE_COUNT, FACTORY_NO, PURCHASE_GROUP, PURCHASE_ORG, COMPANY_NO) values (1, 'admin', '2011-01-01 00:00:00', 0, null, '2011-01-01 00:00:00', '全国各地', 0, 0, '夏飞', 0, 0, 0, 0, '收购点-全国', '001', 0, '15928030344', 0, 001, '全国001组', '收购组织-全国', 'FY');
insert into PURCHASE_LOC (ID, CREATED_BY, CREATED_DATETIME, DEFUNCT_IND, UPDATED_BY, UPDATED_DATETIME, ADDRESS, AGREEMENT_NO_COUNT, BILLING_DOCUMENT_COUNT, CONTACT_PERSON, ENTRANCE_DOCUMENT_COUNT, EXCEPTION_DOCUMENT_COUNT, NOTICE_DOCUMENT_COUNT, PURCHASE_DOCUMENT_COUNT, PURCHASE_LOCATION_NAME, PURCHASE_LOCATION_NO, QC_DOCUMENT_COUNT, TELEPHONE_NO, WEIGHT_BRIDGE_COUNT, FACTORY_NO, PURCHASE_GROUP, PURCHASE_ORG, COMPANY_NO) values (2, 'admin', '2011-01-01 00:00:00', 0, null, '2011-01-01 00:00:00', '成都各地', 0, 0, '夏飞', 0, 0, 0, 0, '收购点-成都', '002', 0, '15928030344', 0, 002, '成都002组', '收购组织-成都', 'FY');
insert into PURCHASE_LOC (ID, CREATED_BY, CREATED_DATETIME, DEFUNCT_IND, UPDATED_BY, UPDATED_DATETIME, ADDRESS, AGREEMENT_NO_COUNT, BILLING_DOCUMENT_COUNT, CONTACT_PERSON, ENTRANCE_DOCUMENT_COUNT, EXCEPTION_DOCUMENT_COUNT, NOTICE_DOCUMENT_COUNT, PURCHASE_DOCUMENT_COUNT, PURCHASE_LOCATION_NAME, PURCHASE_LOCATION_NO, QC_DOCUMENT_COUNT, TELEPHONE_NO, WEIGHT_BRIDGE_COUNT, FACTORY_NO, PURCHASE_GROUP, PURCHASE_ORG, COMPANY_NO) values (21, 'admin', '2011-01-01 00:00:00', 0, null, '2011-01-01 00:00:00', '上海各地', 0, 0, '上海人', 0, 0, 0, 0, '上海', '021', 0, '15928030344', 0, 021, '上海021组', '收购组织-上海', 'FY');
insert into PURCHASE_LOC (ID, CREATED_BY, CREATED_DATETIME, DEFUNCT_IND, UPDATED_BY, UPDATED_DATETIME, ADDRESS, AGREEMENT_NO_COUNT, BILLING_DOCUMENT_COUNT, CONTACT_PERSON, ENTRANCE_DOCUMENT_COUNT, EXCEPTION_DOCUMENT_COUNT, NOTICE_DOCUMENT_COUNT, PURCHASE_DOCUMENT_COUNT, PURCHASE_LOCATION_NAME, PURCHASE_LOCATION_NO, QC_DOCUMENT_COUNT, TELEPHONE_NO, WEIGHT_BRIDGE_COUNT, FACTORY_NO, PURCHASE_GROUP, PURCHASE_ORG, COMPANY_NO) values (22, 'admin', '2011-01-01 00:00:00', 0, null, '2011-01-01 00:00:00', '北京各地', 0, 0, '北京人', 0, 0, 0, 0, '北京', '022', 0, '15928030344', 0, 022, '北京022组', '收购组织-北京', 'FY');
insert into PURCHASE_LOC (ID, CREATED_BY, CREATED_DATETIME, DEFUNCT_IND, UPDATED_BY, UPDATED_DATETIME, ADDRESS, AGREEMENT_NO_COUNT, BILLING_DOCUMENT_COUNT, CONTACT_PERSON, ENTRANCE_DOCUMENT_COUNT, EXCEPTION_DOCUMENT_COUNT, NOTICE_DOCUMENT_COUNT, PURCHASE_DOCUMENT_COUNT, PURCHASE_LOCATION_NAME, PURCHASE_LOCATION_NO, QC_DOCUMENT_COUNT, TELEPHONE_NO, WEIGHT_BRIDGE_COUNT, FACTORY_NO, PURCHASE_GROUP, PURCHASE_ORG, COMPANY_NO) values (31, 'admin', '2011-01-01 00:00:00', 0, null, '2011-01-01 00:00:00', '收购点01', 0, 0, '联系人01', 0, 0, 0, 0, '收购点01', '031', 0, '15928030344', 0, 031, '031组', '收购组织-01', 'FY');
insert into PURCHASE_LOC (ID, CREATED_BY, CREATED_DATETIME, DEFUNCT_IND, UPDATED_BY, UPDATED_DATETIME, ADDRESS, AGREEMENT_NO_COUNT, BILLING_DOCUMENT_COUNT, CONTACT_PERSON, ENTRANCE_DOCUMENT_COUNT, EXCEPTION_DOCUMENT_COUNT, NOTICE_DOCUMENT_COUNT, PURCHASE_DOCUMENT_COUNT, PURCHASE_LOCATION_NAME, PURCHASE_LOCATION_NO, QC_DOCUMENT_COUNT, TELEPHONE_NO, WEIGHT_BRIDGE_COUNT, FACTORY_NO, PURCHASE_GROUP, PURCHASE_ORG, COMPANY_NO) values (32, 'admin', '2011-01-01 00:00:00', 0, null, '2011-01-01 00:00:00', '收购点02', 0, 0, '联系人02', 0, 0, 0, 0, '收购点02', '032', 0, '15928030344', 0, 032, '032组', '收购组织-02', 'FY');
insert into PURCHASE_LOC (ID, CREATED_BY, CREATED_DATETIME, DEFUNCT_IND, UPDATED_BY, UPDATED_DATETIME, ADDRESS, AGREEMENT_NO_COUNT, BILLING_DOCUMENT_COUNT, CONTACT_PERSON, ENTRANCE_DOCUMENT_COUNT, EXCEPTION_DOCUMENT_COUNT, NOTICE_DOCUMENT_COUNT, PURCHASE_DOCUMENT_COUNT, PURCHASE_LOCATION_NAME, PURCHASE_LOCATION_NO, QC_DOCUMENT_COUNT, TELEPHONE_NO, WEIGHT_BRIDGE_COUNT, FACTORY_NO, PURCHASE_GROUP, PURCHASE_ORG, COMPANY_NO) values (33, 'admin', '2011-01-01 00:00:00', 0, null, '2011-01-01 00:00:00', '收购点03', 0, 0, '联系人03', 0, 0, 0, 0, '收购点03', '033', 0, '15928030344', 0, 033, '033组', '收购组织-03', 'FY');
insert into PURCHASE_ENTITY (ID, CREATED_BY, CREATED_DATETIME, DEFUNCT_IND, UPDATED_BY, UPDATED_DATETIME, ADDRESS, COMPANY_NO, CONTACT_PERSON, PURCHASE_ENTITY_NAME, PURCHASE_ENTITY_NO, TELEPHONE_NO) values (1, 'admin', '2011-01-01 00:00:00', 0, null, '2011-01-01 00:00:00', '全国各地', 'FY', '夏飞', '收购方-全国', '001', '15928030344');
insert into PURCHASE_ENTITY (ID, CREATED_BY, CREATED_DATETIME, DEFUNCT_IND, UPDATED_BY, UPDATED_DATETIME, ADDRESS, COMPANY_NO, CONTACT_PERSON, PURCHASE_ENTITY_NAME, PURCHASE_ENTITY_NO, TELEPHONE_NO) values (2, 'admin', '2011-01-01 00:00:00', 0, null, '2011-01-01 00:00:00', '成都各地', 'FY', '夏飞', '收购方-成都', '002', '15928030344');
insert into PURCHASE_ENTITY (ID, CREATED_BY, CREATED_DATETIME, DEFUNCT_IND, UPDATED_BY, UPDATED_DATETIME, ADDRESS, COMPANY_NO, CONTACT_PERSON, PURCHASE_ENTITY_NAME, PURCHASE_ENTITY_NO, TELEPHONE_NO) values (21, 'admin', '2011-01-01 00:00:00', 0, null, '2011-01-01 00:00:00', '上海各地', 'FY', '上海人', '收购方-上海', '021', '15928030344');
insert into PURCHASE_ENTITY (ID, CREATED_BY, CREATED_DATETIME, DEFUNCT_IND, UPDATED_BY, UPDATED_DATETIME, ADDRESS, COMPANY_NO, CONTACT_PERSON, PURCHASE_ENTITY_NAME, PURCHASE_ENTITY_NO, TELEPHONE_NO) values (22, 'admin', '2011-01-01 00:00:00', 0, null, '2011-01-01 00:00:00', '北京各地', 'FY', '北京人', '收购方-北京', '022', '15928030344');
insert into PURCHASE_ENTITY (ID, CREATED_BY, CREATED_DATETIME, DEFUNCT_IND, UPDATED_BY, UPDATED_DATETIME, ADDRESS, COMPANY_NO, CONTACT_PERSON, PURCHASE_ENTITY_NAME, PURCHASE_ENTITY_NO, TELEPHONE_NO) values (31, 'admin', '2011-01-01 00:00:00', 0, null, '2011-01-01 00:00:00', '收购方01', 'FY', '联系人01', '收购方01', '031', '15928030344');
insert into PURCHASE_ENTITY (ID, CREATED_BY, CREATED_DATETIME, DEFUNCT_IND, UPDATED_BY, UPDATED_DATETIME, ADDRESS, COMPANY_NO, CONTACT_PERSON, PURCHASE_ENTITY_NAME, PURCHASE_ENTITY_NO, TELEPHONE_NO) values (32, 'admin', '2011-01-01 00:00:00', 0, null, '2011-01-01 00:00:00', '收购方02', 'FY', '联系人02', '收购方02', '032', '15928030344');
insert into PURCHASE_ENTITY (ID, CREATED_BY, CREATED_DATETIME, DEFUNCT_IND, UPDATED_BY, UPDATED_DATETIME, ADDRESS, COMPANY_NO, CONTACT_PERSON, PURCHASE_ENTITY_NAME, PURCHASE_ENTITY_NO, TELEPHONE_NO) values (33, 'admin', '2011-01-01 00:00:00', 0, null, '2011-01-01 00:00:00', '收购方03', 'FY', '联系人03', '收购方03', '033', '15928030344');
insert into PURCHASE_LOC_ENTITY (ID, CREATED_BY, CREATED_DATETIME, DEFUNCT_IND, UPDATED_BY, UPDATED_DATETIME, IC_CARD_ENABLED, PURCHASE_ENTITY_ID, PURCHASE_LOCATION_ID, PURCHASE_ORG_ID, RECEIPT_PLAN_ENABLED, PUR_ID2, PUR_ID) values (8, 'admin', '2011-01-01 00:00:00', 0, null, '2011-01-01 00:00:00', 1, null, null, null, 1, 2, 2);
insert into PURCHASE_LOC_ENTITY (ID, CREATED_BY, CREATED_DATETIME, DEFUNCT_IND, UPDATED_BY, UPDATED_DATETIME, IC_CARD_ENABLED, PURCHASE_ENTITY_ID, PURCHASE_LOCATION_ID, PURCHASE_ORG_ID, RECEIPT_PLAN_ENABLED, PUR_ID2, PUR_ID) values (22, 'admin', '2011-01-01 00:00:00', 0, null, '2011-01-01 00:00:00', 1, null, null, null, 1, 31, 31);
insert into PURCHASE_LOC_ENTITY (ID, CREATED_BY, CREATED_DATETIME, DEFUNCT_IND, UPDATED_BY, UPDATED_DATETIME, IC_CARD_ENABLED, PURCHASE_ENTITY_ID, PURCHASE_LOCATION_ID, PURCHASE_ORG_ID, RECEIPT_PLAN_ENABLED, PUR_ID2, PUR_ID) values (29, 'admin', '2011-01-01 00:00:00', 0, null, '2011-01-01 00:00:00', 1, null, null, null, 1, 32, 32);


insert into ORG_PLACE_OF_PRODUCTION (ID, CREATED_BY, CREATED_DATETIME, DEFUNCT_IND, UPDATED_BY, UPDATED_DATETIME, ORIGIN, PLACE_OF_PRODUCTION_ID, PUR_ID) values (9, null, '2011-01-01 00:00:00', 0, null, '2011-01-01 00:00:00', '其它', 'PLPI', 8);
insert into ORG_PLACE_OF_PRODUCTION (ID, CREATED_BY, CREATED_DATETIME, DEFUNCT_IND, UPDATED_BY, UPDATED_DATETIME, ORIGIN, PLACE_OF_PRODUCTION_ID, PUR_ID) values (24, null, '2011-01-01 00:00:00', 0, null, '2011-01-01 00:00:00', '其它', 'PLPI', 22);
insert into ORG_PLACE_OF_PRODUCTION (ID, CREATED_BY, CREATED_DATETIME, DEFUNCT_IND, UPDATED_BY, UPDATED_DATETIME, ORIGIN, PLACE_OF_PRODUCTION_ID, PUR_ID) values (31, null, '2011-01-01 00:00:00', 0, null, '2011-01-01 00:00:00', '其它', 'PLPI', 29);
insert into ORG_PLACE_OF_PRODUCTION (ID, CREATED_BY, CREATED_DATETIME, DEFUNCT_IND, UPDATED_BY, UPDATED_DATETIME, ORIGIN, PLACE_OF_PRODUCTION_ID, PUR_ID) values (23, null, '2011-01-01 00:00:00', 0, null, '2011-01-01 00:00:00', '成都', 'PLPI', 8);
insert into ORG_PLACE_OF_PRODUCTION (ID, CREATED_BY, CREATED_DATETIME, DEFUNCT_IND, UPDATED_BY, UPDATED_DATETIME, ORIGIN, PLACE_OF_PRODUCTION_ID, PUR_ID) values (30, null, '2011-01-01 00:00:00', 0, null, '2011-01-01 00:00:00', '龙泉', 'PLPI', 8);
insert into ORG_PLACE_OF_PRODUCTION (ID, CREATED_BY, CREATED_DATETIME, DEFUNCT_IND, UPDATED_BY, UPDATED_DATETIME, ORIGIN, PLACE_OF_PRODUCTION_ID, PUR_ID) values (25, null, '2011-01-01 00:00:00', 0, null, '2011-01-01 00:00:00', '成都', 'PLPI', 22);
insert into ORG_PLACE_OF_PRODUCTION (ID, CREATED_BY, CREATED_DATETIME, DEFUNCT_IND, UPDATED_BY, UPDATED_DATETIME, ORIGIN, PLACE_OF_PRODUCTION_ID, PUR_ID) values (26, null, '2011-01-01 00:00:00', 0, null, '2011-01-01 00:00:00', '龙泉', 'PLPI', 22);
insert into ORG_PLACE_OF_PRODUCTION (ID, CREATED_BY, CREATED_DATETIME, DEFUNCT_IND, UPDATED_BY, UPDATED_DATETIME, ORIGIN, PLACE_OF_PRODUCTION_ID, PUR_ID) values (32, null, '2011-01-01 00:00:00', 0, null, '2011-01-01 00:00:00', '成都', 'PLPI', 29);
insert into ORG_PLACE_OF_PRODUCTION (ID, CREATED_BY, CREATED_DATETIME, DEFUNCT_IND, UPDATED_BY, UPDATED_DATETIME, ORIGIN, PLACE_OF_PRODUCTION_ID, PUR_ID) values (33, null, '2011-01-01 00:00:00', 0, null, '2011-01-01 00:00:00', '龙泉', 'PLPI', 29);
insert into PROCESS_LOCENTITY (ID, PURLOCENTI_ID, PROCESS_ID, PROCESS_NICKNAME, DEFUNCT_IND, CREATED_BY, CREATED_DATETIME, UPDATED_BY, UPDATED_DATETIME) values (10.0, 8.0, 1.0, '先开单，单次检验', 0, null, '2011-01-01 00:00:00', null, '2011-01-01 00:00:00');
insert into PROCESS_LOCENTITY (ID, PURLOCENTI_ID, PROCESS_ID, PROCESS_NICKNAME, DEFUNCT_IND, CREATED_BY, CREATED_DATETIME, UPDATED_BY, UPDATED_DATETIME) values (11.0, 8.0, 2.0, '先检验，后开单，双次检验', 0, null, '2011-01-01 00:00:00', null, '2011-01-01 00:00:00');
insert into PROCESS_LOCENTITY (ID, PURLOCENTI_ID, PROCESS_ID, PROCESS_NICKNAME, DEFUNCT_IND, CREATED_BY, CREATED_DATETIME, UPDATED_BY, UPDATED_DATETIME) values (12.0, 8.0, 3.0, '先初检，后开单，单次检验', 0, null, '2011-01-01 00:00:00', null, '2011-01-01 00:00:00');
insert into PROCESS_LOCENTITY (ID, PURLOCENTI_ID, PROCESS_ID, PROCESS_NICKNAME, DEFUNCT_IND, CREATED_BY, CREATED_DATETIME, UPDATED_BY, UPDATED_DATETIME) values (14.0, 8.0, 5.0, '智能流程', 0, null, '2011-01-01 00:00:00', null, '2011-01-01 00:00:00');
insert into PROCESS_LOCENTITY (ID, PURLOCENTI_ID, PROCESS_ID, PROCESS_NICKNAME, DEFUNCT_IND, CREATED_BY, CREATED_DATETIME, UPDATED_BY, UPDATED_DATETIME) values (24.0, 22.0, 1.0, '先开单，单次检验', 0, null, '2011-01-01 00:00:00', null, '2011-01-01 00:00:00');
insert into PROCESS_LOCENTITY (ID, PURLOCENTI_ID, PROCESS_ID, PROCESS_NICKNAME, DEFUNCT_IND, CREATED_BY, CREATED_DATETIME, UPDATED_BY, UPDATED_DATETIME) values (25.0, 22.0, 2.0, '先检验，后开单，双次检验', 0, null, '2011-01-01 00:00:00', null, '2011-01-01 00:00:00');
insert into PROCESS_LOCENTITY (ID, PURLOCENTI_ID, PROCESS_ID, PROCESS_NICKNAME, DEFUNCT_IND, CREATED_BY, CREATED_DATETIME, UPDATED_BY, UPDATED_DATETIME) values (26.0, 22.0, 3.0, '先初检，后开单，单次检验', 0, null, '2011-01-01 00:00:00', null, '2011-01-01 00:00:00');
insert into PROCESS_LOCENTITY (ID, PURLOCENTI_ID, PROCESS_ID, PROCESS_NICKNAME, DEFUNCT_IND, CREATED_BY, CREATED_DATETIME, UPDATED_BY, UPDATED_DATETIME) values (27.0, 22.0, 5.0, '智能流程', 0, null, '2011-01-01 00:00:00', null, '2011-01-01 00:00:00');
insert into PROCESS_LOCENTITY (ID, PURLOCENTI_ID, PROCESS_ID, PROCESS_NICKNAME, DEFUNCT_IND, CREATED_BY, CREATED_DATETIME, UPDATED_BY, UPDATED_DATETIME) values (31.0, 29.0, 1.0, '先开单，单次检验', 0, null, '2011-01-01 00:00:00', null, '2011-01-01 00:00:00');
insert into PROCESS_LOCENTITY (ID, PURLOCENTI_ID, PROCESS_ID, PROCESS_NICKNAME, DEFUNCT_IND, CREATED_BY, CREATED_DATETIME, UPDATED_BY, UPDATED_DATETIME) values (32.0, 29.0, 2.0, '先检验，后开单，双次检验', 0, null, '2011-01-01 00:00:00', null, '2011-01-01 00:00:00');
insert into PROCESS_LOCENTITY (ID, PURLOCENTI_ID, PROCESS_ID, PROCESS_NICKNAME, DEFUNCT_IND, CREATED_BY, CREATED_DATETIME, UPDATED_BY, UPDATED_DATETIME) values (33.0, 29.0, 3.0, '先初检，后开单，单次检验', 0, null, '2011-01-01 00:00:00', null, '2011-01-01 00:00:00');
insert into PROCESS_LOCENTITY (ID, PURLOCENTI_ID, PROCESS_ID, PROCESS_NICKNAME, DEFUNCT_IND, CREATED_BY, CREATED_DATETIME, UPDATED_BY, UPDATED_DATETIME) values (34.0, 29.0, 5.0, '智能流程', 0, null, '2011-01-01 00:00:00', null, '2011-01-01 00:00:00');
insert into USER_ORG (ID, CREATED_BY, CREATED_DATETIME, DEFUNCT_IND, UPDATED_BY, UPDATED_DATETIME, PUR_ID, USE_ID) values (2, null, '2011-01-01 00:00:00', 0, null, '2011-01-01 00:00:00', 8, 2);
insert into USER_ORG (ID, CREATED_BY, CREATED_DATETIME, DEFUNCT_IND, UPDATED_BY, UPDATED_DATETIME, PUR_ID, USE_ID) values (31, null, '2011-01-01 00:00:00', 0, null, '2011-01-01 00:00:00', 22, 31);
insert into USER_ORG (ID, CREATED_BY, CREATED_DATETIME, DEFUNCT_IND, UPDATED_BY, UPDATED_DATETIME, PUR_ID, USE_ID) values (32, null, '2011-01-01 00:00:00', 0, null, '2011-01-01 00:00:00', 22, 32);
insert into USER_ORG (ID, CREATED_BY, CREATED_DATETIME, DEFUNCT_IND, UPDATED_BY, UPDATED_DATETIME, PUR_ID, USE_ID) values (33, null, '2011-01-01 00:00:00', 0, null, '2011-01-01 00:00:00', 22, 33);
insert into USER_ORG (ID, CREATED_BY, CREATED_DATETIME, DEFUNCT_IND, UPDATED_BY, UPDATED_DATETIME, PUR_ID, USE_ID) values (34, null, '2011-01-01 00:00:00', 0, null, '2011-01-01 00:00:00', 22, 34);
insert into USER_ORG (ID, CREATED_BY, CREATED_DATETIME, DEFUNCT_IND, UPDATED_BY, UPDATED_DATETIME, PUR_ID, USE_ID) values (35, null, '2011-01-01 00:00:00', 0, null, '2011-01-01 00:00:00', 22, 35);
insert into USER_ORG (ID, CREATED_BY, CREATED_DATETIME, DEFUNCT_IND, UPDATED_BY, UPDATED_DATETIME, PUR_ID, USE_ID) values (36, null, '2011-01-01 00:00:00', 0, null, '2011-01-01 00:00:00', 22, 36);
insert into USER_ORG (ID, CREATED_BY, CREATED_DATETIME, DEFUNCT_IND, UPDATED_BY, UPDATED_DATETIME, PUR_ID, USE_ID) values (37, null, '2011-01-01 00:00:00', 0, null, '2011-01-01 00:00:00', 22, 37);
insert into USER_ORG (ID, CREATED_BY, CREATED_DATETIME, DEFUNCT_IND, UPDATED_BY, UPDATED_DATETIME, PUR_ID, USE_ID) values (41, null, '2011-01-01 00:00:00', 0, null, '2011-01-01 00:00:00', 29, 41);
insert into USER_ORG (ID, CREATED_BY, CREATED_DATETIME, DEFUNCT_IND, UPDATED_BY, UPDATED_DATETIME, PUR_ID, USE_ID) values (42, null, '2011-01-01 00:00:00', 0, null, '2011-01-01 00:00:00', 29, 42);
insert into USER_ORG (ID, CREATED_BY, CREATED_DATETIME, DEFUNCT_IND, UPDATED_BY, UPDATED_DATETIME, PUR_ID, USE_ID) values (43, null, '2011-01-01 00:00:00', 0, null, '2011-01-01 00:00:00', 29, 43);
insert into USER_ORG (ID, CREATED_BY, CREATED_DATETIME, DEFUNCT_IND, UPDATED_BY, UPDATED_DATETIME, PUR_ID, USE_ID) values (44, null, '2011-01-01 00:00:00', 0, null, '2011-01-01 00:00:00', 29, 44);
insert into USER_ORG (ID, CREATED_BY, CREATED_DATETIME, DEFUNCT_IND, UPDATED_BY, UPDATED_DATETIME, PUR_ID, USE_ID) values (45, null, '2011-01-01 00:00:00', 0, null, '2011-01-01 00:00:00', 29, 45);
insert into USER_ORG (ID, CREATED_BY, CREATED_DATETIME, DEFUNCT_IND, UPDATED_BY, UPDATED_DATETIME, PUR_ID, USE_ID) values (46, null, '2011-01-01 00:00:00', 0, null, '2011-01-01 00:00:00', 29, 46);
insert into USER_ORG (ID, CREATED_BY, CREATED_DATETIME, DEFUNCT_IND, UPDATED_BY, UPDATED_DATETIME, PUR_ID, USE_ID) values (47, null, '2011-01-01 00:00:00', 0, null, '2011-01-01 00:00:00', 29, 47);

insert into PACKING_MATERIAL (ID, CREATED_BY, CREATED_DATETIME, DEFUNCT_IND, UPDATED_BY, UPDATED_DATETIME, PACKING_CODE, PACKING_NAME, UNIT, WEIGHT, WEIGHT_DEDUCTION_RATIO, WEIGHT_DEDUCTION_TYPE, PUR_ID) values (1, null, '2011-01-01 00:00:00', 0, null, '2011-01-01 00:00:00', '010', '麻袋', 1, 1.0, 0.0, 1, 8);
insert into PACKING_MATERIAL (ID, CREATED_BY, CREATED_DATETIME, DEFUNCT_IND, UPDATED_BY, UPDATED_DATETIME, PACKING_CODE, PACKING_NAME, UNIT, WEIGHT, WEIGHT_DEDUCTION_RATIO, WEIGHT_DEDUCTION_TYPE, PUR_ID) values (2, null, '2011-01-01 00:00:00', 0, null, '2011-01-01 00:00:00', '020', '编织袋', 0, 0.0, 1.0, 2, 8);
insert into PACKING_MATERIAL (ID, CREATED_BY, CREATED_DATETIME, DEFUNCT_IND, UPDATED_BY, UPDATED_DATETIME, PACKING_CODE, PACKING_NAME, UNIT, WEIGHT, WEIGHT_DEDUCTION_RATIO, WEIGHT_DEDUCTION_TYPE, PUR_ID) values (22, null, '2011-01-01 00:00:00', 0, null, '2011-01-01 00:00:00', '010', '麻袋', 1, 1.0, 0.0, 1, 22);
insert into PACKING_MATERIAL (ID, CREATED_BY, CREATED_DATETIME, DEFUNCT_IND, UPDATED_BY, UPDATED_DATETIME, PACKING_CODE, PACKING_NAME, UNIT, WEIGHT, WEIGHT_DEDUCTION_RATIO, WEIGHT_DEDUCTION_TYPE, PUR_ID) values (23, null, '2011-01-01 00:00:00', 0, null, '2011-01-01 00:00:00', '020', '编织袋', 0, 0.0, 1.0, 2, 22);
insert into PACKING_MATERIAL (ID, CREATED_BY, CREATED_DATETIME, DEFUNCT_IND, UPDATED_BY, UPDATED_DATETIME, PACKING_CODE, PACKING_NAME, UNIT, WEIGHT, WEIGHT_DEDUCTION_RATIO, WEIGHT_DEDUCTION_TYPE, PUR_ID) values (29, null, '2011-01-01 00:00:00', 0, null, '2011-01-01 00:00:00', '010', '麻袋', 1, 1.0, 0.0, 1, 29);
insert into PACKING_MATERIAL (ID, CREATED_BY, CREATED_DATETIME, DEFUNCT_IND, UPDATED_BY, UPDATED_DATETIME, PACKING_CODE, PACKING_NAME, UNIT, WEIGHT, WEIGHT_DEDUCTION_RATIO, WEIGHT_DEDUCTION_TYPE, PUR_ID) values (30, null, '2011-01-01 00:00:00', 0, null, '2011-01-01 00:00:00', '020', '编织袋', 0, 0.0, 1.0, 2, 29);

insert into STORAGE_LOC (ID, CREATED_BY, CREATED_DATETIME, DEFUNCT_IND, UPDATED_BY, UPDATED_DATETIME, ADDRESS, CONTACT_PERSON, STORAGE_LOC_NAME, STORAGE_LOC_NO, TELEPHONE_NO, PUR_ID) values (1, null, '2011-01-01 00:00:00', 0, null, '2011-01-01 00:00:00', '成都', '夏飞', '库存地-成都', '010', '15928030344', 8);
insert into STORAGE_LOC (ID, CREATED_BY, CREATED_DATETIME, DEFUNCT_IND, UPDATED_BY, UPDATED_DATETIME, ADDRESS, CONTACT_PERSON, STORAGE_LOC_NAME, STORAGE_LOC_NO, TELEPHONE_NO, PUR_ID) values (2, null, '2011-01-01 00:00:00', 0, null, '2011-01-01 00:00:00', '龙泉', '夏飞', '库存地-龙泉', '020', '15928030344', 8);
insert into STORAGE_LOC (ID, CREATED_BY, CREATED_DATETIME, DEFUNCT_IND, UPDATED_BY, UPDATED_DATETIME, ADDRESS, CONTACT_PERSON, STORAGE_LOC_NAME, STORAGE_LOC_NO, TELEPHONE_NO, PUR_ID) values (22, null, '2011-01-01 00:00:00', 0, null, '2011-01-01 00:00:00', '成都', '夏飞', '库存地-成都', '010', '15928030344', 22);
insert into STORAGE_LOC (ID, CREATED_BY, CREATED_DATETIME, DEFUNCT_IND, UPDATED_BY, UPDATED_DATETIME, ADDRESS, CONTACT_PERSON, STORAGE_LOC_NAME, STORAGE_LOC_NO, TELEPHONE_NO, PUR_ID) values (23, null, '2011-01-01 00:00:00', 0, null, '2011-01-01 00:00:00', '龙泉', '夏飞', '库存地-龙泉', '020', '15928030344', 22);
insert into STORAGE_LOC (ID, CREATED_BY, CREATED_DATETIME, DEFUNCT_IND, UPDATED_BY, UPDATED_DATETIME, ADDRESS, CONTACT_PERSON, STORAGE_LOC_NAME, STORAGE_LOC_NO, TELEPHONE_NO, PUR_ID) values (29, null, '2011-01-01 00:00:00', 0, null, '2011-01-01 00:00:00', '成都', '夏飞', '库存地-成都', '010', '15928030344', 29);
insert into STORAGE_LOC (ID, CREATED_BY, CREATED_DATETIME, DEFUNCT_IND, UPDATED_BY, UPDATED_DATETIME, ADDRESS, CONTACT_PERSON, STORAGE_LOC_NAME, STORAGE_LOC_NO, TELEPHONE_NO, PUR_ID) values (30, null, '2011-01-01 00:00:00', 0, null, '2011-01-01 00:00:00', '龙泉', '夏飞', '库存地-龙泉', '020', '15928030344', 29);
insert into STORAGE_LOC_BATCH (ID, CREATED_BY, CREATED_DATETIME, DEFUNCT_IND, UPDATED_BY, UPDATED_DATETIME, BATCH_NO, DESCRIPTION, STO_ID) values (1, null, '2011-01-01 00:00:00', 0, null, '2011-01-01 00:00:00', '批次10', '描述010', 1);
insert into STORAGE_LOC_BATCH (ID, CREATED_BY, CREATED_DATETIME, DEFUNCT_IND, UPDATED_BY, UPDATED_DATETIME, BATCH_NO, DESCRIPTION, STO_ID) values (2, null, '2011-01-01 00:00:00', 0, null, '2011-01-01 00:00:00', '批次20', '描述020', 2);
insert into STORAGE_LOC_BATCH (ID, CREATED_BY, CREATED_DATETIME, DEFUNCT_IND, UPDATED_BY, UPDATED_DATETIME, BATCH_NO, DESCRIPTION, STO_ID) values (22, null, '2011-01-01 00:00:00', 0, null, '2011-01-01 00:00:00', '批次10', '描述010', 22);
insert into STORAGE_LOC_BATCH (ID, CREATED_BY, CREATED_DATETIME, DEFUNCT_IND, UPDATED_BY, UPDATED_DATETIME, BATCH_NO, DESCRIPTION, STO_ID) values (23, null, '2011-01-01 00:00:00', 0, null, '2011-01-01 00:00:00', '批次20', '描述020', 23);
insert into STORAGE_LOC_BATCH (ID, CREATED_BY, CREATED_DATETIME, DEFUNCT_IND, UPDATED_BY, UPDATED_DATETIME, BATCH_NO, DESCRIPTION, STO_ID) values (29, null, '2011-01-01 00:00:00', 0, null, '2011-01-01 00:00:00', '批次10', '描述010', 29);
insert into STORAGE_LOC_BATCH (ID, CREATED_BY, CREATED_DATETIME, DEFUNCT_IND, UPDATED_BY, UPDATED_DATETIME, BATCH_NO, DESCRIPTION, STO_ID) values (30, null, '2011-01-01 00:00:00', 0, null, '2011-01-01 00:00:00', '批次20', '描述020', 30);
insert into IC_CARD (ID, CREATED_BY, CREATED_DATETIME, DEFUNCT_IND, UPDATED_BY, UPDATED_DATETIME, EFFECTIVE_IND, ENABLED_DATETIME, ENTRANCE_DOC_NO, IC_CARD_NO, LAST_IC_DATETIME, MATERIAL_CODE, ORIGIN, PURCHASE_DOC_NO, PURPOSE, STATUS, PUR_ID) values (1, null, '2011-01-01 00:00:00', 0, null, '2011-01-01 00:00:00', 1, '2011-01-01', null, '1234567890', '2011-01-01 00:00:00', null, null, null, null, 1, 8);
insert into IC_CARD (ID, CREATED_BY, CREATED_DATETIME, DEFUNCT_IND, UPDATED_BY, UPDATED_DATETIME, EFFECTIVE_IND, ENABLED_DATETIME, ENTRANCE_DOC_NO, IC_CARD_NO, LAST_IC_DATETIME, MATERIAL_CODE, ORIGIN, PURCHASE_DOC_NO, PURPOSE, STATUS, PUR_ID) values (2, null, '2011-01-01 00:00:00', 0, null, '2011-01-01 00:00:00', 1, '2011-01-01', null, '1234567891', '2011-01-01 00:00:00', null, null, null, null, 1, 8);
insert into IC_CARD (ID, CREATED_BY, CREATED_DATETIME, DEFUNCT_IND, UPDATED_BY, UPDATED_DATETIME, EFFECTIVE_IND, ENABLED_DATETIME, ENTRANCE_DOC_NO, IC_CARD_NO, LAST_IC_DATETIME, MATERIAL_CODE, ORIGIN, PURCHASE_DOC_NO, PURPOSE, STATUS, PUR_ID) values (3, null, '2011-01-01 00:00:00', 0, null, '2011-01-01 00:00:00', 1, '2011-01-01', null, '1234567892', '2011-01-01 00:00:00', null, null, null, null, 1, 8);
insert into IC_CARD (ID, CREATED_BY, CREATED_DATETIME, DEFUNCT_IND, UPDATED_BY, UPDATED_DATETIME, EFFECTIVE_IND, ENABLED_DATETIME, ENTRANCE_DOC_NO, IC_CARD_NO, LAST_IC_DATETIME, MATERIAL_CODE, ORIGIN, PURCHASE_DOC_NO, PURPOSE, STATUS, PUR_ID) values (4, null, '2011-01-01 00:00:00', 0, null, '2011-01-01 00:00:00', 1, '2011-01-01', null, '1234567893', '2011-01-01 00:00:00', null, null, null, null, 1, 8);
insert into IC_CARD (ID, CREATED_BY, CREATED_DATETIME, DEFUNCT_IND, UPDATED_BY, UPDATED_DATETIME, EFFECTIVE_IND, ENABLED_DATETIME, ENTRANCE_DOC_NO, IC_CARD_NO, LAST_IC_DATETIME, MATERIAL_CODE, ORIGIN, PURCHASE_DOC_NO, PURPOSE, STATUS, PUR_ID) values (22, null, '2011-01-01 00:00:00', 0, null, '2011-01-01 00:00:00', 1, '2011-01-01', null, '1234567890', '2011-01-01 00:00:00', null, null, null, null, 1, 22);
insert into IC_CARD (ID, CREATED_BY, CREATED_DATETIME, DEFUNCT_IND, UPDATED_BY, UPDATED_DATETIME, EFFECTIVE_IND, ENABLED_DATETIME, ENTRANCE_DOC_NO, IC_CARD_NO, LAST_IC_DATETIME, MATERIAL_CODE, ORIGIN, PURCHASE_DOC_NO, PURPOSE, STATUS, PUR_ID) values (23, null, '2011-01-01 00:00:00', 0, null, '2011-01-01 00:00:00', 1, '2011-01-01', null, '1234567891', '2011-01-01 00:00:00', null, null, null, null, 1, 22);
insert into IC_CARD (ID, CREATED_BY, CREATED_DATETIME, DEFUNCT_IND, UPDATED_BY, UPDATED_DATETIME, EFFECTIVE_IND, ENABLED_DATETIME, ENTRANCE_DOC_NO, IC_CARD_NO, LAST_IC_DATETIME, MATERIAL_CODE, ORIGIN, PURCHASE_DOC_NO, PURPOSE, STATUS, PUR_ID) values (24, null, '2011-01-01 00:00:00', 0, null, '2011-01-01 00:00:00', 1, '2011-01-01', null, '1234567892', '2011-01-01 00:00:00', null, null, null, null, 1, 22);
insert into IC_CARD (ID, CREATED_BY, CREATED_DATETIME, DEFUNCT_IND, UPDATED_BY, UPDATED_DATETIME, EFFECTIVE_IND, ENABLED_DATETIME, ENTRANCE_DOC_NO, IC_CARD_NO, LAST_IC_DATETIME, MATERIAL_CODE, ORIGIN, PURCHASE_DOC_NO, PURPOSE, STATUS, PUR_ID) values (25, null, '2011-01-01 00:00:00', 0, null, '2011-01-01 00:00:00', 1, '2011-01-01', null, '1234567893', '2011-01-01 00:00:00', null, null, null, null, 1, 22);
insert into IC_CARD (ID, CREATED_BY, CREATED_DATETIME, DEFUNCT_IND, UPDATED_BY, UPDATED_DATETIME, EFFECTIVE_IND, ENABLED_DATETIME, ENTRANCE_DOC_NO, IC_CARD_NO, LAST_IC_DATETIME, MATERIAL_CODE, ORIGIN, PURCHASE_DOC_NO, PURPOSE, STATUS, PUR_ID) values (29, null, '2011-01-01 00:00:00', 0, null, '2011-01-01 00:00:00', 1, '2011-01-01', null, '1234567890', '2011-01-01 00:00:00', null, null, null, null, 1, 29);
insert into IC_CARD (ID, CREATED_BY, CREATED_DATETIME, DEFUNCT_IND, UPDATED_BY, UPDATED_DATETIME, EFFECTIVE_IND, ENABLED_DATETIME, ENTRANCE_DOC_NO, IC_CARD_NO, LAST_IC_DATETIME, MATERIAL_CODE, ORIGIN, PURCHASE_DOC_NO, PURPOSE, STATUS, PUR_ID) values (30, null, '2011-01-01 00:00:00', 0, null, '2011-01-01 00:00:00', 1, '2011-01-01', null, '1234567891', '2011-01-01 00:00:00', null, null, null, null, 1, 29);
insert into IC_CARD (ID, CREATED_BY, CREATED_DATETIME, DEFUNCT_IND, UPDATED_BY, UPDATED_DATETIME, EFFECTIVE_IND, ENABLED_DATETIME, ENTRANCE_DOC_NO, IC_CARD_NO, LAST_IC_DATETIME, MATERIAL_CODE, ORIGIN, PURCHASE_DOC_NO, PURPOSE, STATUS, PUR_ID) values (31, null, '2011-01-01 00:00:00', 0, null, '2011-01-01 00:00:00', 1, '2011-01-01', null, '1234567892', '2011-01-01 00:00:00', null, null, null, null, 1, 29);
insert into IC_CARD (ID, CREATED_BY, CREATED_DATETIME, DEFUNCT_IND, UPDATED_BY, UPDATED_DATETIME, EFFECTIVE_IND, ENABLED_DATETIME, ENTRANCE_DOC_NO, IC_CARD_NO, LAST_IC_DATETIME, MATERIAL_CODE, ORIGIN, PURCHASE_DOC_NO, PURPOSE, STATUS, PUR_ID) values (32, null, '2011-01-01 00:00:00', 0, null, '2011-01-01 00:00:00', 1, '2011-01-01', null, '1234567893', '2011-01-01 00:00:00', null, null, null, null, 1, 29);
insert into VENDOR (ID, CREATED_BY, CREATED_DATETIME, DEFUNCT_IND, UPDATED_BY, UPDATED_DATETIME, EFFECTIVE_IND, ORIGINAL_SYSTEM, ORIGINAL_VENDOR_NO, REG_CITY, REG_COUNTRY, REG_PROVINCE, REG_STREET_ADDRESS, TAXPAYER_NO, VENDOR_ACCOUNT, VENDOR_NAME) values (1, null, '2011-01-01 00:00:00', 0, null, '2011-01-01 00:00:00', null, 'SAP', '010', '成都', '中国', '四川', '总府路', '510105198610101111', '010', '供应商-成都基地');
insert into VENDOR (ID, CREATED_BY, CREATED_DATETIME, DEFUNCT_IND, UPDATED_BY, UPDATED_DATETIME, EFFECTIVE_IND, ORIGINAL_SYSTEM, ORIGINAL_VENDOR_NO, REG_CITY, REG_COUNTRY, REG_PROVINCE, REG_STREET_ADDRESS, TAXPAYER_NO, VENDOR_ACCOUNT, VENDOR_NAME) values (2, null, '2011-01-01 00:00:00', 0, null, '2011-01-01 00:00:00', null, 'SAP', '020', '龙泉', '中国', '四川', '阳光城', '510105198610102222', '020', '供应商-龙泉');
insert into VENDOR (ID, CREATED_BY, CREATED_DATETIME, DEFUNCT_IND, UPDATED_BY, UPDATED_DATETIME, EFFECTIVE_IND, ORIGINAL_SYSTEM, ORIGINAL_VENDOR_NO, REG_CITY, REG_COUNTRY, REG_PROVINCE, REG_STREET_ADDRESS, TAXPAYER_NO, VENDOR_ACCOUNT, VENDOR_NAME) values (3, null, '2011-01-01 00:00:00', 0, null, '2011-01-01 00:00:00', null, 'SAP', '030', '通用', '通用', '通用省份', '通用城市', '510105198610103333', '030', '供应商-通用');
insert into VENDOR (ID, CREATED_BY, CREATED_DATETIME, DEFUNCT_IND, UPDATED_BY, UPDATED_DATETIME, EFFECTIVE_IND, ORIGINAL_SYSTEM, ORIGINAL_VENDOR_NO, REG_CITY, REG_COUNTRY, REG_PROVINCE, REG_STREET_ADDRESS, TAXPAYER_NO, VENDOR_ACCOUNT, VENDOR_NAME) values (4, null, '2011-01-01 00:00:00', 0, null, '2011-01-01 00:00:00', null, 'SAP', '040', '非组织产地', '中国', '四川', '德阳', '510105198610104444', '040', '供应商-德阳');
insert into ORG_VENDOR (ID, CREATED_BY, CREATED_DATETIME, DEFUNCT_IND, UPDATED_BY, UPDATED_DATETIME, PUR_ID, VEN_ID) values (1, null, '2011-01-01 00:00:00', 0, null, '2011-01-01 00:00:00', 8, 1);
insert into ORG_VENDOR (ID, CREATED_BY, CREATED_DATETIME, DEFUNCT_IND, UPDATED_BY, UPDATED_DATETIME, PUR_ID, VEN_ID) values (2, null, '2011-01-01 00:00:00', 0, null, '2011-01-01 00:00:00', 8, 2);
insert into ORG_VENDOR (ID, CREATED_BY, CREATED_DATETIME, DEFUNCT_IND, UPDATED_BY, UPDATED_DATETIME, PUR_ID, VEN_ID) values (3, null, '2011-01-01 00:00:00', 0, null, '2011-01-01 00:00:00', 8, 3);
insert into ORG_VENDOR (ID, CREATED_BY, CREATED_DATETIME, DEFUNCT_IND, UPDATED_BY, UPDATED_DATETIME, PUR_ID, VEN_ID) values (22, null, '2011-01-01 00:00:00', 0, null, '2011-01-01 00:00:00', 22, 1);
insert into ORG_VENDOR (ID, CREATED_BY, CREATED_DATETIME, DEFUNCT_IND, UPDATED_BY, UPDATED_DATETIME, PUR_ID, VEN_ID) values (23, null, '2011-01-01 00:00:00', 0, null, '2011-01-01 00:00:00', 22, 2);
insert into ORG_VENDOR (ID, CREATED_BY, CREATED_DATETIME, DEFUNCT_IND, UPDATED_BY, UPDATED_DATETIME, PUR_ID, VEN_ID) values (24, null, '2011-01-01 00:00:00', 0, null, '2011-01-01 00:00:00', 22, 3);
insert into ORG_VENDOR (ID, CREATED_BY, CREATED_DATETIME, DEFUNCT_IND, UPDATED_BY, UPDATED_DATETIME, PUR_ID, VEN_ID) values (29, null, '2011-01-01 00:00:00', 0, null, '2011-01-01 00:00:00', 29, 1);
insert into ORG_VENDOR (ID, CREATED_BY, CREATED_DATETIME, DEFUNCT_IND, UPDATED_BY, UPDATED_DATETIME, PUR_ID, VEN_ID) values (30, null, '2011-01-01 00:00:00', 0, null, '2011-01-01 00:00:00', 29, 2);
insert into ORG_VENDOR (ID, CREATED_BY, CREATED_DATETIME, DEFUNCT_IND, UPDATED_BY, UPDATED_DATETIME, PUR_ID, VEN_ID) values (31, null, '2011-01-01 00:00:00', 0, null, '2011-01-01 00:00:00', 29, 3);

insert into IND_CATEGORY (ID, CREATED_BY, CREATED_DATETIME, DEFUNCT_IND, UPDATED_BY, UPDATED_DATETIME, EFFECTIVE_IND, IND_CATEGORY_NAME, IND_CATEGORY_NO) values (1, null, '2011-01-01 00:00:00', 0, null, '2011-01-01 00:00:00', 1, '粮食类', '6.021');
insert into IND_CATEGORY (ID, CREATED_BY, CREATED_DATETIME, DEFUNCT_IND, UPDATED_BY, UPDATED_DATETIME, EFFECTIVE_IND, IND_CATEGORY_NAME, IND_CATEGORY_NO) values (2, null, '2011-01-01 00:00:00', 0, null, '2011-01-01 00:00:00', 1, '小麦类', '6.022');
insert into IND_CATEGORY (ID, CREATED_BY, CREATED_DATETIME, DEFUNCT_IND, UPDATED_BY, UPDATED_DATETIME, EFFECTIVE_IND, IND_CATEGORY_NAME, IND_CATEGORY_NO) values (3, null, '2011-01-01 00:00:00', 0, null, '2011-01-01 00:00:00', 1, '豆类', '6.051');
insert into IND_CATEGORY (ID, CREATED_BY, CREATED_DATETIME, DEFUNCT_IND, UPDATED_BY, UPDATED_DATETIME, EFFECTIVE_IND, IND_CATEGORY_NAME, IND_CATEGORY_NO) values (4, null, '2011-01-01 00:00:00', 0, null, '2011-01-01 00:00:00', 1, '菜籽类', '6.052');
insert into IND_CATEGORY (ID, CREATED_BY, CREATED_DATETIME, DEFUNCT_IND, UPDATED_BY, UPDATED_DATETIME, EFFECTIVE_IND, IND_CATEGORY_NAME, IND_CATEGORY_NO) values (5, null, '2011-01-01 00:00:00', 0, null, '2011-01-01 00:00:00', 1, '棉籽类', '6.054');
insert into IND_CATEGORY (ID, CREATED_BY, CREATED_DATETIME, DEFUNCT_IND, UPDATED_BY, UPDATED_DATETIME, EFFECTIVE_IND, IND_CATEGORY_NAME, IND_CATEGORY_NO) values (6, null, '2011-01-01 00:00:00', 0, null, '2011-01-01 00:00:00', 1, '芝麻类', '6.055');
insert into IND_CATEGORY (ID, CREATED_BY, CREATED_DATETIME, DEFUNCT_IND, UPDATED_BY, UPDATED_DATETIME, EFFECTIVE_IND, IND_CATEGORY_NAME, IND_CATEGORY_NO) values (7, null, '2011-01-01 00:00:00', 0, null, '2011-01-01 00:00:00', 1, '玉米类', '6.056');
insert into IND_CATEGORY (ID, CREATED_BY, CREATED_DATETIME, DEFUNCT_IND, UPDATED_BY, UPDATED_DATETIME, EFFECTIVE_IND, IND_CATEGORY_NAME, IND_CATEGORY_NO) values (8, null, '2011-01-01 00:00:00', 0, null, '2011-01-01 00:00:00', 1, '糖类', '6.060');
insert into MATERIAL (ID, CREATED_BY, CREATED_DATETIME, DEFUNCT_IND, UPDATED_BY, UPDATED_DATETIME, BASE_UNIT, EFFECTIVE_IND, MATERIAL_CODE, MATERIAL_DESC, ORIGINAL_SYSTEM, ORIGINAL_VENDOR_NO) values (1, 'xiafei', '2011-01-01 00:00:00', 0, null, '2011-01-01 00:00:00', '1', 0, '6.0220304', '国产高筋白皮冬小麦优9023', '1', '6.0220304');
insert into MATERIAL (ID, CREATED_BY, CREATED_DATETIME, DEFUNCT_IND, UPDATED_BY, UPDATED_DATETIME, BASE_UNIT, EFFECTIVE_IND, MATERIAL_CODE, MATERIAL_DESC, ORIGINAL_SYSTEM, ORIGINAL_VENDOR_NO) values (2, 'xiafei', '2011-01-01 00:00:00', 0, null, '2011-01-01 00:00:00', '1', 0, '6.0220305', '国产高筋混合冬小麦次9023', '1', '6.0220305');
insert into MATERIAL (ID, CREATED_BY, CREATED_DATETIME, DEFUNCT_IND, UPDATED_BY, UPDATED_DATETIME, BASE_UNIT, EFFECTIVE_IND, MATERIAL_CODE, MATERIAL_DESC, ORIGINAL_SYSTEM, ORIGINAL_VENDOR_NO) values (3, 'xiafei', '2011-01-01 00:00:00', 0, null, '2011-01-01 00:00:00', '1', 0, '6.05102', '国产大豆', '1', '6.05102');
insert into MATERIAL (ID, CREATED_BY, CREATED_DATETIME, DEFUNCT_IND, UPDATED_BY, UPDATED_DATETIME, BASE_UNIT, EFFECTIVE_IND, MATERIAL_CODE, MATERIAL_DESC, ORIGINAL_SYSTEM, ORIGINAL_VENDOR_NO) values (4, 'xiafei', '2011-01-01 00:00:00', 0, null, '2011-01-01 00:00:00', '1', 0, '6.052', '菜籽', '1', '6.052');
insert into ORG_MATERIAL_CODE (ID, CREATED_BY, CREATED_DATETIME, DEFUNCT_IND, UPDATED_BY, UPDATED_DATETIME, BASE_UNIT, EFFECTIVE_IND, MATERIAL_CODE_ID, MATERIAL_DESC, MAT_ID, PUR_ID) values (1, null, '2011-01-01 00:00:00', 0, null, '2011-01-01 00:00:00', '1', 0, '6.0220304', '国产高筋白皮冬小麦优9023', 1, 8);
insert into ORG_MATERIAL_CODE (ID, CREATED_BY, CREATED_DATETIME, DEFUNCT_IND, UPDATED_BY, UPDATED_DATETIME, BASE_UNIT, EFFECTIVE_IND, MATERIAL_CODE_ID, MATERIAL_DESC, MAT_ID, PUR_ID) values (2, null, '2011-01-01 00:00:00', 0, null, '2011-01-01 00:00:00', '1', 0, '6.0220305', '国产高筋混合冬小麦次9023', 2, 8);
insert into ORG_MATERIAL_CODE (ID, CREATED_BY, CREATED_DATETIME, DEFUNCT_IND, UPDATED_BY, UPDATED_DATETIME, BASE_UNIT, EFFECTIVE_IND, MATERIAL_CODE_ID, MATERIAL_DESC, MAT_ID, PUR_ID) values (3, null, '2011-01-01 00:00:00', 0, null, '2011-01-01 00:00:00', '1', 0, '6.05102', '国产大豆', 3, 8);
insert into ORG_MATERIAL_CODE (ID, CREATED_BY, CREATED_DATETIME, DEFUNCT_IND, UPDATED_BY, UPDATED_DATETIME, BASE_UNIT, EFFECTIVE_IND, MATERIAL_CODE_ID, MATERIAL_DESC, MAT_ID, PUR_ID) values (4, null, '2011-01-01 00:00:00', 0, null, '2011-01-01 00:00:00', '1', 0, '6.052', '菜籽', 4, 8);
insert into ORG_MATERIAL_CODE (ID, CREATED_BY, CREATED_DATETIME, DEFUNCT_IND, UPDATED_BY, UPDATED_DATETIME, BASE_UNIT, EFFECTIVE_IND, MATERIAL_CODE_ID, MATERIAL_DESC, MAT_ID, PUR_ID) values (22, null, '2011-01-01 00:00:00', 0, null, '2011-01-01 00:00:00', '1', 0, '6.0220304', '国产高筋白皮冬小麦优9023', 1, 22);
insert into ORG_MATERIAL_CODE (ID, CREATED_BY, CREATED_DATETIME, DEFUNCT_IND, UPDATED_BY, UPDATED_DATETIME, BASE_UNIT, EFFECTIVE_IND, MATERIAL_CODE_ID, MATERIAL_DESC, MAT_ID, PUR_ID) values (23, null, '2011-01-01 00:00:00', 0, null, '2011-01-01 00:00:00', '1', 0, '6.0220305', '国产高筋混合冬小麦次9023', 2, 22);
insert into ORG_MATERIAL_CODE (ID, CREATED_BY, CREATED_DATETIME, DEFUNCT_IND, UPDATED_BY, UPDATED_DATETIME, BASE_UNIT, EFFECTIVE_IND, MATERIAL_CODE_ID, MATERIAL_DESC, MAT_ID, PUR_ID) values (29, null, '2011-01-01 00:00:00', 0, null, '2011-01-01 00:00:00', '1', 0, '6.0220304', '国产高筋白皮冬小麦优9023', 1, 29);
insert into ORG_MATERIAL_CODE (ID, CREATED_BY, CREATED_DATETIME, DEFUNCT_IND, UPDATED_BY, UPDATED_DATETIME, BASE_UNIT, EFFECTIVE_IND, MATERIAL_CODE_ID, MATERIAL_DESC, MAT_ID, PUR_ID) values (30, null, '2011-01-01 00:00:00', 0, null, '2011-01-01 00:00:00', '1', 0, '6.05102', '国产大豆', 3, 29);

insert into IND_MASTER (ID, CREATED_BY, CREATED_DATETIME, DEFUNCT_IND, UPDATED_BY, UPDATED_DATETIME, CONTAIN_LIMIT, CONTAIN_LOWER, EFFECTIVE_IND, IND_DESC, IND_FIELD, IND_NO, IND_NOTE, IND_TYPE, RANGE_LIMIT, RANGE_LOWER, RANGE_TEXT, SAP_IND_NO) values (1, null, '2011-01-01 00:00:00', 0, null, '2011-01-01 00:00:00', 1, 1, 1, '不完善粒', 'IMPERFECT_KERNAL', '010', null, 1, '90.000', '10.000', null, '1');
insert into IND_MASTER (ID, CREATED_BY, CREATED_DATETIME, DEFUNCT_IND, UPDATED_BY, UPDATED_DATETIME, CONTAIN_LIMIT, CONTAIN_LOWER, EFFECTIVE_IND, IND_DESC, IND_FIELD, IND_NO, IND_NOTE, IND_TYPE, RANGE_LIMIT, RANGE_LOWER, RANGE_TEXT, SAP_IND_NO) values (2, null, '2011-01-01 00:00:00', 0, null, '2011-01-01 00:00:00', 1, 1, 1, '水份', 'MOISTURE', '011', null, 1, '90.000', '10.000', null, '2');
insert into IND_MASTER (ID, CREATED_BY, CREATED_DATETIME, DEFUNCT_IND, UPDATED_BY, UPDATED_DATETIME, CONTAIN_LIMIT, CONTAIN_LOWER, EFFECTIVE_IND, IND_DESC, IND_FIELD, IND_NO, IND_NOTE, IND_TYPE, RANGE_LIMIT, RANGE_LOWER, RANGE_TEXT, SAP_IND_NO) values (3, null, '2011-01-01 00:00:00', 0, null, '2011-01-01 00:00:00', 1, 1, 1, '杂质', 'FOREIGN_MATERIAL', '012', null, 1, '90.000', '10.000', null, '3');
insert into IND_MASTER (ID, CREATED_BY, CREATED_DATETIME, DEFUNCT_IND, UPDATED_BY, UPDATED_DATETIME, CONTAIN_LIMIT, CONTAIN_LOWER, EFFECTIVE_IND, IND_DESC, IND_FIELD, IND_NO, IND_NOTE, IND_TYPE, RANGE_LIMIT, RANGE_LOWER, RANGE_TEXT, SAP_IND_NO) values (4, null, '2011-01-01 00:00:00', 0, null, '2011-01-01 00:00:00', 1, 1, 1, '湿面筋', 'WET_GLUTEN', '013', null, 1, '90.000', '10.000', null, '4');
insert into IND_MASTER (ID, CREATED_BY, CREATED_DATETIME, DEFUNCT_IND, UPDATED_BY, UPDATED_DATETIME, CONTAIN_LIMIT, CONTAIN_LOWER, EFFECTIVE_IND, IND_DESC, IND_FIELD, IND_NO, IND_NOTE, IND_TYPE, RANGE_LIMIT, RANGE_LOWER, RANGE_TEXT, SAP_IND_NO) values (5, null, '2011-01-01 00:00:00', 0, null, '2011-01-01 00:00:00', 1, 1, 1, '容重', 'VOLUME_WEIGHT', '014', null, 1, '90.000', '10.000', null, '5');
insert into IND_MASTER (ID, CREATED_BY, CREATED_DATETIME, DEFUNCT_IND, UPDATED_BY, UPDATED_DATETIME, CONTAIN_LIMIT, CONTAIN_LOWER, EFFECTIVE_IND, IND_DESC, IND_FIELD, IND_NO, IND_NOTE, IND_TYPE, RANGE_LIMIT, RANGE_LOWER, RANGE_TEXT, SAP_IND_NO) values (6, null, '2011-01-01 00:00:00', 0, null, '2011-01-01 00:00:00', 1, 1, 1, '未熟粒', 'IMMATURE_KERNEL', '015', null, 1, '90.000', '10.000', null, '27');
insert into IND_MASTER (ID, CREATED_BY, CREATED_DATETIME, DEFUNCT_IND, UPDATED_BY, UPDATED_DATETIME, CONTAIN_LIMIT, CONTAIN_LOWER, EFFECTIVE_IND, IND_DESC, IND_FIELD, IND_NO, IND_NOTE, IND_TYPE, RANGE_LIMIT, RANGE_LOWER, RANGE_TEXT, SAP_IND_NO) values (7, null, '2011-01-01 00:00:00', 0, null, '2011-01-01 00:00:00', 1, 1, 1, '热损', 'HEAT_LOSS', '016', null, 1, '90.000', '10.000', null, '28');
insert into IND_MASTER (ID, CREATED_BY, CREATED_DATETIME, DEFUNCT_IND, UPDATED_BY, UPDATED_DATETIME, CONTAIN_LIMIT, CONTAIN_LOWER, EFFECTIVE_IND, IND_DESC, IND_FIELD, IND_NO, IND_NOTE, IND_TYPE, RANGE_LIMIT, RANGE_LOWER, RANGE_TEXT, SAP_IND_NO) values (8, null, '2011-01-01 00:00:00', 0, null, '2011-01-01 00:00:00', 1, 1, 1, '含油', 'CONTAINED_OIL', '017', null, 1, '90.000', '10.000', null, '21');
insert into IND_MASTER (ID, CREATED_BY, CREATED_DATETIME, DEFUNCT_IND, UPDATED_BY, UPDATED_DATETIME, CONTAIN_LIMIT, CONTAIN_LOWER, EFFECTIVE_IND, IND_DESC, IND_FIELD, IND_NO, IND_NOTE, IND_TYPE, RANGE_LIMIT, RANGE_LOWER, RANGE_TEXT, SAP_IND_NO) values (9, null, '2011-01-01 00:00:00', 0, null, '2011-01-01 00:00:00', 1, 1, 1, '碎米粒', 'BROKEN_RATE', '018', null, 1, '90.000', '10.000', null, '41');
insert into IND_MASTER (ID, CREATED_BY, CREATED_DATETIME, DEFUNCT_IND, UPDATED_BY, UPDATED_DATETIME, CONTAIN_LIMIT, CONTAIN_LOWER, EFFECTIVE_IND, IND_DESC, IND_FIELD, IND_NO, IND_NOTE, IND_TYPE, RANGE_LIMIT, RANGE_LOWER, RANGE_TEXT, SAP_IND_NO) values (10, null, '2011-01-01 00:00:00', 0, null, '2011-01-01 00:00:00', 1, 1, 1, '霉变', 'MOLD', '019', null, 1, '90.000', '10.000', null, '61');
insert into IND_MASTER (ID, CREATED_BY, CREATED_DATETIME, DEFUNCT_IND, UPDATED_BY, UPDATED_DATETIME, CONTAIN_LIMIT, CONTAIN_LOWER, EFFECTIVE_IND, IND_DESC, IND_FIELD, IND_NO, IND_NOTE, IND_TYPE, RANGE_LIMIT, RANGE_LOWER, RANGE_TEXT, SAP_IND_NO) values (11, null, '2011-01-01 00:00:00', 0, null, '2011-01-01 00:00:00', 1, 1, 1, '水杂合', 'MIX_OF_MOISTURE_IMPURITY', '020', null, 1, '90.000', '10.000', null, '84');
insert into IND_MASTER (ID, CREATED_BY, CREATED_DATETIME, DEFUNCT_IND, UPDATED_BY, UPDATED_DATETIME, CONTAIN_LIMIT, CONTAIN_LOWER, EFFECTIVE_IND, IND_DESC, IND_FIELD, IND_NO, IND_NOTE, IND_TYPE, RANGE_LIMIT, RANGE_LOWER, RANGE_TEXT, SAP_IND_NO) values (12, null, '2011-01-01 00:00:00', 0, null, '2011-01-01 00:00:00', 1, 1, 1, '破碎率', 'BROKEN_RICE_RATE', '021', null, 1, '90.000', '10.000', null, '91');
insert into IND_MASTER (ID, CREATED_BY, CREATED_DATETIME, DEFUNCT_IND, UPDATED_BY, UPDATED_DATETIME, CONTAIN_LIMIT, CONTAIN_LOWER, EFFECTIVE_IND, IND_DESC, IND_FIELD, IND_NO, IND_NOTE, IND_TYPE, RANGE_LIMIT, RANGE_LOWER, RANGE_TEXT, SAP_IND_NO) values (13, null, '2011-01-01 00:00:00', 0, null, '2011-01-01 00:00:00', 1, 1, 1, '稳定时间', 'STABILITY_TIME', '022', null, 1, '90.000', '10.000', null, '101');

insert into IND_CATEGORY_MASTER (ID, CREATED_BY, CREATED_DATETIME, DEFUNCT_IND, UPDATED_BY, UPDATED_DATETIME, IND_ID, MASTER_ID) values (1, null, '2011-01-01 00:00:00', 0, null, '2011-01-01 00:00:00', 1, 1);
insert into IND_CATEGORY_MASTER (ID, CREATED_BY, CREATED_DATETIME, DEFUNCT_IND, UPDATED_BY, UPDATED_DATETIME, IND_ID, MASTER_ID) values (2, null, '2011-01-01 00:00:00', 0, null, '2011-01-01 00:00:00', 1, 2);
insert into IND_CATEGORY_MASTER (ID, CREATED_BY, CREATED_DATETIME, DEFUNCT_IND, UPDATED_BY, UPDATED_DATETIME, IND_ID, MASTER_ID) values (3, null, '2011-01-01 00:00:00', 0, null, '2011-01-01 00:00:00', 1, 3);
insert into IND_CATEGORY_MASTER (ID, CREATED_BY, CREATED_DATETIME, DEFUNCT_IND, UPDATED_BY, UPDATED_DATETIME, IND_ID, MASTER_ID) values (4, null, '2011-01-01 00:00:00', 0, null, '2011-01-01 00:00:00', 1, 4);
insert into IND_CATEGORY_MASTER (ID, CREATED_BY, CREATED_DATETIME, DEFUNCT_IND, UPDATED_BY, UPDATED_DATETIME, IND_ID, MASTER_ID) values (5, null, '2011-01-01 00:00:00', 0, null, '2011-01-01 00:00:00', 1, 5);
insert into IND_CATEGORY_MASTER (ID, CREATED_BY, CREATED_DATETIME, DEFUNCT_IND, UPDATED_BY, UPDATED_DATETIME, IND_ID, MASTER_ID) values (6, null, '2011-01-01 00:00:00', 0, null, '2011-01-01 00:00:00', 1, 6);
insert into IND_CATEGORY_MASTER (ID, CREATED_BY, CREATED_DATETIME, DEFUNCT_IND, UPDATED_BY, UPDATED_DATETIME, IND_ID, MASTER_ID) values (7, null, '2011-01-01 00:00:00', 0, null, '2011-01-01 00:00:00', 1, 7);
insert into IND_CATEGORY_MASTER (ID, CREATED_BY, CREATED_DATETIME, DEFUNCT_IND, UPDATED_BY, UPDATED_DATETIME, IND_ID, MASTER_ID) values (8, null, '2011-01-01 00:00:00', 0, null, '2011-01-01 00:00:00', 1, 8);
insert into IND_CATEGORY_MASTER (ID, CREATED_BY, CREATED_DATETIME, DEFUNCT_IND, UPDATED_BY, UPDATED_DATETIME, IND_ID, MASTER_ID) values (9, null, '2011-01-01 00:00:00', 0, null, '2011-01-01 00:00:00', 1, 9);
insert into IND_CATEGORY_MASTER (ID, CREATED_BY, CREATED_DATETIME, DEFUNCT_IND, UPDATED_BY, UPDATED_DATETIME, IND_ID, MASTER_ID) values (10, null, '2011-01-01 00:00:00', 0, null, '2011-01-01 00:00:00', 1, 10);
insert into IND_CATEGORY_MASTER (ID, CREATED_BY, CREATED_DATETIME, DEFUNCT_IND, UPDATED_BY, UPDATED_DATETIME, IND_ID, MASTER_ID) values (11, null, '2011-01-01 00:00:00', 0, null, '2011-01-01 00:00:00', 1, 11);
insert into IND_CATEGORY_MASTER (ID, CREATED_BY, CREATED_DATETIME, DEFUNCT_IND, UPDATED_BY, UPDATED_DATETIME, IND_ID, MASTER_ID) values (12, null, '2011-01-01 00:00:00', 0, null, '2011-01-01 00:00:00', 1, 12);
insert into IND_CATEGORY_MASTER (ID, CREATED_BY, CREATED_DATETIME, DEFUNCT_IND, UPDATED_BY, UPDATED_DATETIME, IND_ID, MASTER_ID) values (13, null, '2011-01-01 00:00:00', 0, null, '2011-01-01 00:00:00', 1, 13);
insert into IND_CATEGORY_MASTER (ID, CREATED_BY, CREATED_DATETIME, DEFUNCT_IND, UPDATED_BY, UPDATED_DATETIME, IND_ID, MASTER_ID) values (14, null, '2011-01-01 00:00:00', 0, null, '2011-01-01 00:00:00', 2, 1);
insert into IND_CATEGORY_MASTER (ID, CREATED_BY, CREATED_DATETIME, DEFUNCT_IND, UPDATED_BY, UPDATED_DATETIME, IND_ID, MASTER_ID) values (15, null, '2011-01-01 00:00:00', 0, null, '2011-01-01 00:00:00', 2, 2);
insert into IND_CATEGORY_MASTER (ID, CREATED_BY, CREATED_DATETIME, DEFUNCT_IND, UPDATED_BY, UPDATED_DATETIME, IND_ID, MASTER_ID) values (16, null, '2011-01-01 00:00:00', 0, null, '2011-01-01 00:00:00', 2, 3);
insert into IND_CATEGORY_MASTER (ID, CREATED_BY, CREATED_DATETIME, DEFUNCT_IND, UPDATED_BY, UPDATED_DATETIME, IND_ID, MASTER_ID) values (17, null, '2011-01-01 00:00:00', 0, null, '2011-01-01 00:00:00', 2, 4);
insert into IND_CATEGORY_MASTER (ID, CREATED_BY, CREATED_DATETIME, DEFUNCT_IND, UPDATED_BY, UPDATED_DATETIME, IND_ID, MASTER_ID) values (18, null, '2011-01-01 00:00:00', 0, null, '2011-01-01 00:00:00', 2, 5);
insert into IND_CATEGORY_MASTER (ID, CREATED_BY, CREATED_DATETIME, DEFUNCT_IND, UPDATED_BY, UPDATED_DATETIME, IND_ID, MASTER_ID) values (19, null, '2011-01-01 00:00:00', 0, null, '2011-01-01 00:00:00', 2, 6);
insert into IND_CATEGORY_MASTER (ID, CREATED_BY, CREATED_DATETIME, DEFUNCT_IND, UPDATED_BY, UPDATED_DATETIME, IND_ID, MASTER_ID) values (20, null, '2011-01-01 00:00:00', 0, null, '2011-01-01 00:00:00', 2, 7);
insert into IND_CATEGORY_MASTER (ID, CREATED_BY, CREATED_DATETIME, DEFUNCT_IND, UPDATED_BY, UPDATED_DATETIME, IND_ID, MASTER_ID) values (21, null, '2011-01-01 00:00:00', 0, null, '2011-01-01 00:00:00', 2, 8);
insert into IND_CATEGORY_MASTER (ID, CREATED_BY, CREATED_DATETIME, DEFUNCT_IND, UPDATED_BY, UPDATED_DATETIME, IND_ID, MASTER_ID) values (22, null, '2011-01-01 00:00:00', 0, null, '2011-01-01 00:00:00', 2, 9);
insert into IND_CATEGORY_MASTER (ID, CREATED_BY, CREATED_DATETIME, DEFUNCT_IND, UPDATED_BY, UPDATED_DATETIME, IND_ID, MASTER_ID) values (23, null, '2011-01-01 00:00:00', 0, null, '2011-01-01 00:00:00', 2, 10);
insert into IND_CATEGORY_MASTER (ID, CREATED_BY, CREATED_DATETIME, DEFUNCT_IND, UPDATED_BY, UPDATED_DATETIME, IND_ID, MASTER_ID) values (24, null, '2011-01-01 00:00:00', 0, null, '2011-01-01 00:00:00', 2, 11);
insert into IND_CATEGORY_MASTER (ID, CREATED_BY, CREATED_DATETIME, DEFUNCT_IND, UPDATED_BY, UPDATED_DATETIME, IND_ID, MASTER_ID) values (25, null, '2011-01-01 00:00:00', 0, null, '2011-01-01 00:00:00', 2, 12);
insert into IND_CATEGORY_MASTER (ID, CREATED_BY, CREATED_DATETIME, DEFUNCT_IND, UPDATED_BY, UPDATED_DATETIME, IND_ID, MASTER_ID) values (26, null, '2011-01-01 00:00:00', 0, null, '2011-01-01 00:00:00', 2, 13);
insert into IND_CATEGORY_MASTER (ID, CREATED_BY, CREATED_DATETIME, DEFUNCT_IND, UPDATED_BY, UPDATED_DATETIME, IND_ID, MASTER_ID) values (27, null, '2011-01-01 00:00:00', 0, null, '2011-01-01 00:00:00', 3, 1);
insert into IND_CATEGORY_MASTER (ID, CREATED_BY, CREATED_DATETIME, DEFUNCT_IND, UPDATED_BY, UPDATED_DATETIME, IND_ID, MASTER_ID) values (28, null, '2011-01-01 00:00:00', 0, null, '2011-01-01 00:00:00', 3, 2);
insert into IND_CATEGORY_MASTER (ID, CREATED_BY, CREATED_DATETIME, DEFUNCT_IND, UPDATED_BY, UPDATED_DATETIME, IND_ID, MASTER_ID) values (29, null, '2011-01-01 00:00:00', 0, null, '2011-01-01 00:00:00', 3, 3);
insert into IND_CATEGORY_MASTER (ID, CREATED_BY, CREATED_DATETIME, DEFUNCT_IND, UPDATED_BY, UPDATED_DATETIME, IND_ID, MASTER_ID) values (30, null, '2011-01-01 00:00:00', 0, null, '2011-01-01 00:00:00', 3, 4);
insert into IND_CATEGORY_MASTER (ID, CREATED_BY, CREATED_DATETIME, DEFUNCT_IND, UPDATED_BY, UPDATED_DATETIME, IND_ID, MASTER_ID) values (31, null, '2011-01-01 00:00:00', 0, null, '2011-01-01 00:00:00', 3, 5);
insert into IND_CATEGORY_MASTER (ID, CREATED_BY, CREATED_DATETIME, DEFUNCT_IND, UPDATED_BY, UPDATED_DATETIME, IND_ID, MASTER_ID) values (32, null, '2011-01-01 00:00:00', 0, null, '2011-01-01 00:00:00', 3, 6);
insert into IND_CATEGORY_MASTER (ID, CREATED_BY, CREATED_DATETIME, DEFUNCT_IND, UPDATED_BY, UPDATED_DATETIME, IND_ID, MASTER_ID) values (33, null, '2011-01-01 00:00:00', 0, null, '2011-01-01 00:00:00', 3, 7);
insert into IND_CATEGORY_MASTER (ID, CREATED_BY, CREATED_DATETIME, DEFUNCT_IND, UPDATED_BY, UPDATED_DATETIME, IND_ID, MASTER_ID) values (34, null, '2011-01-01 00:00:00', 0, null, '2011-01-01 00:00:00', 3, 8);
insert into IND_CATEGORY_MASTER (ID, CREATED_BY, CREATED_DATETIME, DEFUNCT_IND, UPDATED_BY, UPDATED_DATETIME, IND_ID, MASTER_ID) values (35, null, '2011-01-01 00:00:00', 0, null, '2011-01-01 00:00:00', 3, 9);
insert into IND_CATEGORY_MASTER (ID, CREATED_BY, CREATED_DATETIME, DEFUNCT_IND, UPDATED_BY, UPDATED_DATETIME, IND_ID, MASTER_ID) values (36, null, '2011-01-01 00:00:00', 0, null, '2011-01-01 00:00:00', 3, 10);
insert into IND_CATEGORY_MASTER (ID, CREATED_BY, CREATED_DATETIME, DEFUNCT_IND, UPDATED_BY, UPDATED_DATETIME, IND_ID, MASTER_ID) values (37, null, '2011-01-01 00:00:00', 0, null, '2011-01-01 00:00:00', 3, 11);
insert into IND_CATEGORY_MASTER (ID, CREATED_BY, CREATED_DATETIME, DEFUNCT_IND, UPDATED_BY, UPDATED_DATETIME, IND_ID, MASTER_ID) values (38, null, '2011-01-01 00:00:00', 0, null, '2011-01-01 00:00:00', 3, 12);
insert into IND_CATEGORY_MASTER (ID, CREATED_BY, CREATED_DATETIME, DEFUNCT_IND, UPDATED_BY, UPDATED_DATETIME, IND_ID, MASTER_ID) values (39, null, '2011-01-01 00:00:00', 0, null, '2011-01-01 00:00:00', 3, 13);
insert into IND_CATEGORY_MASTER (ID, CREATED_BY, CREATED_DATETIME, DEFUNCT_IND, UPDATED_BY, UPDATED_DATETIME, IND_ID, MASTER_ID) values (40, null, '2011-01-01 00:00:00', 0, null, '2011-01-01 00:00:00', 4, 1);
insert into IND_CATEGORY_MASTER (ID, CREATED_BY, CREATED_DATETIME, DEFUNCT_IND, UPDATED_BY, UPDATED_DATETIME, IND_ID, MASTER_ID) values (41, null, '2011-01-01 00:00:00', 0, null, '2011-01-01 00:00:00', 4, 2);
insert into IND_CATEGORY_MASTER (ID, CREATED_BY, CREATED_DATETIME, DEFUNCT_IND, UPDATED_BY, UPDATED_DATETIME, IND_ID, MASTER_ID) values (42, null, '2011-01-01 00:00:00', 0, null, '2011-01-01 00:00:00', 4, 3);
insert into IND_CATEGORY_MASTER (ID, CREATED_BY, CREATED_DATETIME, DEFUNCT_IND, UPDATED_BY, UPDATED_DATETIME, IND_ID, MASTER_ID) values (43, null, '2011-01-01 00:00:00', 0, null, '2011-01-01 00:00:00', 4, 4);
insert into IND_CATEGORY_MASTER (ID, CREATED_BY, CREATED_DATETIME, DEFUNCT_IND, UPDATED_BY, UPDATED_DATETIME, IND_ID, MASTER_ID) values (44, null, '2011-01-01 00:00:00', 0, null, '2011-01-01 00:00:00', 4, 5);
insert into IND_CATEGORY_MASTER (ID, CREATED_BY, CREATED_DATETIME, DEFUNCT_IND, UPDATED_BY, UPDATED_DATETIME, IND_ID, MASTER_ID) values (45, null, '2011-01-01 00:00:00', 0, null, '2011-01-01 00:00:00', 4, 6);
insert into IND_CATEGORY_MASTER (ID, CREATED_BY, CREATED_DATETIME, DEFUNCT_IND, UPDATED_BY, UPDATED_DATETIME, IND_ID, MASTER_ID) values (46, null, '2011-01-01 00:00:00', 0, null, '2011-01-01 00:00:00', 4, 7);
insert into IND_CATEGORY_MASTER (ID, CREATED_BY, CREATED_DATETIME, DEFUNCT_IND, UPDATED_BY, UPDATED_DATETIME, IND_ID, MASTER_ID) values (47, null, '2011-01-01 00:00:00', 0, null, '2011-01-01 00:00:00', 4, 8);
insert into IND_CATEGORY_MASTER (ID, CREATED_BY, CREATED_DATETIME, DEFUNCT_IND, UPDATED_BY, UPDATED_DATETIME, IND_ID, MASTER_ID) values (48, null, '2011-01-01 00:00:00', 0, null, '2011-01-01 00:00:00', 4, 9);
insert into IND_CATEGORY_MASTER (ID, CREATED_BY, CREATED_DATETIME, DEFUNCT_IND, UPDATED_BY, UPDATED_DATETIME, IND_ID, MASTER_ID) values (49, null, '2011-01-01 00:00:00', 0, null, '2011-01-01 00:00:00', 4, 10);
insert into IND_CATEGORY_MASTER (ID, CREATED_BY, CREATED_DATETIME, DEFUNCT_IND, UPDATED_BY, UPDATED_DATETIME, IND_ID, MASTER_ID) values (50, null, '2011-01-01 00:00:00', 0, null, '2011-01-01 00:00:00', 4, 11);
insert into IND_CATEGORY_MASTER (ID, CREATED_BY, CREATED_DATETIME, DEFUNCT_IND, UPDATED_BY, UPDATED_DATETIME, IND_ID, MASTER_ID) values (51, null, '2011-01-01 00:00:00', 0, null, '2011-01-01 00:00:00', 4, 12);
insert into IND_CATEGORY_MASTER (ID, CREATED_BY, CREATED_DATETIME, DEFUNCT_IND, UPDATED_BY, UPDATED_DATETIME, IND_ID, MASTER_ID) values (52, null, '2011-01-01 00:00:00', 0, null, '2011-01-01 00:00:00', 4, 13);
insert into IND_CATEGORY_MASTER (ID, CREATED_BY, CREATED_DATETIME, DEFUNCT_IND, UPDATED_BY, UPDATED_DATETIME, IND_ID, MASTER_ID) values (53, null, '2011-01-01 00:00:00', 0, null, '2011-01-01 00:00:00', 5, 1);
insert into IND_CATEGORY_MASTER (ID, CREATED_BY, CREATED_DATETIME, DEFUNCT_IND, UPDATED_BY, UPDATED_DATETIME, IND_ID, MASTER_ID) values (54, null, '2011-01-01 00:00:00', 0, null, '2011-01-01 00:00:00', 5, 2);
insert into IND_CATEGORY_MASTER (ID, CREATED_BY, CREATED_DATETIME, DEFUNCT_IND, UPDATED_BY, UPDATED_DATETIME, IND_ID, MASTER_ID) values (55, null, '2011-01-01 00:00:00', 0, null, '2011-01-01 00:00:00', 5, 3);
insert into IND_CATEGORY_MASTER (ID, CREATED_BY, CREATED_DATETIME, DEFUNCT_IND, UPDATED_BY, UPDATED_DATETIME, IND_ID, MASTER_ID) values (56, null, '2011-01-01 00:00:00', 0, null, '2011-01-01 00:00:00', 5, 4);
insert into IND_CATEGORY_MASTER (ID, CREATED_BY, CREATED_DATETIME, DEFUNCT_IND, UPDATED_BY, UPDATED_DATETIME, IND_ID, MASTER_ID) values (57, null, '2011-01-01 00:00:00', 0, null, '2011-01-01 00:00:00', 5, 5);
insert into IND_CATEGORY_MASTER (ID, CREATED_BY, CREATED_DATETIME, DEFUNCT_IND, UPDATED_BY, UPDATED_DATETIME, IND_ID, MASTER_ID) values (58, null, '2011-01-01 00:00:00', 0, null, '2011-01-01 00:00:00', 5, 6);
insert into IND_CATEGORY_MASTER (ID, CREATED_BY, CREATED_DATETIME, DEFUNCT_IND, UPDATED_BY, UPDATED_DATETIME, IND_ID, MASTER_ID) values (59, null, '2011-01-01 00:00:00', 0, null, '2011-01-01 00:00:00', 5, 7);
insert into IND_CATEGORY_MASTER (ID, CREATED_BY, CREATED_DATETIME, DEFUNCT_IND, UPDATED_BY, UPDATED_DATETIME, IND_ID, MASTER_ID) values (60, null, '2011-01-01 00:00:00', 0, null, '2011-01-01 00:00:00', 5, 8);
insert into IND_CATEGORY_MASTER (ID, CREATED_BY, CREATED_DATETIME, DEFUNCT_IND, UPDATED_BY, UPDATED_DATETIME, IND_ID, MASTER_ID) values (61, null, '2011-01-01 00:00:00', 0, null, '2011-01-01 00:00:00', 5, 9);
insert into IND_CATEGORY_MASTER (ID, CREATED_BY, CREATED_DATETIME, DEFUNCT_IND, UPDATED_BY, UPDATED_DATETIME, IND_ID, MASTER_ID) values (62, null, '2011-01-01 00:00:00', 0, null, '2011-01-01 00:00:00', 5, 10);
insert into IND_CATEGORY_MASTER (ID, CREATED_BY, CREATED_DATETIME, DEFUNCT_IND, UPDATED_BY, UPDATED_DATETIME, IND_ID, MASTER_ID) values (63, null, '2011-01-01 00:00:00', 0, null, '2011-01-01 00:00:00', 5, 11);
insert into IND_CATEGORY_MASTER (ID, CREATED_BY, CREATED_DATETIME, DEFUNCT_IND, UPDATED_BY, UPDATED_DATETIME, IND_ID, MASTER_ID) values (64, null, '2011-01-01 00:00:00', 0, null, '2011-01-01 00:00:00', 5, 12);
insert into IND_CATEGORY_MASTER (ID, CREATED_BY, CREATED_DATETIME, DEFUNCT_IND, UPDATED_BY, UPDATED_DATETIME, IND_ID, MASTER_ID) values (65, null, '2011-01-01 00:00:00', 0, null, '2011-01-01 00:00:00', 5, 13);
insert into IND_CATEGORY_MASTER (ID, CREATED_BY, CREATED_DATETIME, DEFUNCT_IND, UPDATED_BY, UPDATED_DATETIME, IND_ID, MASTER_ID) values (66, null, '2011-01-01 00:00:00', 0, null, '2011-01-01 00:00:00', 6, 1);
insert into IND_CATEGORY_MASTER (ID, CREATED_BY, CREATED_DATETIME, DEFUNCT_IND, UPDATED_BY, UPDATED_DATETIME, IND_ID, MASTER_ID) values (67, null, '2011-01-01 00:00:00', 0, null, '2011-01-01 00:00:00', 6, 2);
insert into IND_CATEGORY_MASTER (ID, CREATED_BY, CREATED_DATETIME, DEFUNCT_IND, UPDATED_BY, UPDATED_DATETIME, IND_ID, MASTER_ID) values (68, null, '2011-01-01 00:00:00', 0, null, '2011-01-01 00:00:00', 6, 3);
insert into IND_CATEGORY_MASTER (ID, CREATED_BY, CREATED_DATETIME, DEFUNCT_IND, UPDATED_BY, UPDATED_DATETIME, IND_ID, MASTER_ID) values (69, null, '2011-01-01 00:00:00', 0, null, '2011-01-01 00:00:00', 6, 4);
insert into IND_CATEGORY_MASTER (ID, CREATED_BY, CREATED_DATETIME, DEFUNCT_IND, UPDATED_BY, UPDATED_DATETIME, IND_ID, MASTER_ID) values (70, null, '2011-01-01 00:00:00', 0, null, '2011-01-01 00:00:00', 6, 5);
insert into IND_CATEGORY_MASTER (ID, CREATED_BY, CREATED_DATETIME, DEFUNCT_IND, UPDATED_BY, UPDATED_DATETIME, IND_ID, MASTER_ID) values (71, null, '2011-01-01 00:00:00', 0, null, '2011-01-01 00:00:00', 6, 6);
insert into IND_CATEGORY_MASTER (ID, CREATED_BY, CREATED_DATETIME, DEFUNCT_IND, UPDATED_BY, UPDATED_DATETIME, IND_ID, MASTER_ID) values (72, null, '2011-01-01 00:00:00', 0, null, '2011-01-01 00:00:00', 6, 7);
insert into IND_CATEGORY_MASTER (ID, CREATED_BY, CREATED_DATETIME, DEFUNCT_IND, UPDATED_BY, UPDATED_DATETIME, IND_ID, MASTER_ID) values (73, null, '2011-01-01 00:00:00', 0, null, '2011-01-01 00:00:00', 6, 8);
insert into IND_CATEGORY_MASTER (ID, CREATED_BY, CREATED_DATETIME, DEFUNCT_IND, UPDATED_BY, UPDATED_DATETIME, IND_ID, MASTER_ID) values (74, null, '2011-01-01 00:00:00', 0, null, '2011-01-01 00:00:00', 6, 9);
insert into IND_CATEGORY_MASTER (ID, CREATED_BY, CREATED_DATETIME, DEFUNCT_IND, UPDATED_BY, UPDATED_DATETIME, IND_ID, MASTER_ID) values (75, null, '2011-01-01 00:00:00', 0, null, '2011-01-01 00:00:00', 6, 10);
insert into IND_CATEGORY_MASTER (ID, CREATED_BY, CREATED_DATETIME, DEFUNCT_IND, UPDATED_BY, UPDATED_DATETIME, IND_ID, MASTER_ID) values (76, null, '2011-01-01 00:00:00', 0, null, '2011-01-01 00:00:00', 6, 11);
insert into IND_CATEGORY_MASTER (ID, CREATED_BY, CREATED_DATETIME, DEFUNCT_IND, UPDATED_BY, UPDATED_DATETIME, IND_ID, MASTER_ID) values (77, null, '2011-01-01 00:00:00', 0, null, '2011-01-01 00:00:00', 6, 12);
insert into IND_CATEGORY_MASTER (ID, CREATED_BY, CREATED_DATETIME, DEFUNCT_IND, UPDATED_BY, UPDATED_DATETIME, IND_ID, MASTER_ID) values (78, null, '2011-01-01 00:00:00', 0, null, '2011-01-01 00:00:00', 6, 13);
insert into IND_CATEGORY_MASTER (ID, CREATED_BY, CREATED_DATETIME, DEFUNCT_IND, UPDATED_BY, UPDATED_DATETIME, IND_ID, MASTER_ID) values (79, null, '2011-01-01 00:00:00', 0, null, '2011-01-01 00:00:00', 7, 1);
insert into IND_CATEGORY_MASTER (ID, CREATED_BY, CREATED_DATETIME, DEFUNCT_IND, UPDATED_BY, UPDATED_DATETIME, IND_ID, MASTER_ID) values (80, null, '2011-01-01 00:00:00', 0, null, '2011-01-01 00:00:00', 7, 2);
insert into IND_CATEGORY_MASTER (ID, CREATED_BY, CREATED_DATETIME, DEFUNCT_IND, UPDATED_BY, UPDATED_DATETIME, IND_ID, MASTER_ID) values (81, null, '2011-01-01 00:00:00', 0, null, '2011-01-01 00:00:00', 7, 3);
insert into IND_CATEGORY_MASTER (ID, CREATED_BY, CREATED_DATETIME, DEFUNCT_IND, UPDATED_BY, UPDATED_DATETIME, IND_ID, MASTER_ID) values (82, null, '2011-01-01 00:00:00', 0, null, '2011-01-01 00:00:00', 7, 4);
insert into IND_CATEGORY_MASTER (ID, CREATED_BY, CREATED_DATETIME, DEFUNCT_IND, UPDATED_BY, UPDATED_DATETIME, IND_ID, MASTER_ID) values (83, null, '2011-01-01 00:00:00', 0, null, '2011-01-01 00:00:00', 7, 5);
insert into IND_CATEGORY_MASTER (ID, CREATED_BY, CREATED_DATETIME, DEFUNCT_IND, UPDATED_BY, UPDATED_DATETIME, IND_ID, MASTER_ID) values (84, null, '2011-01-01 00:00:00', 0, null, '2011-01-01 00:00:00', 7, 6);
insert into IND_CATEGORY_MASTER (ID, CREATED_BY, CREATED_DATETIME, DEFUNCT_IND, UPDATED_BY, UPDATED_DATETIME, IND_ID, MASTER_ID) values (85, null, '2011-01-01 00:00:00', 0, null, '2011-01-01 00:00:00', 7, 7);
insert into IND_CATEGORY_MASTER (ID, CREATED_BY, CREATED_DATETIME, DEFUNCT_IND, UPDATED_BY, UPDATED_DATETIME, IND_ID, MASTER_ID) values (86, null, '2011-01-01 00:00:00', 0, null, '2011-01-01 00:00:00', 7, 8);
insert into IND_CATEGORY_MASTER (ID, CREATED_BY, CREATED_DATETIME, DEFUNCT_IND, UPDATED_BY, UPDATED_DATETIME, IND_ID, MASTER_ID) values (87, null, '2011-01-01 00:00:00', 0, null, '2011-01-01 00:00:00', 7, 9);
insert into IND_CATEGORY_MASTER (ID, CREATED_BY, CREATED_DATETIME, DEFUNCT_IND, UPDATED_BY, UPDATED_DATETIME, IND_ID, MASTER_ID) values (88, null, '2011-01-01 00:00:00', 0, null, '2011-01-01 00:00:00', 7, 10);
insert into IND_CATEGORY_MASTER (ID, CREATED_BY, CREATED_DATETIME, DEFUNCT_IND, UPDATED_BY, UPDATED_DATETIME, IND_ID, MASTER_ID) values (89, null, '2011-01-01 00:00:00', 0, null, '2011-01-01 00:00:00', 7, 11);
insert into IND_CATEGORY_MASTER (ID, CREATED_BY, CREATED_DATETIME, DEFUNCT_IND, UPDATED_BY, UPDATED_DATETIME, IND_ID, MASTER_ID) values (90, null, '2011-01-01 00:00:00', 0, null, '2011-01-01 00:00:00', 7, 12);
insert into IND_CATEGORY_MASTER (ID, CREATED_BY, CREATED_DATETIME, DEFUNCT_IND, UPDATED_BY, UPDATED_DATETIME, IND_ID, MASTER_ID) values (91, null, '2011-01-01 00:00:00', 0, null, '2011-01-01 00:00:00', 7, 13);
insert into IND_CATEGORY_MASTER (ID, CREATED_BY, CREATED_DATETIME, DEFUNCT_IND, UPDATED_BY, UPDATED_DATETIME, IND_ID, MASTER_ID) values (92, null, '2011-01-01 00:00:00', 0, null, '2011-01-01 00:00:00', 8, 1);
insert into IND_CATEGORY_MASTER (ID, CREATED_BY, CREATED_DATETIME, DEFUNCT_IND, UPDATED_BY, UPDATED_DATETIME, IND_ID, MASTER_ID) values (93, null, '2011-01-01 00:00:00', 0, null, '2011-01-01 00:00:00', 8, 2);
insert into IND_CATEGORY_MASTER (ID, CREATED_BY, CREATED_DATETIME, DEFUNCT_IND, UPDATED_BY, UPDATED_DATETIME, IND_ID, MASTER_ID) values (94, null, '2011-01-01 00:00:00', 0, null, '2011-01-01 00:00:00', 8, 3);
insert into IND_CATEGORY_MASTER (ID, CREATED_BY, CREATED_DATETIME, DEFUNCT_IND, UPDATED_BY, UPDATED_DATETIME, IND_ID, MASTER_ID) values (95, null, '2011-01-01 00:00:00', 0, null, '2011-01-01 00:00:00', 8, 4);
insert into IND_CATEGORY_MASTER (ID, CREATED_BY, CREATED_DATETIME, DEFUNCT_IND, UPDATED_BY, UPDATED_DATETIME, IND_ID, MASTER_ID) values (96, null, '2011-01-01 00:00:00', 0, null, '2011-01-01 00:00:00', 8, 5);
insert into IND_CATEGORY_MASTER (ID, CREATED_BY, CREATED_DATETIME, DEFUNCT_IND, UPDATED_BY, UPDATED_DATETIME, IND_ID, MASTER_ID) values (97, null, '2011-01-01 00:00:00', 0, null, '2011-01-01 00:00:00', 8, 6);
insert into IND_CATEGORY_MASTER (ID, CREATED_BY, CREATED_DATETIME, DEFUNCT_IND, UPDATED_BY, UPDATED_DATETIME, IND_ID, MASTER_ID) values (98, null, '2011-01-01 00:00:00', 0, null, '2011-01-01 00:00:00', 8, 7);
insert into IND_CATEGORY_MASTER (ID, CREATED_BY, CREATED_DATETIME, DEFUNCT_IND, UPDATED_BY, UPDATED_DATETIME, IND_ID, MASTER_ID) values (99, null, '2011-01-01 00:00:00', 0, null, '2011-01-01 00:00:00', 8, 8);
insert into IND_CATEGORY_MASTER (ID, CREATED_BY, CREATED_DATETIME, DEFUNCT_IND, UPDATED_BY, UPDATED_DATETIME, IND_ID, MASTER_ID) values (100, null, '2011-01-01 00:00:00', 0, null, '2011-01-01 00:00:00', 8, 9);
insert into IND_CATEGORY_MASTER (ID, CREATED_BY, CREATED_DATETIME, DEFUNCT_IND, UPDATED_BY, UPDATED_DATETIME, IND_ID, MASTER_ID) values (101, null, '2011-01-01 00:00:00', 0, null, '2011-01-01 00:00:00', 8, 10);
insert into IND_CATEGORY_MASTER (ID, CREATED_BY, CREATED_DATETIME, DEFUNCT_IND, UPDATED_BY, UPDATED_DATETIME, IND_ID, MASTER_ID) values (102, null, '2011-01-01 00:00:00', 0, null, '2011-01-01 00:00:00', 8, 11);
insert into IND_CATEGORY_MASTER (ID, CREATED_BY, CREATED_DATETIME, DEFUNCT_IND, UPDATED_BY, UPDATED_DATETIME, IND_ID, MASTER_ID) values (103, null, '2011-01-01 00:00:00', 0, null, '2011-01-01 00:00:00', 8, 12);
insert into IND_CATEGORY_MASTER (ID, CREATED_BY, CREATED_DATETIME, DEFUNCT_IND, UPDATED_BY, UPDATED_DATETIME, IND_ID, MASTER_ID) values (104, null, '2011-01-01 00:00:00', 0, null, '2011-01-01 00:00:00', 8, 13);

insert into ORG_MATERIAL (ID, CREATED_BY, CREATED_DATETIME, DEFUNCT_IND, UPDATED_BY, UPDATED_DATETIME, BILLING_RULE, JUMP_GROUP_NO, MATERIAL_DESC, MATERIAL_ID, PURCHASE_FLOW, PURCHASE_SEASON_START_DATE, RATIO_OF_SAMPLINGS, REQUIRED_LAB_COUNT, ORG_ID2, ORG_ID, PUR_ID) values (1, null, '2011-10-11 11:12:56', 0, null, '2011-10-11 11:12:56', 1, null, '国产高筋白皮冬小麦优9023', '6.0220304 其它', '14', '2011-10-01 00:00:00', '100', 1, 1, 9, 8);
insert into ORG_MATERIAL (ID, CREATED_BY, CREATED_DATETIME, DEFUNCT_IND, UPDATED_BY, UPDATED_DATETIME, BILLING_RULE, JUMP_GROUP_NO, MATERIAL_DESC, MATERIAL_ID, PURCHASE_FLOW, PURCHASE_SEASON_START_DATE, RATIO_OF_SAMPLINGS, REQUIRED_LAB_COUNT, ORG_ID2, ORG_ID, PUR_ID) values (2, null, '2011-01-01 00:00:00', 0, null, '2011-01-01 00:00:00', 1, '1', '国产高筋白皮冬小麦优9023', '6.0220304 成都', '10', '2011-10-01 00:00:00', '100', 1, 1, 23, 8);
insert into ORG_MATERIAL (ID, CREATED_BY, CREATED_DATETIME, DEFUNCT_IND, UPDATED_BY, UPDATED_DATETIME, BILLING_RULE, JUMP_GROUP_NO, MATERIAL_DESC, MATERIAL_ID, PURCHASE_FLOW, PURCHASE_SEASON_START_DATE, RATIO_OF_SAMPLINGS, REQUIRED_LAB_COUNT, ORG_ID2, ORG_ID, PUR_ID) values (3, null, '2011-10-11 11:13:10', 0, null, '2011-10-11 11:13:10', 1, null, '国产高筋混合冬小麦次9023', '6.0220305 其它', '14', '2011-10-01 00:00:00', '100', 1, 2, 9, 8);
insert into ORG_MATERIAL (ID, CREATED_BY, CREATED_DATETIME, DEFUNCT_IND, UPDATED_BY, UPDATED_DATETIME, BILLING_RULE, JUMP_GROUP_NO, MATERIAL_DESC, MATERIAL_ID, PURCHASE_FLOW, PURCHASE_SEASON_START_DATE, RATIO_OF_SAMPLINGS, REQUIRED_LAB_COUNT, ORG_ID2, ORG_ID, PUR_ID) values (4, null, '2011-01-01 00:00:00', 0, null, '2011-01-01 00:00:00', 1, '1', '国产高筋混合冬小麦次9023', '6.0220305 成都', '10', '2011-10-01 00:00:00', '100', 1, 2, 23, 8);
insert into ORG_MATERIAL (ID, CREATED_BY, CREATED_DATETIME, DEFUNCT_IND, UPDATED_BY, UPDATED_DATETIME, BILLING_RULE, JUMP_GROUP_NO, MATERIAL_DESC, MATERIAL_ID, PURCHASE_FLOW, PURCHASE_SEASON_START_DATE, RATIO_OF_SAMPLINGS, REQUIRED_LAB_COUNT, ORG_ID2, ORG_ID, PUR_ID) values (5, null, '2011-10-11 11:13:22', 0, null, '2011-10-11 11:13:22', 1, null, '国产大豆', '6.05102 其它', '14', '2011-10-01 00:00:00', '100', 1, 3, 9, 8);
insert into ORG_MATERIAL (ID, CREATED_BY, CREATED_DATETIME, DEFUNCT_IND, UPDATED_BY, UPDATED_DATETIME, BILLING_RULE, JUMP_GROUP_NO, MATERIAL_DESC, MATERIAL_ID, PURCHASE_FLOW, PURCHASE_SEASON_START_DATE, RATIO_OF_SAMPLINGS, REQUIRED_LAB_COUNT, ORG_ID2, ORG_ID, PUR_ID) values (6, null, '2011-01-01 00:00:00', 0, null, '2011-01-01 00:00:00', 1, null, '国产大豆', '6.05102 成都', '12', '2011-10-01 00:00:00', '100', 1, 3, 23, 8);
insert into ORG_MATERIAL (ID, CREATED_BY, CREATED_DATETIME, DEFUNCT_IND, UPDATED_BY, UPDATED_DATETIME, BILLING_RULE, JUMP_GROUP_NO, MATERIAL_DESC, MATERIAL_ID, PURCHASE_FLOW, PURCHASE_SEASON_START_DATE, RATIO_OF_SAMPLINGS, REQUIRED_LAB_COUNT, ORG_ID2, ORG_ID, PUR_ID) values (7, null, '2011-10-11 11:13:35', 0, null, '2011-10-11 11:13:35', 1, null, '菜籽', '6.052 其它', '14', '2011-10-01 00:00:00', '100', 1, 4, 9, 8);
insert into ORG_MATERIAL (ID, CREATED_BY, CREATED_DATETIME, DEFUNCT_IND, UPDATED_BY, UPDATED_DATETIME, BILLING_RULE, JUMP_GROUP_NO, MATERIAL_DESC, MATERIAL_ID, PURCHASE_FLOW, PURCHASE_SEASON_START_DATE, RATIO_OF_SAMPLINGS, REQUIRED_LAB_COUNT, ORG_ID2, ORG_ID, PUR_ID) values (8, null, '2011-01-01 00:00:00', 0, null, '2011-01-01 00:00:00', 1, null, '菜籽', '6.052 成都', '14', '2011-10-01 00:00:00', '100', 1, 4, 23, 8);
insert into ORG_MATERIAL (ID, CREATED_BY, CREATED_DATETIME, DEFUNCT_IND, UPDATED_BY, UPDATED_DATETIME, BILLING_RULE, JUMP_GROUP_NO, MATERIAL_DESC, MATERIAL_ID, PURCHASE_FLOW, PURCHASE_SEASON_START_DATE, RATIO_OF_SAMPLINGS, REQUIRED_LAB_COUNT, ORG_ID2, ORG_ID, PUR_ID) values (10, null, '2011-01-01 00:00:00', 0, null, '2011-01-01 00:00:00', 1, '2', '国产高筋白皮冬小麦优9023', '6.0220304 龙泉', '10', '2011-10-01 00:00:00', '100', 1, 1, 30, 8);
insert into ORG_MATERIAL (ID, CREATED_BY, CREATED_DATETIME, DEFUNCT_IND, UPDATED_BY, UPDATED_DATETIME, BILLING_RULE, JUMP_GROUP_NO, MATERIAL_DESC, MATERIAL_ID, PURCHASE_FLOW, PURCHASE_SEASON_START_DATE, RATIO_OF_SAMPLINGS, REQUIRED_LAB_COUNT, ORG_ID2, ORG_ID, PUR_ID) values (12, null, '2011-01-01 00:00:00', 0, null, '2011-01-01 00:00:00', 1, '2', '国产高筋混合冬小麦次9023', '6.0220305 龙泉', '10', '2011-10-01 00:00:00', '100', 1, 2, 30, 8);
insert into ORG_MATERIAL (ID, CREATED_BY, CREATED_DATETIME, DEFUNCT_IND, UPDATED_BY, UPDATED_DATETIME, BILLING_RULE, JUMP_GROUP_NO, MATERIAL_DESC, MATERIAL_ID, PURCHASE_FLOW, PURCHASE_SEASON_START_DATE, RATIO_OF_SAMPLINGS, REQUIRED_LAB_COUNT, ORG_ID2, ORG_ID, PUR_ID) values (14, null, '2011-01-01 00:00:00', 0, null, '2011-01-01 00:00:00', 2, null, '国产大豆', '6.05102 龙泉', '11', null, '100', 2, 3, 30, 8);
insert into ORG_MATERIAL (ID, CREATED_BY, CREATED_DATETIME, DEFUNCT_IND, UPDATED_BY, UPDATED_DATETIME, BILLING_RULE, JUMP_GROUP_NO, MATERIAL_DESC, MATERIAL_ID, PURCHASE_FLOW, PURCHASE_SEASON_START_DATE, RATIO_OF_SAMPLINGS, REQUIRED_LAB_COUNT, ORG_ID2, ORG_ID, PUR_ID) values (16, null, '2011-01-01 00:00:00', 0, null, '2011-01-01 00:00:00', 2, null, '菜籽', '6.052 龙泉', '14', '2011-10-01 00:00:00', '100', 2, 4, 30, 8);

insert into ORG_MATERIAL (ID, CREATED_BY, CREATED_DATETIME, DEFUNCT_IND, UPDATED_BY, UPDATED_DATETIME, BILLING_RULE, JUMP_GROUP_NO, MATERIAL_DESC, MATERIAL_ID, PURCHASE_FLOW, PURCHASE_SEASON_START_DATE, RATIO_OF_SAMPLINGS, REQUIRED_LAB_COUNT, ORG_ID2, ORG_ID, PUR_ID) values (17, null, '2011-01-01 00:00:00', 0, null, '2011-01-01 00:00:00', 1, null, '国产高筋白皮冬小麦优9023', '6.0220304 其它', '27', '2011-10-01 00:00:00', '100', 1, 22, 24, 22);
insert into ORG_MATERIAL (ID, CREATED_BY, CREATED_DATETIME, DEFUNCT_IND, UPDATED_BY, UPDATED_DATETIME, BILLING_RULE, JUMP_GROUP_NO, MATERIAL_DESC, MATERIAL_ID, PURCHASE_FLOW, PURCHASE_SEASON_START_DATE, RATIO_OF_SAMPLINGS, REQUIRED_LAB_COUNT, ORG_ID2, ORG_ID, PUR_ID) values (18, null, '2011-01-01 00:00:00', 0, null, '2011-01-01 00:00:00', 1, null, '国产高筋白皮冬小麦优9023', '6.0220304 成都', '24', '2011-10-01 00:00:00', '100', 1, 22, 25, 22);
insert into ORG_MATERIAL (ID, CREATED_BY, CREATED_DATETIME, DEFUNCT_IND, UPDATED_BY, UPDATED_DATETIME, BILLING_RULE, JUMP_GROUP_NO, MATERIAL_DESC, MATERIAL_ID, PURCHASE_FLOW, PURCHASE_SEASON_START_DATE, RATIO_OF_SAMPLINGS, REQUIRED_LAB_COUNT, ORG_ID2, ORG_ID, PUR_ID) values (19, null, '2011-01-01 00:00:00', 0, null, '2011-01-01 00:00:00', 1, null, '国产高筋白皮冬小麦优9023', '6.0220304 龙泉', '26', '2011-10-01 00:00:00', '100', 1, 22, 26, 22);
insert into ORG_MATERIAL (ID, CREATED_BY, CREATED_DATETIME, DEFUNCT_IND, UPDATED_BY, UPDATED_DATETIME, BILLING_RULE, JUMP_GROUP_NO, MATERIAL_DESC, MATERIAL_ID, PURCHASE_FLOW, PURCHASE_SEASON_START_DATE, RATIO_OF_SAMPLINGS, REQUIRED_LAB_COUNT, ORG_ID2, ORG_ID, PUR_ID) values (20, null, '2011-01-01 00:00:00', 0, null, '2011-01-01 00:00:00', 1, null, '国产高筋混合冬小麦次9023', '6.0220305 其它', '27', '2011-10-01 00:00:00', '100', 1, 23, 24, 22);
insert into ORG_MATERIAL (ID, CREATED_BY, CREATED_DATETIME, DEFUNCT_IND, UPDATED_BY, UPDATED_DATETIME, BILLING_RULE, JUMP_GROUP_NO, MATERIAL_DESC, MATERIAL_ID, PURCHASE_FLOW, PURCHASE_SEASON_START_DATE, RATIO_OF_SAMPLINGS, REQUIRED_LAB_COUNT, ORG_ID2, ORG_ID, PUR_ID) values (21, null, '2011-01-01 00:00:00', 0, null, '2011-01-01 00:00:00', 1, null, '国产高筋混合冬小麦次9023', '6.0220305 成都', '24', '2011-10-01 00:00:00', '100', 1, 23, 25, 22);
insert into ORG_MATERIAL (ID, CREATED_BY, CREATED_DATETIME, DEFUNCT_IND, UPDATED_BY, UPDATED_DATETIME, BILLING_RULE, JUMP_GROUP_NO, MATERIAL_DESC, MATERIAL_ID, PURCHASE_FLOW, PURCHASE_SEASON_START_DATE, RATIO_OF_SAMPLINGS, REQUIRED_LAB_COUNT, ORG_ID2, ORG_ID, PUR_ID) values (22, null, '2011-01-01 00:00:00', 0, null, '2011-01-01 00:00:00', 1, null, '国产高筋混合冬小麦次9023', '6.0220305 龙泉', '26', '2011-10-01 00:00:00', '100', 1, 23, 26, 22);
insert into ORG_MATERIAL (ID, CREATED_BY, CREATED_DATETIME, DEFUNCT_IND, UPDATED_BY, UPDATED_DATETIME, BILLING_RULE, JUMP_GROUP_NO, MATERIAL_DESC, MATERIAL_ID, PURCHASE_FLOW, PURCHASE_SEASON_START_DATE, RATIO_OF_SAMPLINGS, REQUIRED_LAB_COUNT, ORG_ID2, ORG_ID, PUR_ID) values (23, null, '2011-01-01 00:00:00', 0, null, '2011-01-01 00:00:00', 1, null, '国产高筋白皮冬小麦优9023', '6.0220304 其它', '34', '2011-10-01 00:00:00', '100', 1, 29, 31, 29);
insert into ORG_MATERIAL (ID, CREATED_BY, CREATED_DATETIME, DEFUNCT_IND, UPDATED_BY, UPDATED_DATETIME, BILLING_RULE, JUMP_GROUP_NO, MATERIAL_DESC, MATERIAL_ID, PURCHASE_FLOW, PURCHASE_SEASON_START_DATE, RATIO_OF_SAMPLINGS, REQUIRED_LAB_COUNT, ORG_ID2, ORG_ID, PUR_ID) values (24, null, '2011-01-01 00:00:00', 0, null, '2011-01-01 00:00:00', 1, null, '国产高筋白皮冬小麦优9023', '6.0220304 成都', '31', '2011-10-01 00:00:00', '100', 1, 29, 32, 29);
insert into ORG_MATERIAL (ID, CREATED_BY, CREATED_DATETIME, DEFUNCT_IND, UPDATED_BY, UPDATED_DATETIME, BILLING_RULE, JUMP_GROUP_NO, MATERIAL_DESC, MATERIAL_ID, PURCHASE_FLOW, PURCHASE_SEASON_START_DATE, RATIO_OF_SAMPLINGS, REQUIRED_LAB_COUNT, ORG_ID2, ORG_ID, PUR_ID) values (25, null, '2011-01-01 00:00:00', 0, null, '2011-01-01 00:00:00', 1, null, '国产高筋白皮冬小麦优9023', '6.0220304 龙泉', '33', '2011-10-01 00:00:00', '100', 1, 29, 33, 29);
insert into ORG_MATERIAL (ID, CREATED_BY, CREATED_DATETIME, DEFUNCT_IND, UPDATED_BY, UPDATED_DATETIME, BILLING_RULE, JUMP_GROUP_NO, MATERIAL_DESC, MATERIAL_ID, PURCHASE_FLOW, PURCHASE_SEASON_START_DATE, RATIO_OF_SAMPLINGS, REQUIRED_LAB_COUNT, ORG_ID2, ORG_ID, PUR_ID) values (26, null, '2011-01-01 00:00:00', 0, null, '2011-01-01 00:00:00', 1, null, '国产大豆', '6.05102 其它', '34', '2011-10-01 00:00:00', '100', 1, 30, 31, 29);
insert into ORG_MATERIAL (ID, CREATED_BY, CREATED_DATETIME, DEFUNCT_IND, UPDATED_BY, UPDATED_DATETIME, BILLING_RULE, JUMP_GROUP_NO, MATERIAL_DESC, MATERIAL_ID, PURCHASE_FLOW, PURCHASE_SEASON_START_DATE, RATIO_OF_SAMPLINGS, REQUIRED_LAB_COUNT, ORG_ID2, ORG_ID, PUR_ID) values (27, null, '2011-01-01 00:00:00', 0, null, '2011-01-01 00:00:00', 1, null, '国产大豆', '6.05102 成都', '31', '2011-10-01 00:00:00', '100', 1, 30, 32, 29);
insert into ORG_MATERIAL (ID, CREATED_BY, CREATED_DATETIME, DEFUNCT_IND, UPDATED_BY, UPDATED_DATETIME, BILLING_RULE, JUMP_GROUP_NO, MATERIAL_DESC, MATERIAL_ID, PURCHASE_FLOW, PURCHASE_SEASON_START_DATE, RATIO_OF_SAMPLINGS, REQUIRED_LAB_COUNT, ORG_ID2, ORG_ID, PUR_ID) values (28, null, '2011-01-01 00:00:00', 0, null, '2011-01-01 00:00:00', 1, null, '国产大豆', '6.05102 龙泉', '33', '2011-10-01 00:00:00', '100', 1, 30, 33, 29);

insert into ORG_MATERIAL_IND (ID, CREATED_BY, CREATED_DATETIME, DEFUNCT_IND, UPDATED_BY, UPDATED_DATETIME, CONTAIN_LIMIT, CONTAIN_LOWER, EFFECTIVE_IND, IND_CONTENT, IND_TYPE, RANGE_LIMIT, RANGE_LOWER, RANGE_TEXT, IND_ID, ORG_ID) values (1, null, '2011-01-01 00:00:00', 0, null, '2011-01-01 00:00:00', 1, 1, 1, null, null, '90.000', '10.000', null, 14, 1);
insert into ORG_MATERIAL_IND (ID, CREATED_BY, CREATED_DATETIME, DEFUNCT_IND, UPDATED_BY, UPDATED_DATETIME, CONTAIN_LIMIT, CONTAIN_LOWER, EFFECTIVE_IND, IND_CONTENT, IND_TYPE, RANGE_LIMIT, RANGE_LOWER, RANGE_TEXT, IND_ID, ORG_ID) values (2, null, '2011-01-01 00:00:00', 0, null, '2011-01-01 00:00:00', 1, 1, 1, null, null, '90.000', '10.000', null, 15, 1);
insert into ORG_MATERIAL_IND (ID, CREATED_BY, CREATED_DATETIME, DEFUNCT_IND, UPDATED_BY, UPDATED_DATETIME, CONTAIN_LIMIT, CONTAIN_LOWER, EFFECTIVE_IND, IND_CONTENT, IND_TYPE, RANGE_LIMIT, RANGE_LOWER, RANGE_TEXT, IND_ID, ORG_ID) values (3, null, '2011-01-01 00:00:00', 0, null, '2011-01-01 00:00:00', 1, 1, 1, null, null, '90.000', '10.000', null, 16, 1);
insert into ORG_MATERIAL_IND (ID, CREATED_BY, CREATED_DATETIME, DEFUNCT_IND, UPDATED_BY, UPDATED_DATETIME, CONTAIN_LIMIT, CONTAIN_LOWER, EFFECTIVE_IND, IND_CONTENT, IND_TYPE, RANGE_LIMIT, RANGE_LOWER, RANGE_TEXT, IND_ID, ORG_ID) values (4, null, '2011-01-01 00:00:00', 0, null, '2011-01-01 00:00:00', 1, 1, 1, null, null, '90.000', '10.000', null, 17, 1);
insert into ORG_MATERIAL_IND (ID, CREATED_BY, CREATED_DATETIME, DEFUNCT_IND, UPDATED_BY, UPDATED_DATETIME, CONTAIN_LIMIT, CONTAIN_LOWER, EFFECTIVE_IND, IND_CONTENT, IND_TYPE, RANGE_LIMIT, RANGE_LOWER, RANGE_TEXT, IND_ID, ORG_ID) values (5, null, '2011-01-01 00:00:00', 0, null, '2011-01-01 00:00:00', 1, 1, 1, null, null, '90.000', '10.000', null, 18, 1);
insert into ORG_MATERIAL_IND (ID, CREATED_BY, CREATED_DATETIME, DEFUNCT_IND, UPDATED_BY, UPDATED_DATETIME, CONTAIN_LIMIT, CONTAIN_LOWER, EFFECTIVE_IND, IND_CONTENT, IND_TYPE, RANGE_LIMIT, RANGE_LOWER, RANGE_TEXT, IND_ID, ORG_ID) values (6, null, '2011-01-01 00:00:00', 0, null, '2011-01-01 00:00:00', 1, 1, 1, null, null, '90.000', '10.000', null, 26, 1);
insert into ORG_MATERIAL_IND (ID, CREATED_BY, CREATED_DATETIME, DEFUNCT_IND, UPDATED_BY, UPDATED_DATETIME, CONTAIN_LIMIT, CONTAIN_LOWER, EFFECTIVE_IND, IND_CONTENT, IND_TYPE, RANGE_LIMIT, RANGE_LOWER, RANGE_TEXT, IND_ID, ORG_ID) values (7, null, '2011-01-01 00:00:00', 0, null, '2011-01-01 00:00:00', 1, 1, 1, null, null, '90.000', '10.000', null, 14, 2);
insert into ORG_MATERIAL_IND (ID, CREATED_BY, CREATED_DATETIME, DEFUNCT_IND, UPDATED_BY, UPDATED_DATETIME, CONTAIN_LIMIT, CONTAIN_LOWER, EFFECTIVE_IND, IND_CONTENT, IND_TYPE, RANGE_LIMIT, RANGE_LOWER, RANGE_TEXT, IND_ID, ORG_ID) values (8, null, '2011-01-01 00:00:00', 0, null, '2011-01-01 00:00:00', 1, 1, 1, null, null, '90.000', '10.000', null, 15, 2);
insert into ORG_MATERIAL_IND (ID, CREATED_BY, CREATED_DATETIME, DEFUNCT_IND, UPDATED_BY, UPDATED_DATETIME, CONTAIN_LIMIT, CONTAIN_LOWER, EFFECTIVE_IND, IND_CONTENT, IND_TYPE, RANGE_LIMIT, RANGE_LOWER, RANGE_TEXT, IND_ID, ORG_ID) values (9, null, '2011-01-01 00:00:00', 0, null, '2011-01-01 00:00:00', 1, 1, 1, null, null, '90.000', '10.000', null, 16, 2);
insert into ORG_MATERIAL_IND (ID, CREATED_BY, CREATED_DATETIME, DEFUNCT_IND, UPDATED_BY, UPDATED_DATETIME, CONTAIN_LIMIT, CONTAIN_LOWER, EFFECTIVE_IND, IND_CONTENT, IND_TYPE, RANGE_LIMIT, RANGE_LOWER, RANGE_TEXT, IND_ID, ORG_ID) values (10, null, '2011-01-01 00:00:00', 0, null, '2011-01-01 00:00:00', 1, 1, 1, null, null, '90.000', '10.000', null, 17, 2);
insert into ORG_MATERIAL_IND (ID, CREATED_BY, CREATED_DATETIME, DEFUNCT_IND, UPDATED_BY, UPDATED_DATETIME, CONTAIN_LIMIT, CONTAIN_LOWER, EFFECTIVE_IND, IND_CONTENT, IND_TYPE, RANGE_LIMIT, RANGE_LOWER, RANGE_TEXT, IND_ID, ORG_ID) values (11, null, '2011-01-01 00:00:00', 0, null, '2011-01-01 00:00:00', 1, 1, 1, null, null, '90.000', '10.000', null, 18, 2);
insert into ORG_MATERIAL_IND (ID, CREATED_BY, CREATED_DATETIME, DEFUNCT_IND, UPDATED_BY, UPDATED_DATETIME, CONTAIN_LIMIT, CONTAIN_LOWER, EFFECTIVE_IND, IND_CONTENT, IND_TYPE, RANGE_LIMIT, RANGE_LOWER, RANGE_TEXT, IND_ID, ORG_ID) values (12, null, '2011-01-01 00:00:00', 0, null, '2011-01-01 00:00:00', 1, 1, 1, null, null, '90.000', '10.000', null, 26, 2);
insert into ORG_MATERIAL_IND (ID, CREATED_BY, CREATED_DATETIME, DEFUNCT_IND, UPDATED_BY, UPDATED_DATETIME, CONTAIN_LIMIT, CONTAIN_LOWER, EFFECTIVE_IND, IND_CONTENT, IND_TYPE, RANGE_LIMIT, RANGE_LOWER, RANGE_TEXT, IND_ID, ORG_ID) values (13, null, '2011-01-01 00:00:00', 0, null, '2011-01-01 00:00:00', 1, 1, 1, null, null, '90.000', '10.000', null, 14, 3);
insert into ORG_MATERIAL_IND (ID, CREATED_BY, CREATED_DATETIME, DEFUNCT_IND, UPDATED_BY, UPDATED_DATETIME, CONTAIN_LIMIT, CONTAIN_LOWER, EFFECTIVE_IND, IND_CONTENT, IND_TYPE, RANGE_LIMIT, RANGE_LOWER, RANGE_TEXT, IND_ID, ORG_ID) values (14, null, '2011-01-01 00:00:00', 0, null, '2011-01-01 00:00:00', 1, 1, 1, null, null, '90.000', '10.000', null, 15, 3);
insert into ORG_MATERIAL_IND (ID, CREATED_BY, CREATED_DATETIME, DEFUNCT_IND, UPDATED_BY, UPDATED_DATETIME, CONTAIN_LIMIT, CONTAIN_LOWER, EFFECTIVE_IND, IND_CONTENT, IND_TYPE, RANGE_LIMIT, RANGE_LOWER, RANGE_TEXT, IND_ID, ORG_ID) values (15, null, '2011-01-01 00:00:00', 0, null, '2011-01-01 00:00:00', 1, 1, 1, null, null, '90.000', '10.000', null, 16, 3);
insert into ORG_MATERIAL_IND (ID, CREATED_BY, CREATED_DATETIME, DEFUNCT_IND, UPDATED_BY, UPDATED_DATETIME, CONTAIN_LIMIT, CONTAIN_LOWER, EFFECTIVE_IND, IND_CONTENT, IND_TYPE, RANGE_LIMIT, RANGE_LOWER, RANGE_TEXT, IND_ID, ORG_ID) values (16, null, '2011-01-01 00:00:00', 0, null, '2011-01-01 00:00:00', 1, 1, 1, null, null, '90.000', '10.000', null, 17, 3);
insert into ORG_MATERIAL_IND (ID, CREATED_BY, CREATED_DATETIME, DEFUNCT_IND, UPDATED_BY, UPDATED_DATETIME, CONTAIN_LIMIT, CONTAIN_LOWER, EFFECTIVE_IND, IND_CONTENT, IND_TYPE, RANGE_LIMIT, RANGE_LOWER, RANGE_TEXT, IND_ID, ORG_ID) values (17, null, '2011-01-01 00:00:00', 0, null, '2011-01-01 00:00:00', 1, 1, 1, null, null, '90.000', '10.000', null, 18, 3);
insert into ORG_MATERIAL_IND (ID, CREATED_BY, CREATED_DATETIME, DEFUNCT_IND, UPDATED_BY, UPDATED_DATETIME, CONTAIN_LIMIT, CONTAIN_LOWER, EFFECTIVE_IND, IND_CONTENT, IND_TYPE, RANGE_LIMIT, RANGE_LOWER, RANGE_TEXT, IND_ID, ORG_ID) values (18, null, '2011-01-01 00:00:00', 0, null, '2011-01-01 00:00:00', 1, 1, 1, null, null, '90.000', '10.000', null, 26, 3);
insert into ORG_MATERIAL_IND (ID, CREATED_BY, CREATED_DATETIME, DEFUNCT_IND, UPDATED_BY, UPDATED_DATETIME, CONTAIN_LIMIT, CONTAIN_LOWER, EFFECTIVE_IND, IND_CONTENT, IND_TYPE, RANGE_LIMIT, RANGE_LOWER, RANGE_TEXT, IND_ID, ORG_ID) values (19, null, '2011-01-01 00:00:00', 0, null, '2011-01-01 00:00:00', 1, 1, 1, null, null, '90.000', '10.000', null, 14, 4);
insert into ORG_MATERIAL_IND (ID, CREATED_BY, CREATED_DATETIME, DEFUNCT_IND, UPDATED_BY, UPDATED_DATETIME, CONTAIN_LIMIT, CONTAIN_LOWER, EFFECTIVE_IND, IND_CONTENT, IND_TYPE, RANGE_LIMIT, RANGE_LOWER, RANGE_TEXT, IND_ID, ORG_ID) values (20, null, '2011-01-01 00:00:00', 0, null, '2011-01-01 00:00:00', 1, 1, 1, null, null, '90.000', '10.000', null, 15, 4);
insert into ORG_MATERIAL_IND (ID, CREATED_BY, CREATED_DATETIME, DEFUNCT_IND, UPDATED_BY, UPDATED_DATETIME, CONTAIN_LIMIT, CONTAIN_LOWER, EFFECTIVE_IND, IND_CONTENT, IND_TYPE, RANGE_LIMIT, RANGE_LOWER, RANGE_TEXT, IND_ID, ORG_ID) values (21, null, '2011-01-01 00:00:00', 0, null, '2011-01-01 00:00:00', 1, 1, 1, null, null, '90.000', '10.000', null, 16, 4);
insert into ORG_MATERIAL_IND (ID, CREATED_BY, CREATED_DATETIME, DEFUNCT_IND, UPDATED_BY, UPDATED_DATETIME, CONTAIN_LIMIT, CONTAIN_LOWER, EFFECTIVE_IND, IND_CONTENT, IND_TYPE, RANGE_LIMIT, RANGE_LOWER, RANGE_TEXT, IND_ID, ORG_ID) values (22, null, '2011-01-01 00:00:00', 0, null, '2011-01-01 00:00:00', 1, 1, 1, null, null, '90.000', '10.000', null, 17, 4);
insert into ORG_MATERIAL_IND (ID, CREATED_BY, CREATED_DATETIME, DEFUNCT_IND, UPDATED_BY, UPDATED_DATETIME, CONTAIN_LIMIT, CONTAIN_LOWER, EFFECTIVE_IND, IND_CONTENT, IND_TYPE, RANGE_LIMIT, RANGE_LOWER, RANGE_TEXT, IND_ID, ORG_ID) values (23, null, '2011-01-01 00:00:00', 0, null, '2011-01-01 00:00:00', 1, 1, 1, null, null, '90.000', '10.000', null, 18, 4);
insert into ORG_MATERIAL_IND (ID, CREATED_BY, CREATED_DATETIME, DEFUNCT_IND, UPDATED_BY, UPDATED_DATETIME, CONTAIN_LIMIT, CONTAIN_LOWER, EFFECTIVE_IND, IND_CONTENT, IND_TYPE, RANGE_LIMIT, RANGE_LOWER, RANGE_TEXT, IND_ID, ORG_ID) values (24, null, '2011-01-01 00:00:00', 0, null, '2011-01-01 00:00:00', 1, 1, 1, null, null, '90.000', '10.000', null, 26, 4);
insert into ORG_MATERIAL_IND (ID, CREATED_BY, CREATED_DATETIME, DEFUNCT_IND, UPDATED_BY, UPDATED_DATETIME, CONTAIN_LIMIT, CONTAIN_LOWER, EFFECTIVE_IND, IND_CONTENT, IND_TYPE, RANGE_LIMIT, RANGE_LOWER, RANGE_TEXT, IND_ID, ORG_ID) values (25, null, '2011-01-01 00:00:00', 0, null, '2011-01-01 00:00:00', 1, 1, 1, null, null, '90.000', '10.000', null, 28, 5);
insert into ORG_MATERIAL_IND (ID, CREATED_BY, CREATED_DATETIME, DEFUNCT_IND, UPDATED_BY, UPDATED_DATETIME, CONTAIN_LIMIT, CONTAIN_LOWER, EFFECTIVE_IND, IND_CONTENT, IND_TYPE, RANGE_LIMIT, RANGE_LOWER, RANGE_TEXT, IND_ID, ORG_ID) values (26, null, '2011-01-01 00:00:00', 0, null, '2011-01-01 00:00:00', 1, 1, 1, null, null, '90.000', '10.000', null, 29, 5);
insert into ORG_MATERIAL_IND (ID, CREATED_BY, CREATED_DATETIME, DEFUNCT_IND, UPDATED_BY, UPDATED_DATETIME, CONTAIN_LIMIT, CONTAIN_LOWER, EFFECTIVE_IND, IND_CONTENT, IND_TYPE, RANGE_LIMIT, RANGE_LOWER, RANGE_TEXT, IND_ID, ORG_ID) values (27, null, '2011-01-01 00:00:00', 0, null, '2011-01-01 00:00:00', 1, 1, 1, null, null, '90.000', '10.000', null, 32, 5);
insert into ORG_MATERIAL_IND (ID, CREATED_BY, CREATED_DATETIME, DEFUNCT_IND, UPDATED_BY, UPDATED_DATETIME, CONTAIN_LIMIT, CONTAIN_LOWER, EFFECTIVE_IND, IND_CONTENT, IND_TYPE, RANGE_LIMIT, RANGE_LOWER, RANGE_TEXT, IND_ID, ORG_ID) values (28, null, '2011-01-01 00:00:00', 0, null, '2011-01-01 00:00:00', 1, 1, 1, null, null, '90.000', '10.000', null, 33, 5);
insert into ORG_MATERIAL_IND (ID, CREATED_BY, CREATED_DATETIME, DEFUNCT_IND, UPDATED_BY, UPDATED_DATETIME, CONTAIN_LIMIT, CONTAIN_LOWER, EFFECTIVE_IND, IND_CONTENT, IND_TYPE, RANGE_LIMIT, RANGE_LOWER, RANGE_TEXT, IND_ID, ORG_ID) values (29, null, '2011-01-01 00:00:00', 0, null, '2011-01-01 00:00:00', 1, 1, 1, null, null, '90.000', '10.000', null, 36, 5);
insert into ORG_MATERIAL_IND (ID, CREATED_BY, CREATED_DATETIME, DEFUNCT_IND, UPDATED_BY, UPDATED_DATETIME, CONTAIN_LIMIT, CONTAIN_LOWER, EFFECTIVE_IND, IND_CONTENT, IND_TYPE, RANGE_LIMIT, RANGE_LOWER, RANGE_TEXT, IND_ID, ORG_ID) values (30, null, '2011-01-01 00:00:00', 0, null, '2011-01-01 00:00:00', 1, 1, 1, null, null, '90.000', '10.000', null, 38, 5);

insert into ORG_MATERIAL_IND (ID, CREATED_BY, CREATED_DATETIME, DEFUNCT_IND, UPDATED_BY, UPDATED_DATETIME, CONTAIN_LIMIT, CONTAIN_LOWER, EFFECTIVE_IND, IND_CONTENT, IND_TYPE, RANGE_LIMIT, RANGE_LOWER, RANGE_TEXT, IND_ID, ORG_ID) values (31, null, '2011-01-01 00:00:00', 0, null, '2011-01-01 00:00:00', 1, 1, 1, null, null, '90.000', '10.000', null, 28, 6);
insert into ORG_MATERIAL_IND (ID, CREATED_BY, CREATED_DATETIME, DEFUNCT_IND, UPDATED_BY, UPDATED_DATETIME, CONTAIN_LIMIT, CONTAIN_LOWER, EFFECTIVE_IND, IND_CONTENT, IND_TYPE, RANGE_LIMIT, RANGE_LOWER, RANGE_TEXT, IND_ID, ORG_ID) values (32, null, '2011-01-01 00:00:00', 0, null, '2011-01-01 00:00:00', 1, 1, 1, null, null, '90.000', '10.000', null, 29, 6);
insert into ORG_MATERIAL_IND (ID, CREATED_BY, CREATED_DATETIME, DEFUNCT_IND, UPDATED_BY, UPDATED_DATETIME, CONTAIN_LIMIT, CONTAIN_LOWER, EFFECTIVE_IND, IND_CONTENT, IND_TYPE, RANGE_LIMIT, RANGE_LOWER, RANGE_TEXT, IND_ID, ORG_ID) values (33, null, '2011-01-01 00:00:00', 0, null, '2011-01-01 00:00:00', 1, 1, 1, null, null, '90.000', '10.000', null, 32, 6);
insert into ORG_MATERIAL_IND (ID, CREATED_BY, CREATED_DATETIME, DEFUNCT_IND, UPDATED_BY, UPDATED_DATETIME, CONTAIN_LIMIT, CONTAIN_LOWER, EFFECTIVE_IND, IND_CONTENT, IND_TYPE, RANGE_LIMIT, RANGE_LOWER, RANGE_TEXT, IND_ID, ORG_ID) values (34, null, '2011-01-01 00:00:00', 0, null, '2011-01-01 00:00:00', 1, 1, 1, null, null, '90.000', '10.000', null, 33, 6);
insert into ORG_MATERIAL_IND (ID, CREATED_BY, CREATED_DATETIME, DEFUNCT_IND, UPDATED_BY, UPDATED_DATETIME, CONTAIN_LIMIT, CONTAIN_LOWER, EFFECTIVE_IND, IND_CONTENT, IND_TYPE, RANGE_LIMIT, RANGE_LOWER, RANGE_TEXT, IND_ID, ORG_ID) values (35, null, '2011-01-01 00:00:00', 0, null, '2011-01-01 00:00:00', 1, 1, 1, null, null, '90.000', '10.000', null, 36, 6);
insert into ORG_MATERIAL_IND (ID, CREATED_BY, CREATED_DATETIME, DEFUNCT_IND, UPDATED_BY, UPDATED_DATETIME, CONTAIN_LIMIT, CONTAIN_LOWER, EFFECTIVE_IND, IND_CONTENT, IND_TYPE, RANGE_LIMIT, RANGE_LOWER, RANGE_TEXT, IND_ID, ORG_ID) values (36, null, '2011-01-01 00:00:00', 0, null, '2011-01-01 00:00:00', 1, 1, 1, null, null, '90.000', '10.000', null, 38, 6);
insert into ORG_MATERIAL_IND (ID, CREATED_BY, CREATED_DATETIME, DEFUNCT_IND, UPDATED_BY, UPDATED_DATETIME, CONTAIN_LIMIT, CONTAIN_LOWER, EFFECTIVE_IND, IND_CONTENT, IND_TYPE, RANGE_LIMIT, RANGE_LOWER, RANGE_TEXT, IND_ID, ORG_ID) values (37, null, '2011-01-01 00:00:00', 0, null, '2011-01-01 00:00:00', 1, 1, 1, null, null, '90.000', '10.000', null, 47, 7);
insert into ORG_MATERIAL_IND (ID, CREATED_BY, CREATED_DATETIME, DEFUNCT_IND, UPDATED_BY, UPDATED_DATETIME, CONTAIN_LIMIT, CONTAIN_LOWER, EFFECTIVE_IND, IND_CONTENT, IND_TYPE, RANGE_LIMIT, RANGE_LOWER, RANGE_TEXT, IND_ID, ORG_ID) values (38, null, '2011-01-01 00:00:00', 0, null, '2011-01-01 00:00:00', 1, 1, 1, null, null, '90.000', '10.000', null, 48, 7);
insert into ORG_MATERIAL_IND (ID, CREATED_BY, CREATED_DATETIME, DEFUNCT_IND, UPDATED_BY, UPDATED_DATETIME, CONTAIN_LIMIT, CONTAIN_LOWER, EFFECTIVE_IND, IND_CONTENT, IND_TYPE, RANGE_LIMIT, RANGE_LOWER, RANGE_TEXT, IND_ID, ORG_ID) values (39, null, '2011-01-01 00:00:00', 0, null, '2011-01-01 00:00:00', 1, 1, 1, null, null, '90.000', '10.000', null, 49, 7);
insert into ORG_MATERIAL_IND (ID, CREATED_BY, CREATED_DATETIME, DEFUNCT_IND, UPDATED_BY, UPDATED_DATETIME, CONTAIN_LIMIT, CONTAIN_LOWER, EFFECTIVE_IND, IND_CONTENT, IND_TYPE, RANGE_LIMIT, RANGE_LOWER, RANGE_TEXT, IND_ID, ORG_ID) values (40, null, '2011-01-01 00:00:00', 0, null, '2011-01-01 00:00:00', 1, 1, 1, null, null, '90.000', '10.000', null, 50, 7);
insert into ORG_MATERIAL_IND (ID, CREATED_BY, CREATED_DATETIME, DEFUNCT_IND, UPDATED_BY, UPDATED_DATETIME, CONTAIN_LIMIT, CONTAIN_LOWER, EFFECTIVE_IND, IND_CONTENT, IND_TYPE, RANGE_LIMIT, RANGE_LOWER, RANGE_TEXT, IND_ID, ORG_ID) values (41, null, '2011-01-01 00:00:00', 0, null, '2011-01-01 00:00:00', 1, 1, 1, null, null, '90.000', '10.000', null, 47, 8);
insert into ORG_MATERIAL_IND (ID, CREATED_BY, CREATED_DATETIME, DEFUNCT_IND, UPDATED_BY, UPDATED_DATETIME, CONTAIN_LIMIT, CONTAIN_LOWER, EFFECTIVE_IND, IND_CONTENT, IND_TYPE, RANGE_LIMIT, RANGE_LOWER, RANGE_TEXT, IND_ID, ORG_ID) values (42, null, '2011-01-01 00:00:00', 0, null, '2011-01-01 00:00:00', 1, 1, 1, null, null, '90.000', '10.000', null, 48, 8);
insert into ORG_MATERIAL_IND (ID, CREATED_BY, CREATED_DATETIME, DEFUNCT_IND, UPDATED_BY, UPDATED_DATETIME, CONTAIN_LIMIT, CONTAIN_LOWER, EFFECTIVE_IND, IND_CONTENT, IND_TYPE, RANGE_LIMIT, RANGE_LOWER, RANGE_TEXT, IND_ID, ORG_ID) values (43, null, '2011-01-01 00:00:00', 0, null, '2011-01-01 00:00:00', 1, 1, 1, null, null, '90.000', '10.000', null, 49, 8);
insert into ORG_MATERIAL_IND (ID, CREATED_BY, CREATED_DATETIME, DEFUNCT_IND, UPDATED_BY, UPDATED_DATETIME, CONTAIN_LIMIT, CONTAIN_LOWER, EFFECTIVE_IND, IND_CONTENT, IND_TYPE, RANGE_LIMIT, RANGE_LOWER, RANGE_TEXT, IND_ID, ORG_ID) values (44, null, '2011-01-01 00:00:00', 0, null, '2011-01-01 00:00:00', 1, 1, 1, null, null, '90.000', '10.000', null, 50, 8);

insert into ORG_MATERIAL_IND (ID, CREATED_BY, CREATED_DATETIME, DEFUNCT_IND, UPDATED_BY, UPDATED_DATETIME, CONTAIN_LIMIT, CONTAIN_LOWER, EFFECTIVE_IND, IND_CONTENT, IND_TYPE, RANGE_LIMIT, RANGE_LOWER, RANGE_TEXT, IND_ID, ORG_ID) values (45, null, '2011-10-25 17:11:09', 0, null, '2011-10-25 17:11:09', 1, 1, 1, null, null, '90.000', '10.000', null, 14, 10);
insert into ORG_MATERIAL_IND (ID, CREATED_BY, CREATED_DATETIME, DEFUNCT_IND, UPDATED_BY, UPDATED_DATETIME, CONTAIN_LIMIT, CONTAIN_LOWER, EFFECTIVE_IND, IND_CONTENT, IND_TYPE, RANGE_LIMIT, RANGE_LOWER, RANGE_TEXT, IND_ID, ORG_ID) values (46, null, '2011-10-25 17:11:09', 0, null, '2011-10-25 17:11:09', 1, 1, 1, null, null, '90.000', '10.000', null, 15, 10);
insert into ORG_MATERIAL_IND (ID, CREATED_BY, CREATED_DATETIME, DEFUNCT_IND, UPDATED_BY, UPDATED_DATETIME, CONTAIN_LIMIT, CONTAIN_LOWER, EFFECTIVE_IND, IND_CONTENT, IND_TYPE, RANGE_LIMIT, RANGE_LOWER, RANGE_TEXT, IND_ID, ORG_ID) values (47, null, '2011-10-25 17:11:09', 0, null, '2011-10-25 17:11:09', 1, 1, 1, null, null, '90.000', '10.000', null, 16, 10);
insert into ORG_MATERIAL_IND (ID, CREATED_BY, CREATED_DATETIME, DEFUNCT_IND, UPDATED_BY, UPDATED_DATETIME, CONTAIN_LIMIT, CONTAIN_LOWER, EFFECTIVE_IND, IND_CONTENT, IND_TYPE, RANGE_LIMIT, RANGE_LOWER, RANGE_TEXT, IND_ID, ORG_ID) values (48, null, '2011-10-25 17:11:09', 0, null, '2011-10-25 17:11:09', 1, 1, 1, null, null, '90.000', '10.000', null, 17, 10);
insert into ORG_MATERIAL_IND (ID, CREATED_BY, CREATED_DATETIME, DEFUNCT_IND, UPDATED_BY, UPDATED_DATETIME, CONTAIN_LIMIT, CONTAIN_LOWER, EFFECTIVE_IND, IND_CONTENT, IND_TYPE, RANGE_LIMIT, RANGE_LOWER, RANGE_TEXT, IND_ID, ORG_ID) values (49, null, '2011-10-25 17:11:09', 0, null, '2011-10-25 17:11:09', 1, 1, 1, null, null, '90.000', '10.000', null, 18, 10);
insert into ORG_MATERIAL_IND (ID, CREATED_BY, CREATED_DATETIME, DEFUNCT_IND, UPDATED_BY, UPDATED_DATETIME, CONTAIN_LIMIT, CONTAIN_LOWER, EFFECTIVE_IND, IND_CONTENT, IND_TYPE, RANGE_LIMIT, RANGE_LOWER, RANGE_TEXT, IND_ID, ORG_ID) values (50, null, '2011-10-25 17:11:18', 0, null, '2011-10-25 17:11:18', 1, 1, 1, null, null, '90.000', '10.000', null, 26, 10);
insert into ORG_MATERIAL_IND (ID, CREATED_BY, CREATED_DATETIME, DEFUNCT_IND, UPDATED_BY, UPDATED_DATETIME, CONTAIN_LIMIT, CONTAIN_LOWER, EFFECTIVE_IND, IND_CONTENT, IND_TYPE, RANGE_LIMIT, RANGE_LOWER, RANGE_TEXT, IND_ID, ORG_ID) values (51, null, '2011-10-25 17:28:18', 0, null, '2011-10-25 17:28:18', 1, 1, 1, null, null, '90.000', '10.000', null, 14, 12);
insert into ORG_MATERIAL_IND (ID, CREATED_BY, CREATED_DATETIME, DEFUNCT_IND, UPDATED_BY, UPDATED_DATETIME, CONTAIN_LIMIT, CONTAIN_LOWER, EFFECTIVE_IND, IND_CONTENT, IND_TYPE, RANGE_LIMIT, RANGE_LOWER, RANGE_TEXT, IND_ID, ORG_ID) values (52, null, '2011-10-25 17:28:18', 0, null, '2011-10-25 17:28:18', 1, 1, 1, null, null, '90.000', '10.000', null, 15, 12);
insert into ORG_MATERIAL_IND (ID, CREATED_BY, CREATED_DATETIME, DEFUNCT_IND, UPDATED_BY, UPDATED_DATETIME, CONTAIN_LIMIT, CONTAIN_LOWER, EFFECTIVE_IND, IND_CONTENT, IND_TYPE, RANGE_LIMIT, RANGE_LOWER, RANGE_TEXT, IND_ID, ORG_ID) values (53, null, '2011-10-25 17:28:18', 0, null, '2011-10-25 17:28:18', 1, 1, 1, null, null, '90.000', '10.000', null, 17, 12);
insert into ORG_MATERIAL_IND (ID, CREATED_BY, CREATED_DATETIME, DEFUNCT_IND, UPDATED_BY, UPDATED_DATETIME, CONTAIN_LIMIT, CONTAIN_LOWER, EFFECTIVE_IND, IND_CONTENT, IND_TYPE, RANGE_LIMIT, RANGE_LOWER, RANGE_TEXT, IND_ID, ORG_ID) values (54, null, '2011-10-25 17:28:18', 0, null, '2011-10-25 17:28:18', 1, 1, 1, null, null, '90.000', '10.000', null, 16, 12);
insert into ORG_MATERIAL_IND (ID, CREATED_BY, CREATED_DATETIME, DEFUNCT_IND, UPDATED_BY, UPDATED_DATETIME, CONTAIN_LIMIT, CONTAIN_LOWER, EFFECTIVE_IND, IND_CONTENT, IND_TYPE, RANGE_LIMIT, RANGE_LOWER, RANGE_TEXT, IND_ID, ORG_ID) values (55, null, '2011-10-25 17:28:18', 0, null, '2011-10-25 17:28:18', 1, 1, 1, null, null, '90.000', '10.000', null, 18, 12);
insert into ORG_MATERIAL_IND (ID, CREATED_BY, CREATED_DATETIME, DEFUNCT_IND, UPDATED_BY, UPDATED_DATETIME, CONTAIN_LIMIT, CONTAIN_LOWER, EFFECTIVE_IND, IND_CONTENT, IND_TYPE, RANGE_LIMIT, RANGE_LOWER, RANGE_TEXT, IND_ID, ORG_ID) values (56, null, '2011-10-25 17:28:39', 0, null, '2011-10-25 17:28:39', 1, 1, 1, null, null, '90.000', '10.000', null, 26, 12);
insert into ORG_MATERIAL_IND (ID, CREATED_BY, CREATED_DATETIME, DEFUNCT_IND, UPDATED_BY, UPDATED_DATETIME, CONTAIN_LIMIT, CONTAIN_LOWER, EFFECTIVE_IND, IND_CONTENT, IND_TYPE, RANGE_LIMIT, RANGE_LOWER, RANGE_TEXT, IND_ID, ORG_ID) values (57, null, '2011-10-25 17:29:21', 0, null, '2011-10-25 17:29:21', 1, 1, 1, null, null, '90.000', '10.000', null, 28, 14);
insert into ORG_MATERIAL_IND (ID, CREATED_BY, CREATED_DATETIME, DEFUNCT_IND, UPDATED_BY, UPDATED_DATETIME, CONTAIN_LIMIT, CONTAIN_LOWER, EFFECTIVE_IND, IND_CONTENT, IND_TYPE, RANGE_LIMIT, RANGE_LOWER, RANGE_TEXT, IND_ID, ORG_ID) values (58, null, '2011-10-25 17:29:21', 0, null, '2011-10-25 17:29:21', 1, 1, 1, null, null, '90.000', '10.000', null, 29, 14);
insert into ORG_MATERIAL_IND (ID, CREATED_BY, CREATED_DATETIME, DEFUNCT_IND, UPDATED_BY, UPDATED_DATETIME, CONTAIN_LIMIT, CONTAIN_LOWER, EFFECTIVE_IND, IND_CONTENT, IND_TYPE, RANGE_LIMIT, RANGE_LOWER, RANGE_TEXT, IND_ID, ORG_ID) values (59, null, '2011-10-25 17:29:21', 0, null, '2011-10-25 17:29:21', 1, 1, 1, null, null, '90.000', '10.000', null, 32, 14);
insert into ORG_MATERIAL_IND (ID, CREATED_BY, CREATED_DATETIME, DEFUNCT_IND, UPDATED_BY, UPDATED_DATETIME, CONTAIN_LIMIT, CONTAIN_LOWER, EFFECTIVE_IND, IND_CONTENT, IND_TYPE, RANGE_LIMIT, RANGE_LOWER, RANGE_TEXT, IND_ID, ORG_ID) values (60, null, '2011-10-25 17:29:21', 0, null, '2011-10-25 17:29:21', 1, 1, 1, null, null, '90.000', '10.000', null, 33, 14);
insert into ORG_MATERIAL_IND (ID, CREATED_BY, CREATED_DATETIME, DEFUNCT_IND, UPDATED_BY, UPDATED_DATETIME, CONTAIN_LIMIT, CONTAIN_LOWER, EFFECTIVE_IND, IND_CONTENT, IND_TYPE, RANGE_LIMIT, RANGE_LOWER, RANGE_TEXT, IND_ID, ORG_ID) values (61, null, '2011-10-25 17:29:22', 0, null, '2011-10-25 17:29:22', 1, 1, 1, null, null, '90.000', '10.000', null, 36, 14);
insert into ORG_MATERIAL_IND (ID, CREATED_BY, CREATED_DATETIME, DEFUNCT_IND, UPDATED_BY, UPDATED_DATETIME, CONTAIN_LIMIT, CONTAIN_LOWER, EFFECTIVE_IND, IND_CONTENT, IND_TYPE, RANGE_LIMIT, RANGE_LOWER, RANGE_TEXT, IND_ID, ORG_ID) values (62, null, '2011-10-25 17:29:35', 0, null, '2011-10-25 17:29:35', 1, 1, 1, null, null, '90.000', '10.000', null, 38, 14);
insert into ORG_MATERIAL_IND (ID, CREATED_BY, CREATED_DATETIME, DEFUNCT_IND, UPDATED_BY, UPDATED_DATETIME, CONTAIN_LIMIT, CONTAIN_LOWER, EFFECTIVE_IND, IND_CONTENT, IND_TYPE, RANGE_LIMIT, RANGE_LOWER, RANGE_TEXT, IND_ID, ORG_ID) values (63, null, '2011-10-25 17:30:14', 0, null, '2011-10-25 17:30:14', 1, 1, 1, null, null, '90.000', '10.000', null, 34, 16);
insert into ORG_MATERIAL_IND (ID, CREATED_BY, CREATED_DATETIME, DEFUNCT_IND, UPDATED_BY, UPDATED_DATETIME, CONTAIN_LIMIT, CONTAIN_LOWER, EFFECTIVE_IND, IND_CONTENT, IND_TYPE, RANGE_LIMIT, RANGE_LOWER, RANGE_TEXT, IND_ID, ORG_ID) values (64, null, '2011-10-25 17:30:14', 0, null, '2011-10-25 17:30:14', 1, 1, 1, null, null, '90.000', '10.000', null, 36, 16);
insert into ORG_MATERIAL_IND (ID, CREATED_BY, CREATED_DATETIME, DEFUNCT_IND, UPDATED_BY, UPDATED_DATETIME, CONTAIN_LIMIT, CONTAIN_LOWER, EFFECTIVE_IND, IND_CONTENT, IND_TYPE, RANGE_LIMIT, RANGE_LOWER, RANGE_TEXT, IND_ID, ORG_ID) values (65, null, '2011-10-25 17:30:14', 0, null, '2011-10-25 17:30:14', 1, 1, 1, null, null, '90.000', '10.000', null, 35, 16);
insert into ORG_MATERIAL_IND (ID, CREATED_BY, CREATED_DATETIME, DEFUNCT_IND, UPDATED_BY, UPDATED_DATETIME, CONTAIN_LIMIT, CONTAIN_LOWER, EFFECTIVE_IND, IND_CONTENT, IND_TYPE, RANGE_LIMIT, RANGE_LOWER, RANGE_TEXT, IND_ID, ORG_ID) values (66, null, '2011-10-25 17:30:23', 0, null, '2011-10-25 17:30:23', 1, 1, 1, null, null, '90.000', '10.000', null, 37, 16);

insert into ORG_MATERIAL_IND (ID, CREATED_BY, CREATED_DATETIME, DEFUNCT_IND, UPDATED_BY, UPDATED_DATETIME, CONTAIN_LIMIT, CONTAIN_LOWER, EFFECTIVE_IND, IND_CONTENT, IND_TYPE, RANGE_LIMIT, RANGE_LOWER, RANGE_TEXT, IND_ID, ORG_ID) values (101, null, '2011-01-01 00:00:00', 0, null, '2011-01-01 00:00:00', 1, 1, 1, null, null, '90.000', '10.000', null, 14, 17);
insert into ORG_MATERIAL_IND (ID, CREATED_BY, CREATED_DATETIME, DEFUNCT_IND, UPDATED_BY, UPDATED_DATETIME, CONTAIN_LIMIT, CONTAIN_LOWER, EFFECTIVE_IND, IND_CONTENT, IND_TYPE, RANGE_LIMIT, RANGE_LOWER, RANGE_TEXT, IND_ID, ORG_ID) values (102, null, '2011-01-01 00:00:00', 0, null, '2011-01-01 00:00:00', 1, 1, 1, null, null, '90.000', '10.000', null, 15, 17);
insert into ORG_MATERIAL_IND (ID, CREATED_BY, CREATED_DATETIME, DEFUNCT_IND, UPDATED_BY, UPDATED_DATETIME, CONTAIN_LIMIT, CONTAIN_LOWER, EFFECTIVE_IND, IND_CONTENT, IND_TYPE, RANGE_LIMIT, RANGE_LOWER, RANGE_TEXT, IND_ID, ORG_ID) values (103, null, '2011-01-01 00:00:00', 0, null, '2011-01-01 00:00:00', 1, 1, 1, null, null, '90.000', '10.000', null, 16, 17);
insert into ORG_MATERIAL_IND (ID, CREATED_BY, CREATED_DATETIME, DEFUNCT_IND, UPDATED_BY, UPDATED_DATETIME, CONTAIN_LIMIT, CONTAIN_LOWER, EFFECTIVE_IND, IND_CONTENT, IND_TYPE, RANGE_LIMIT, RANGE_LOWER, RANGE_TEXT, IND_ID, ORG_ID) values (104, null, '2011-01-01 00:00:00', 0, null, '2011-01-01 00:00:00', 1, 1, 1, null, null, '90.000', '10.000', null, 17, 17);
insert into ORG_MATERIAL_IND (ID, CREATED_BY, CREATED_DATETIME, DEFUNCT_IND, UPDATED_BY, UPDATED_DATETIME, CONTAIN_LIMIT, CONTAIN_LOWER, EFFECTIVE_IND, IND_CONTENT, IND_TYPE, RANGE_LIMIT, RANGE_LOWER, RANGE_TEXT, IND_ID, ORG_ID) values (105, null, '2011-01-01 00:00:00', 0, null, '2011-01-01 00:00:00', 1, 1, 1, null, null, '90.000', '10.000', null, 18, 17);
insert into ORG_MATERIAL_IND (ID, CREATED_BY, CREATED_DATETIME, DEFUNCT_IND, UPDATED_BY, UPDATED_DATETIME, CONTAIN_LIMIT, CONTAIN_LOWER, EFFECTIVE_IND, IND_CONTENT, IND_TYPE, RANGE_LIMIT, RANGE_LOWER, RANGE_TEXT, IND_ID, ORG_ID) values (106, null, '2011-01-01 00:00:00', 0, null, '2011-01-01 00:00:00', 1, 1, 1, null, null, '90.000', '10.000', null, 26, 17);
insert into ORG_MATERIAL_IND (ID, CREATED_BY, CREATED_DATETIME, DEFUNCT_IND, UPDATED_BY, UPDATED_DATETIME, CONTAIN_LIMIT, CONTAIN_LOWER, EFFECTIVE_IND, IND_CONTENT, IND_TYPE, RANGE_LIMIT, RANGE_LOWER, RANGE_TEXT, IND_ID, ORG_ID) values (107, null, '2011-01-01 00:00:00', 0, null, '2011-01-01 00:00:00', 1, 1, 1, null, null, '90.000', '10.000', null, 14, 18);
insert into ORG_MATERIAL_IND (ID, CREATED_BY, CREATED_DATETIME, DEFUNCT_IND, UPDATED_BY, UPDATED_DATETIME, CONTAIN_LIMIT, CONTAIN_LOWER, EFFECTIVE_IND, IND_CONTENT, IND_TYPE, RANGE_LIMIT, RANGE_LOWER, RANGE_TEXT, IND_ID, ORG_ID) values (108, null, '2011-01-01 00:00:00', 0, null, '2011-01-01 00:00:00', 1, 1, 1, null, null, '90.000', '10.000', null, 15, 18);
insert into ORG_MATERIAL_IND (ID, CREATED_BY, CREATED_DATETIME, DEFUNCT_IND, UPDATED_BY, UPDATED_DATETIME, CONTAIN_LIMIT, CONTAIN_LOWER, EFFECTIVE_IND, IND_CONTENT, IND_TYPE, RANGE_LIMIT, RANGE_LOWER, RANGE_TEXT, IND_ID, ORG_ID) values (109, null, '2011-01-01 00:00:00', 0, null, '2011-01-01 00:00:00', 1, 1, 1, null, null, '90.000', '10.000', null, 16, 18);
insert into ORG_MATERIAL_IND (ID, CREATED_BY, CREATED_DATETIME, DEFUNCT_IND, UPDATED_BY, UPDATED_DATETIME, CONTAIN_LIMIT, CONTAIN_LOWER, EFFECTIVE_IND, IND_CONTENT, IND_TYPE, RANGE_LIMIT, RANGE_LOWER, RANGE_TEXT, IND_ID, ORG_ID) values (110, null, '2011-01-01 00:00:00', 0, null, '2011-01-01 00:00:00', 1, 1, 1, null, null, '90.000', '10.000', null, 17, 18);
insert into ORG_MATERIAL_IND (ID, CREATED_BY, CREATED_DATETIME, DEFUNCT_IND, UPDATED_BY, UPDATED_DATETIME, CONTAIN_LIMIT, CONTAIN_LOWER, EFFECTIVE_IND, IND_CONTENT, IND_TYPE, RANGE_LIMIT, RANGE_LOWER, RANGE_TEXT, IND_ID, ORG_ID) values (111, null, '2011-01-01 00:00:00', 0, null, '2011-01-01 00:00:00', 1, 1, 1, null, null, '90.000', '10.000', null, 18, 18);
insert into ORG_MATERIAL_IND (ID, CREATED_BY, CREATED_DATETIME, DEFUNCT_IND, UPDATED_BY, UPDATED_DATETIME, CONTAIN_LIMIT, CONTAIN_LOWER, EFFECTIVE_IND, IND_CONTENT, IND_TYPE, RANGE_LIMIT, RANGE_LOWER, RANGE_TEXT, IND_ID, ORG_ID) values (112, null, '2011-01-01 00:00:00', 0, null, '2011-01-01 00:00:00', 1, 1, 1, null, null, '90.000', '10.000', null, 26, 18);
insert into ORG_MATERIAL_IND (ID, CREATED_BY, CREATED_DATETIME, DEFUNCT_IND, UPDATED_BY, UPDATED_DATETIME, CONTAIN_LIMIT, CONTAIN_LOWER, EFFECTIVE_IND, IND_CONTENT, IND_TYPE, RANGE_LIMIT, RANGE_LOWER, RANGE_TEXT, IND_ID, ORG_ID) values (113, null, '2011-01-01 00:00:00', 0, null, '2011-01-01 00:00:00', 1, 1, 1, null, null, '90.000', '10.000', null, 14, 19);
insert into ORG_MATERIAL_IND (ID, CREATED_BY, CREATED_DATETIME, DEFUNCT_IND, UPDATED_BY, UPDATED_DATETIME, CONTAIN_LIMIT, CONTAIN_LOWER, EFFECTIVE_IND, IND_CONTENT, IND_TYPE, RANGE_LIMIT, RANGE_LOWER, RANGE_TEXT, IND_ID, ORG_ID) values (114, null, '2011-01-01 00:00:00', 0, null, '2011-01-01 00:00:00', 1, 1, 1, null, null, '90.000', '10.000', null, 15, 19);
insert into ORG_MATERIAL_IND (ID, CREATED_BY, CREATED_DATETIME, DEFUNCT_IND, UPDATED_BY, UPDATED_DATETIME, CONTAIN_LIMIT, CONTAIN_LOWER, EFFECTIVE_IND, IND_CONTENT, IND_TYPE, RANGE_LIMIT, RANGE_LOWER, RANGE_TEXT, IND_ID, ORG_ID) values (115, null, '2011-01-01 00:00:00', 0, null, '2011-01-01 00:00:00', 1, 1, 1, null, null, '90.000', '10.000', null, 16, 19);
insert into ORG_MATERIAL_IND (ID, CREATED_BY, CREATED_DATETIME, DEFUNCT_IND, UPDATED_BY, UPDATED_DATETIME, CONTAIN_LIMIT, CONTAIN_LOWER, EFFECTIVE_IND, IND_CONTENT, IND_TYPE, RANGE_LIMIT, RANGE_LOWER, RANGE_TEXT, IND_ID, ORG_ID) values (116, null, '2011-01-01 00:00:00', 0, null, '2011-01-01 00:00:00', 1, 1, 1, null, null, '90.000', '10.000', null, 17, 19);
insert into ORG_MATERIAL_IND (ID, CREATED_BY, CREATED_DATETIME, DEFUNCT_IND, UPDATED_BY, UPDATED_DATETIME, CONTAIN_LIMIT, CONTAIN_LOWER, EFFECTIVE_IND, IND_CONTENT, IND_TYPE, RANGE_LIMIT, RANGE_LOWER, RANGE_TEXT, IND_ID, ORG_ID) values (117, null, '2011-01-01 00:00:00', 0, null, '2011-01-01 00:00:00', 1, 1, 1, null, null, '90.000', '10.000', null, 18, 19);
insert into ORG_MATERIAL_IND (ID, CREATED_BY, CREATED_DATETIME, DEFUNCT_IND, UPDATED_BY, UPDATED_DATETIME, CONTAIN_LIMIT, CONTAIN_LOWER, EFFECTIVE_IND, IND_CONTENT, IND_TYPE, RANGE_LIMIT, RANGE_LOWER, RANGE_TEXT, IND_ID, ORG_ID) values (118, null, '2011-01-01 00:00:00', 0, null, '2011-01-01 00:00:00', 1, 1, 1, null, null, '90.000', '10.000', null, 26, 19);
insert into ORG_MATERIAL_IND (ID, CREATED_BY, CREATED_DATETIME, DEFUNCT_IND, UPDATED_BY, UPDATED_DATETIME, CONTAIN_LIMIT, CONTAIN_LOWER, EFFECTIVE_IND, IND_CONTENT, IND_TYPE, RANGE_LIMIT, RANGE_LOWER, RANGE_TEXT, IND_ID, ORG_ID) values (119, null, '2011-01-01 00:00:00', 0, null, '2011-01-01 00:00:00', 1, 1, 1, null, null, '90.000', '10.000', null, 14, 20);
insert into ORG_MATERIAL_IND (ID, CREATED_BY, CREATED_DATETIME, DEFUNCT_IND, UPDATED_BY, UPDATED_DATETIME, CONTAIN_LIMIT, CONTAIN_LOWER, EFFECTIVE_IND, IND_CONTENT, IND_TYPE, RANGE_LIMIT, RANGE_LOWER, RANGE_TEXT, IND_ID, ORG_ID) values (120, null, '2011-01-01 00:00:00', 0, null, '2011-01-01 00:00:00', 1, 1, 1, null, null, '90.000', '10.000', null, 15, 20);
insert into ORG_MATERIAL_IND (ID, CREATED_BY, CREATED_DATETIME, DEFUNCT_IND, UPDATED_BY, UPDATED_DATETIME, CONTAIN_LIMIT, CONTAIN_LOWER, EFFECTIVE_IND, IND_CONTENT, IND_TYPE, RANGE_LIMIT, RANGE_LOWER, RANGE_TEXT, IND_ID, ORG_ID) values (121, null, '2011-01-01 00:00:00', 0, null, '2011-01-01 00:00:00', 1, 1, 1, null, null, '90.000', '10.000', null, 16, 20);
insert into ORG_MATERIAL_IND (ID, CREATED_BY, CREATED_DATETIME, DEFUNCT_IND, UPDATED_BY, UPDATED_DATETIME, CONTAIN_LIMIT, CONTAIN_LOWER, EFFECTIVE_IND, IND_CONTENT, IND_TYPE, RANGE_LIMIT, RANGE_LOWER, RANGE_TEXT, IND_ID, ORG_ID) values (122, null, '2011-01-01 00:00:00', 0, null, '2011-01-01 00:00:00', 1, 1, 1, null, null, '90.000', '10.000', null, 17, 20);
insert into ORG_MATERIAL_IND (ID, CREATED_BY, CREATED_DATETIME, DEFUNCT_IND, UPDATED_BY, UPDATED_DATETIME, CONTAIN_LIMIT, CONTAIN_LOWER, EFFECTIVE_IND, IND_CONTENT, IND_TYPE, RANGE_LIMIT, RANGE_LOWER, RANGE_TEXT, IND_ID, ORG_ID) values (123, null, '2011-01-01 00:00:00', 0, null, '2011-01-01 00:00:00', 1, 1, 1, null, null, '90.000', '10.000', null, 18, 20);
insert into ORG_MATERIAL_IND (ID, CREATED_BY, CREATED_DATETIME, DEFUNCT_IND, UPDATED_BY, UPDATED_DATETIME, CONTAIN_LIMIT, CONTAIN_LOWER, EFFECTIVE_IND, IND_CONTENT, IND_TYPE, RANGE_LIMIT, RANGE_LOWER, RANGE_TEXT, IND_ID, ORG_ID) values (124, null, '2011-01-01 00:00:00', 0, null, '2011-01-01 00:00:00', 1, 1, 1, null, null, '90.000', '10.000', null, 26, 20);
insert into ORG_MATERIAL_IND (ID, CREATED_BY, CREATED_DATETIME, DEFUNCT_IND, UPDATED_BY, UPDATED_DATETIME, CONTAIN_LIMIT, CONTAIN_LOWER, EFFECTIVE_IND, IND_CONTENT, IND_TYPE, RANGE_LIMIT, RANGE_LOWER, RANGE_TEXT, IND_ID, ORG_ID) values (125, null, '2011-01-01 00:00:00', 0, null, '2011-01-01 00:00:00', 1, 1, 1, null, null, '90.000', '10.000', null, 14, 21);
insert into ORG_MATERIAL_IND (ID, CREATED_BY, CREATED_DATETIME, DEFUNCT_IND, UPDATED_BY, UPDATED_DATETIME, CONTAIN_LIMIT, CONTAIN_LOWER, EFFECTIVE_IND, IND_CONTENT, IND_TYPE, RANGE_LIMIT, RANGE_LOWER, RANGE_TEXT, IND_ID, ORG_ID) values (126, null, '2011-01-01 00:00:00', 0, null, '2011-01-01 00:00:00', 1, 1, 1, null, null, '90.000', '10.000', null, 15, 21);
insert into ORG_MATERIAL_IND (ID, CREATED_BY, CREATED_DATETIME, DEFUNCT_IND, UPDATED_BY, UPDATED_DATETIME, CONTAIN_LIMIT, CONTAIN_LOWER, EFFECTIVE_IND, IND_CONTENT, IND_TYPE, RANGE_LIMIT, RANGE_LOWER, RANGE_TEXT, IND_ID, ORG_ID) values (127, null, '2011-01-01 00:00:00', 0, null, '2011-01-01 00:00:00', 1, 1, 1, null, null, '90.000', '10.000', null, 16, 21);
insert into ORG_MATERIAL_IND (ID, CREATED_BY, CREATED_DATETIME, DEFUNCT_IND, UPDATED_BY, UPDATED_DATETIME, CONTAIN_LIMIT, CONTAIN_LOWER, EFFECTIVE_IND, IND_CONTENT, IND_TYPE, RANGE_LIMIT, RANGE_LOWER, RANGE_TEXT, IND_ID, ORG_ID) values (128, null, '2011-01-01 00:00:00', 0, null, '2011-01-01 00:00:00', 1, 1, 1, null, null, '90.000', '10.000', null, 17, 21);
insert into ORG_MATERIAL_IND (ID, CREATED_BY, CREATED_DATETIME, DEFUNCT_IND, UPDATED_BY, UPDATED_DATETIME, CONTAIN_LIMIT, CONTAIN_LOWER, EFFECTIVE_IND, IND_CONTENT, IND_TYPE, RANGE_LIMIT, RANGE_LOWER, RANGE_TEXT, IND_ID, ORG_ID) values (129, null, '2011-01-01 00:00:00', 0, null, '2011-01-01 00:00:00', 1, 1, 1, null, null, '90.000', '10.000', null, 18, 21);
insert into ORG_MATERIAL_IND (ID, CREATED_BY, CREATED_DATETIME, DEFUNCT_IND, UPDATED_BY, UPDATED_DATETIME, CONTAIN_LIMIT, CONTAIN_LOWER, EFFECTIVE_IND, IND_CONTENT, IND_TYPE, RANGE_LIMIT, RANGE_LOWER, RANGE_TEXT, IND_ID, ORG_ID) values (130, null, '2011-01-01 00:00:00', 0, null, '2011-01-01 00:00:00', 1, 1, 1, null, null, '90.000', '10.000', null, 26, 21);
insert into ORG_MATERIAL_IND (ID, CREATED_BY, CREATED_DATETIME, DEFUNCT_IND, UPDATED_BY, UPDATED_DATETIME, CONTAIN_LIMIT, CONTAIN_LOWER, EFFECTIVE_IND, IND_CONTENT, IND_TYPE, RANGE_LIMIT, RANGE_LOWER, RANGE_TEXT, IND_ID, ORG_ID) values (131, null, '2011-01-01 00:00:00', 0, null, '2011-01-01 00:00:00', 1, 1, 1, null, null, '90.000', '10.000', null, 14, 22);
insert into ORG_MATERIAL_IND (ID, CREATED_BY, CREATED_DATETIME, DEFUNCT_IND, UPDATED_BY, UPDATED_DATETIME, CONTAIN_LIMIT, CONTAIN_LOWER, EFFECTIVE_IND, IND_CONTENT, IND_TYPE, RANGE_LIMIT, RANGE_LOWER, RANGE_TEXT, IND_ID, ORG_ID) values (132, null, '2011-01-01 00:00:00', 0, null, '2011-01-01 00:00:00', 1, 1, 1, null, null, '90.000', '10.000', null, 15, 22);
insert into ORG_MATERIAL_IND (ID, CREATED_BY, CREATED_DATETIME, DEFUNCT_IND, UPDATED_BY, UPDATED_DATETIME, CONTAIN_LIMIT, CONTAIN_LOWER, EFFECTIVE_IND, IND_CONTENT, IND_TYPE, RANGE_LIMIT, RANGE_LOWER, RANGE_TEXT, IND_ID, ORG_ID) values (133, null, '2011-01-01 00:00:00', 0, null, '2011-01-01 00:00:00', 1, 1, 1, null, null, '90.000', '10.000', null, 16, 22);
insert into ORG_MATERIAL_IND (ID, CREATED_BY, CREATED_DATETIME, DEFUNCT_IND, UPDATED_BY, UPDATED_DATETIME, CONTAIN_LIMIT, CONTAIN_LOWER, EFFECTIVE_IND, IND_CONTENT, IND_TYPE, RANGE_LIMIT, RANGE_LOWER, RANGE_TEXT, IND_ID, ORG_ID) values (134, null, '2011-01-01 00:00:00', 0, null, '2011-01-01 00:00:00', 1, 1, 1, null, null, '90.000', '10.000', null, 17, 22);
insert into ORG_MATERIAL_IND (ID, CREATED_BY, CREATED_DATETIME, DEFUNCT_IND, UPDATED_BY, UPDATED_DATETIME, CONTAIN_LIMIT, CONTAIN_LOWER, EFFECTIVE_IND, IND_CONTENT, IND_TYPE, RANGE_LIMIT, RANGE_LOWER, RANGE_TEXT, IND_ID, ORG_ID) values (135, null, '2011-01-01 00:00:00', 0, null, '2011-01-01 00:00:00', 1, 1, 1, null, null, '90.000', '10.000', null, 18, 22);
insert into ORG_MATERIAL_IND (ID, CREATED_BY, CREATED_DATETIME, DEFUNCT_IND, UPDATED_BY, UPDATED_DATETIME, CONTAIN_LIMIT, CONTAIN_LOWER, EFFECTIVE_IND, IND_CONTENT, IND_TYPE, RANGE_LIMIT, RANGE_LOWER, RANGE_TEXT, IND_ID, ORG_ID) values (136, null, '2011-01-01 00:00:00', 0, null, '2011-01-01 00:00:00', 1, 1, 1, null, null, '90.000', '10.000', null, 26, 22);
insert into ORG_MATERIAL_IND (ID, CREATED_BY, CREATED_DATETIME, DEFUNCT_IND, UPDATED_BY, UPDATED_DATETIME, CONTAIN_LIMIT, CONTAIN_LOWER, EFFECTIVE_IND, IND_CONTENT, IND_TYPE, RANGE_LIMIT, RANGE_LOWER, RANGE_TEXT, IND_ID, ORG_ID) values (137, null, '2011-01-01 00:00:00', 0, null, '2011-01-01 00:00:00', 1, 1, 1, null, null, '90.000', '10.000', null, 14, 23);
insert into ORG_MATERIAL_IND (ID, CREATED_BY, CREATED_DATETIME, DEFUNCT_IND, UPDATED_BY, UPDATED_DATETIME, CONTAIN_LIMIT, CONTAIN_LOWER, EFFECTIVE_IND, IND_CONTENT, IND_TYPE, RANGE_LIMIT, RANGE_LOWER, RANGE_TEXT, IND_ID, ORG_ID) values (138, null, '2011-01-01 00:00:00', 0, null, '2011-01-01 00:00:00', 1, 1, 1, null, null, '90.000', '10.000', null, 15, 23);
insert into ORG_MATERIAL_IND (ID, CREATED_BY, CREATED_DATETIME, DEFUNCT_IND, UPDATED_BY, UPDATED_DATETIME, CONTAIN_LIMIT, CONTAIN_LOWER, EFFECTIVE_IND, IND_CONTENT, IND_TYPE, RANGE_LIMIT, RANGE_LOWER, RANGE_TEXT, IND_ID, ORG_ID) values (139, null, '2011-01-01 00:00:00', 0, null, '2011-01-01 00:00:00', 1, 1, 1, null, null, '90.000', '10.000', null, 16, 23);
insert into ORG_MATERIAL_IND (ID, CREATED_BY, CREATED_DATETIME, DEFUNCT_IND, UPDATED_BY, UPDATED_DATETIME, CONTAIN_LIMIT, CONTAIN_LOWER, EFFECTIVE_IND, IND_CONTENT, IND_TYPE, RANGE_LIMIT, RANGE_LOWER, RANGE_TEXT, IND_ID, ORG_ID) values (140, null, '2011-01-01 00:00:00', 0, null, '2011-01-01 00:00:00', 1, 1, 1, null, null, '90.000', '10.000', null, 17, 23);
insert into ORG_MATERIAL_IND (ID, CREATED_BY, CREATED_DATETIME, DEFUNCT_IND, UPDATED_BY, UPDATED_DATETIME, CONTAIN_LIMIT, CONTAIN_LOWER, EFFECTIVE_IND, IND_CONTENT, IND_TYPE, RANGE_LIMIT, RANGE_LOWER, RANGE_TEXT, IND_ID, ORG_ID) values (141, null, '2011-01-01 00:00:00', 0, null, '2011-01-01 00:00:00', 1, 1, 1, null, null, '90.000', '10.000', null, 18, 23);
insert into ORG_MATERIAL_IND (ID, CREATED_BY, CREATED_DATETIME, DEFUNCT_IND, UPDATED_BY, UPDATED_DATETIME, CONTAIN_LIMIT, CONTAIN_LOWER, EFFECTIVE_IND, IND_CONTENT, IND_TYPE, RANGE_LIMIT, RANGE_LOWER, RANGE_TEXT, IND_ID, ORG_ID) values (142, null, '2011-01-01 00:00:00', 0, null, '2011-01-01 00:00:00', 1, 1, 1, null, null, '90.000', '10.000', null, 26, 23);
insert into ORG_MATERIAL_IND (ID, CREATED_BY, CREATED_DATETIME, DEFUNCT_IND, UPDATED_BY, UPDATED_DATETIME, CONTAIN_LIMIT, CONTAIN_LOWER, EFFECTIVE_IND, IND_CONTENT, IND_TYPE, RANGE_LIMIT, RANGE_LOWER, RANGE_TEXT, IND_ID, ORG_ID) values (143, null, '2011-01-01 00:00:00', 0, null, '2011-01-01 00:00:00', 1, 1, 1, null, null, '90.000', '10.000', null, 14, 24);
insert into ORG_MATERIAL_IND (ID, CREATED_BY, CREATED_DATETIME, DEFUNCT_IND, UPDATED_BY, UPDATED_DATETIME, CONTAIN_LIMIT, CONTAIN_LOWER, EFFECTIVE_IND, IND_CONTENT, IND_TYPE, RANGE_LIMIT, RANGE_LOWER, RANGE_TEXT, IND_ID, ORG_ID) values (144, null, '2011-01-01 00:00:00', 0, null, '2011-01-01 00:00:00', 1, 1, 1, null, null, '90.000', '10.000', null, 15, 24);
insert into ORG_MATERIAL_IND (ID, CREATED_BY, CREATED_DATETIME, DEFUNCT_IND, UPDATED_BY, UPDATED_DATETIME, CONTAIN_LIMIT, CONTAIN_LOWER, EFFECTIVE_IND, IND_CONTENT, IND_TYPE, RANGE_LIMIT, RANGE_LOWER, RANGE_TEXT, IND_ID, ORG_ID) values (145, null, '2011-01-01 00:00:00', 0, null, '2011-01-01 00:00:00', 1, 1, 1, null, null, '90.000', '10.000', null, 16, 24);
insert into ORG_MATERIAL_IND (ID, CREATED_BY, CREATED_DATETIME, DEFUNCT_IND, UPDATED_BY, UPDATED_DATETIME, CONTAIN_LIMIT, CONTAIN_LOWER, EFFECTIVE_IND, IND_CONTENT, IND_TYPE, RANGE_LIMIT, RANGE_LOWER, RANGE_TEXT, IND_ID, ORG_ID) values (146, null, '2011-01-01 00:00:00', 0, null, '2011-01-01 00:00:00', 1, 1, 1, null, null, '90.000', '10.000', null, 17, 24);
insert into ORG_MATERIAL_IND (ID, CREATED_BY, CREATED_DATETIME, DEFUNCT_IND, UPDATED_BY, UPDATED_DATETIME, CONTAIN_LIMIT, CONTAIN_LOWER, EFFECTIVE_IND, IND_CONTENT, IND_TYPE, RANGE_LIMIT, RANGE_LOWER, RANGE_TEXT, IND_ID, ORG_ID) values (147, null, '2011-01-01 00:00:00', 0, null, '2011-01-01 00:00:00', 1, 1, 1, null, null, '90.000', '10.000', null, 18, 24);
insert into ORG_MATERIAL_IND (ID, CREATED_BY, CREATED_DATETIME, DEFUNCT_IND, UPDATED_BY, UPDATED_DATETIME, CONTAIN_LIMIT, CONTAIN_LOWER, EFFECTIVE_IND, IND_CONTENT, IND_TYPE, RANGE_LIMIT, RANGE_LOWER, RANGE_TEXT, IND_ID, ORG_ID) values (148, null, '2011-01-01 00:00:00', 0, null, '2011-01-01 00:00:00', 1, 1, 1, null, null, '90.000', '10.000', null, 26, 24);
insert into ORG_MATERIAL_IND (ID, CREATED_BY, CREATED_DATETIME, DEFUNCT_IND, UPDATED_BY, UPDATED_DATETIME, CONTAIN_LIMIT, CONTAIN_LOWER, EFFECTIVE_IND, IND_CONTENT, IND_TYPE, RANGE_LIMIT, RANGE_LOWER, RANGE_TEXT, IND_ID, ORG_ID) values (149, null, '2011-01-01 00:00:00', 0, null, '2011-01-01 00:00:00', 1, 1, 1, null, null, '90.000', '10.000', null, 14, 25);
insert into ORG_MATERIAL_IND (ID, CREATED_BY, CREATED_DATETIME, DEFUNCT_IND, UPDATED_BY, UPDATED_DATETIME, CONTAIN_LIMIT, CONTAIN_LOWER, EFFECTIVE_IND, IND_CONTENT, IND_TYPE, RANGE_LIMIT, RANGE_LOWER, RANGE_TEXT, IND_ID, ORG_ID) values (150, null, '2011-01-01 00:00:00', 0, null, '2011-01-01 00:00:00', 1, 1, 1, null, null, '90.000', '10.000', null, 15, 25);
insert into ORG_MATERIAL_IND (ID, CREATED_BY, CREATED_DATETIME, DEFUNCT_IND, UPDATED_BY, UPDATED_DATETIME, CONTAIN_LIMIT, CONTAIN_LOWER, EFFECTIVE_IND, IND_CONTENT, IND_TYPE, RANGE_LIMIT, RANGE_LOWER, RANGE_TEXT, IND_ID, ORG_ID) values (151, null, '2011-01-01 00:00:00', 0, null, '2011-01-01 00:00:00', 1, 1, 1, null, null, '90.000', '10.000', null, 16, 25);
insert into ORG_MATERIAL_IND (ID, CREATED_BY, CREATED_DATETIME, DEFUNCT_IND, UPDATED_BY, UPDATED_DATETIME, CONTAIN_LIMIT, CONTAIN_LOWER, EFFECTIVE_IND, IND_CONTENT, IND_TYPE, RANGE_LIMIT, RANGE_LOWER, RANGE_TEXT, IND_ID, ORG_ID) values (152, null, '2011-01-01 00:00:00', 0, null, '2011-01-01 00:00:00', 1, 1, 1, null, null, '90.000', '10.000', null, 17, 25);
insert into ORG_MATERIAL_IND (ID, CREATED_BY, CREATED_DATETIME, DEFUNCT_IND, UPDATED_BY, UPDATED_DATETIME, CONTAIN_LIMIT, CONTAIN_LOWER, EFFECTIVE_IND, IND_CONTENT, IND_TYPE, RANGE_LIMIT, RANGE_LOWER, RANGE_TEXT, IND_ID, ORG_ID) values (153, null, '2011-01-01 00:00:00', 0, null, '2011-01-01 00:00:00', 1, 1, 1, null, null, '90.000', '10.000', null, 18, 25);
insert into ORG_MATERIAL_IND (ID, CREATED_BY, CREATED_DATETIME, DEFUNCT_IND, UPDATED_BY, UPDATED_DATETIME, CONTAIN_LIMIT, CONTAIN_LOWER, EFFECTIVE_IND, IND_CONTENT, IND_TYPE, RANGE_LIMIT, RANGE_LOWER, RANGE_TEXT, IND_ID, ORG_ID) values (154, null, '2011-01-01 00:00:00', 0, null, '2011-01-01 00:00:00', 1, 1, 1, null, null, '90.000', '10.000', null, 26, 25);
insert into ORG_MATERIAL_IND (ID, CREATED_BY, CREATED_DATETIME, DEFUNCT_IND, UPDATED_BY, UPDATED_DATETIME, CONTAIN_LIMIT, CONTAIN_LOWER, EFFECTIVE_IND, IND_CONTENT, IND_TYPE, RANGE_LIMIT, RANGE_LOWER, RANGE_TEXT, IND_ID, ORG_ID) values (155, null, '2011-01-01 00:00:00', 0, null, '2011-01-01 00:00:00', 1, 1, 1, null, null, '90.000', '10.000', null, 28, 26);
insert into ORG_MATERIAL_IND (ID, CREATED_BY, CREATED_DATETIME, DEFUNCT_IND, UPDATED_BY, UPDATED_DATETIME, CONTAIN_LIMIT, CONTAIN_LOWER, EFFECTIVE_IND, IND_CONTENT, IND_TYPE, RANGE_LIMIT, RANGE_LOWER, RANGE_TEXT, IND_ID, ORG_ID) values (156, null, '2011-01-01 00:00:00', 0, null, '2011-01-01 00:00:00', 1, 1, 1, null, null, '90.000', '10.000', null, 29, 26);
insert into ORG_MATERIAL_IND (ID, CREATED_BY, CREATED_DATETIME, DEFUNCT_IND, UPDATED_BY, UPDATED_DATETIME, CONTAIN_LIMIT, CONTAIN_LOWER, EFFECTIVE_IND, IND_CONTENT, IND_TYPE, RANGE_LIMIT, RANGE_LOWER, RANGE_TEXT, IND_ID, ORG_ID) values (157, null, '2011-01-01 00:00:00', 0, null, '2011-01-01 00:00:00', 1, 1, 1, null, null, '90.000', '10.000', null, 32, 26);
insert into ORG_MATERIAL_IND (ID, CREATED_BY, CREATED_DATETIME, DEFUNCT_IND, UPDATED_BY, UPDATED_DATETIME, CONTAIN_LIMIT, CONTAIN_LOWER, EFFECTIVE_IND, IND_CONTENT, IND_TYPE, RANGE_LIMIT, RANGE_LOWER, RANGE_TEXT, IND_ID, ORG_ID) values (158, null, '2011-01-01 00:00:00', 0, null, '2011-01-01 00:00:00', 1, 1, 1, null, null, '90.000', '10.000', null, 33, 26);
insert into ORG_MATERIAL_IND (ID, CREATED_BY, CREATED_DATETIME, DEFUNCT_IND, UPDATED_BY, UPDATED_DATETIME, CONTAIN_LIMIT, CONTAIN_LOWER, EFFECTIVE_IND, IND_CONTENT, IND_TYPE, RANGE_LIMIT, RANGE_LOWER, RANGE_TEXT, IND_ID, ORG_ID) values (159, null, '2011-01-01 00:00:00', 0, null, '2011-01-01 00:00:00', 1, 1, 1, null, null, '90.000', '10.000', null, 36, 26);
insert into ORG_MATERIAL_IND (ID, CREATED_BY, CREATED_DATETIME, DEFUNCT_IND, UPDATED_BY, UPDATED_DATETIME, CONTAIN_LIMIT, CONTAIN_LOWER, EFFECTIVE_IND, IND_CONTENT, IND_TYPE, RANGE_LIMIT, RANGE_LOWER, RANGE_TEXT, IND_ID, ORG_ID) values (160, null, '2011-01-01 00:00:00', 0, null, '2011-01-01 00:00:00', 1, 1, 1, null, null, '90.000', '10.000', null, 38, 26);
insert into ORG_MATERIAL_IND (ID, CREATED_BY, CREATED_DATETIME, DEFUNCT_IND, UPDATED_BY, UPDATED_DATETIME, CONTAIN_LIMIT, CONTAIN_LOWER, EFFECTIVE_IND, IND_CONTENT, IND_TYPE, RANGE_LIMIT, RANGE_LOWER, RANGE_TEXT, IND_ID, ORG_ID) values (161, null, '2011-01-01 00:00:00', 0, null, '2011-01-01 00:00:00', 1, 1, 1, null, null, '90.000', '10.000', null, 28, 27);
insert into ORG_MATERIAL_IND (ID, CREATED_BY, CREATED_DATETIME, DEFUNCT_IND, UPDATED_BY, UPDATED_DATETIME, CONTAIN_LIMIT, CONTAIN_LOWER, EFFECTIVE_IND, IND_CONTENT, IND_TYPE, RANGE_LIMIT, RANGE_LOWER, RANGE_TEXT, IND_ID, ORG_ID) values (162, null, '2011-01-01 00:00:00', 0, null, '2011-01-01 00:00:00', 1, 1, 1, null, null, '90.000', '10.000', null, 29, 27);
insert into ORG_MATERIAL_IND (ID, CREATED_BY, CREATED_DATETIME, DEFUNCT_IND, UPDATED_BY, UPDATED_DATETIME, CONTAIN_LIMIT, CONTAIN_LOWER, EFFECTIVE_IND, IND_CONTENT, IND_TYPE, RANGE_LIMIT, RANGE_LOWER, RANGE_TEXT, IND_ID, ORG_ID) values (163, null, '2011-01-01 00:00:00', 0, null, '2011-01-01 00:00:00', 1, 1, 1, null, null, '90.000', '10.000', null, 32, 27);
insert into ORG_MATERIAL_IND (ID, CREATED_BY, CREATED_DATETIME, DEFUNCT_IND, UPDATED_BY, UPDATED_DATETIME, CONTAIN_LIMIT, CONTAIN_LOWER, EFFECTIVE_IND, IND_CONTENT, IND_TYPE, RANGE_LIMIT, RANGE_LOWER, RANGE_TEXT, IND_ID, ORG_ID) values (164, null, '2011-01-01 00:00:00', 0, null, '2011-01-01 00:00:00', 1, 1, 1, null, null, '90.000', '10.000', null, 33, 27);
insert into ORG_MATERIAL_IND (ID, CREATED_BY, CREATED_DATETIME, DEFUNCT_IND, UPDATED_BY, UPDATED_DATETIME, CONTAIN_LIMIT, CONTAIN_LOWER, EFFECTIVE_IND, IND_CONTENT, IND_TYPE, RANGE_LIMIT, RANGE_LOWER, RANGE_TEXT, IND_ID, ORG_ID) values (165, null, '2011-01-01 00:00:00', 0, null, '2011-01-01 00:00:00', 1, 1, 1, null, null, '90.000', '10.000', null, 36, 27);
insert into ORG_MATERIAL_IND (ID, CREATED_BY, CREATED_DATETIME, DEFUNCT_IND, UPDATED_BY, UPDATED_DATETIME, CONTAIN_LIMIT, CONTAIN_LOWER, EFFECTIVE_IND, IND_CONTENT, IND_TYPE, RANGE_LIMIT, RANGE_LOWER, RANGE_TEXT, IND_ID, ORG_ID) values (166, null, '2011-01-01 00:00:00', 0, null, '2011-01-01 00:00:00', 1, 1, 1, null, null, '90.000', '10.000', null, 38, 27);
insert into ORG_MATERIAL_IND (ID, CREATED_BY, CREATED_DATETIME, DEFUNCT_IND, UPDATED_BY, UPDATED_DATETIME, CONTAIN_LIMIT, CONTAIN_LOWER, EFFECTIVE_IND, IND_CONTENT, IND_TYPE, RANGE_LIMIT, RANGE_LOWER, RANGE_TEXT, IND_ID, ORG_ID) values (167, null, '2011-01-01 00:00:00', 0, null, '2011-01-01 00:00:00', 1, 1, 1, null, null, '90.000', '10.000', null, 28, 28);
insert into ORG_MATERIAL_IND (ID, CREATED_BY, CREATED_DATETIME, DEFUNCT_IND, UPDATED_BY, UPDATED_DATETIME, CONTAIN_LIMIT, CONTAIN_LOWER, EFFECTIVE_IND, IND_CONTENT, IND_TYPE, RANGE_LIMIT, RANGE_LOWER, RANGE_TEXT, IND_ID, ORG_ID) values (168, null, '2011-01-01 00:00:00', 0, null, '2011-01-01 00:00:00', 1, 1, 1, null, null, '90.000', '10.000', null, 29, 28);
insert into ORG_MATERIAL_IND (ID, CREATED_BY, CREATED_DATETIME, DEFUNCT_IND, UPDATED_BY, UPDATED_DATETIME, CONTAIN_LIMIT, CONTAIN_LOWER, EFFECTIVE_IND, IND_CONTENT, IND_TYPE, RANGE_LIMIT, RANGE_LOWER, RANGE_TEXT, IND_ID, ORG_ID) values (169, null, '2011-01-01 00:00:00', 0, null, '2011-01-01 00:00:00', 1, 1, 1, null, null, '90.000', '10.000', null, 32, 28);
insert into ORG_MATERIAL_IND (ID, CREATED_BY, CREATED_DATETIME, DEFUNCT_IND, UPDATED_BY, UPDATED_DATETIME, CONTAIN_LIMIT, CONTAIN_LOWER, EFFECTIVE_IND, IND_CONTENT, IND_TYPE, RANGE_LIMIT, RANGE_LOWER, RANGE_TEXT, IND_ID, ORG_ID) values (170, null, '2011-01-01 00:00:00', 0, null, '2011-01-01 00:00:00', 1, 1, 1, null, null, '90.000', '10.000', null, 33, 28);
insert into ORG_MATERIAL_IND (ID, CREATED_BY, CREATED_DATETIME, DEFUNCT_IND, UPDATED_BY, UPDATED_DATETIME, CONTAIN_LIMIT, CONTAIN_LOWER, EFFECTIVE_IND, IND_CONTENT, IND_TYPE, RANGE_LIMIT, RANGE_LOWER, RANGE_TEXT, IND_ID, ORG_ID) values (171, null, '2011-01-01 00:00:00', 0, null, '2011-01-01 00:00:00', 1, 1, 1, null, null, '90.000', '10.000', null, 36, 28);
insert into ORG_MATERIAL_IND (ID, CREATED_BY, CREATED_DATETIME, DEFUNCT_IND, UPDATED_BY, UPDATED_DATETIME, CONTAIN_LIMIT, CONTAIN_LOWER, EFFECTIVE_IND, IND_CONTENT, IND_TYPE, RANGE_LIMIT, RANGE_LOWER, RANGE_TEXT, IND_ID, ORG_ID) values (172, null, '2011-01-01 00:00:00', 0, null, '2011-01-01 00:00:00', 1, 1, 1, null, null, '90.000', '10.000', null, 38, 28);






