--
-- TABLE INSERT STATEMENTS
--
INSERT INTO DICT ( ID, CODE_CAT, CODE_KEY, CODE_VAL, REMARKS, SEQ_NO, SYS_IND, LANG, DEFUNCT_IND, CREATED_BY, CREATED_DATETIME, UPDATED_BY, UPDATED_DATETIME ) 
		 VALUES ( 101, 'TIH.TAX.PROJECT', 'STAGE', '项目阶段', '', 0, 'Y', 'zh_CN', 'N', 'system', '2012-01-29 15:36:47', 'system', '2012-01-29 15:36:47' ) 
;
INSERT INTO DICT ( ID, CODE_CAT, CODE_KEY, CODE_VAL, REMARKS, SEQ_NO, SYS_IND, LANG, DEFUNCT_IND, CREATED_BY, CREATED_DATETIME, UPDATED_BY, UPDATED_DATETIME ) 
		 VALUES ( 102, 'TIH.TAX.PROJECT.STAGE', '1', '调研阶段', '', 1, 'Y', 'zh_CN', 'N', 'system', '2012-01-29 15:36:47', 'system', '2012-01-29 15:36:47' ) 
;
INSERT INTO DICT ( ID, CODE_CAT, CODE_KEY, CODE_VAL, REMARKS, SEQ_NO, SYS_IND, LANG, DEFUNCT_IND, CREATED_BY, CREATED_DATETIME, UPDATED_BY, UPDATED_DATETIME ) 
		 VALUES ( 103, 'TIH.TAX.PROJECT.STAGE', '2', '立项阶段', '', 2, 'Y', 'zh_CN', 'N', 'system', '2012-01-29 15:36:47', 'system', '2012-01-29 15:36:47' ) 
;
INSERT INTO DICT ( ID, CODE_CAT, CODE_KEY, CODE_VAL, REMARKS, SEQ_NO, SYS_IND, LANG, DEFUNCT_IND, CREATED_BY, CREATED_DATETIME, UPDATED_BY, UPDATED_DATETIME ) 
		 VALUES ( 104, 'TIH.TAX.PROJECT.STAGE', '3', '启动阶段', '', 3, 'Y', 'zh_CN', 'N', 'system', '2012-01-29 15:36:47', 'system', '2012-01-29 15:36:47' ) 
;
INSERT INTO DICT ( ID, CODE_CAT, CODE_KEY, CODE_VAL, REMARKS, SEQ_NO, SYS_IND, LANG, DEFUNCT_IND, CREATED_BY, CREATED_DATETIME, UPDATED_BY, UPDATED_DATETIME ) 
		 VALUES ( 105, 'TIH.TAX.PROJECT.STAGE', '4', '需求整理阶段', '', 4, 'Y', 'zh_CN', 'N', 'system', '2012-01-29 15:36:47', 'system', '2012-01-29 15:36:47' ) 
;
INSERT INTO DICT ( ID, CODE_CAT, CODE_KEY, CODE_VAL, REMARKS, SEQ_NO, SYS_IND, LANG, DEFUNCT_IND, CREATED_BY, CREATED_DATETIME, UPDATED_BY, UPDATED_DATETIME ) 
		 VALUES ( 106, 'TIH.TAX.PROJECT.STAGE', '5', '执行阶段', '', 5, 'Y', 'zh_CN', 'N', 'system', '2012-01-29 15:36:47', 'system', '2012-01-29 15:36:47' ) 
;
INSERT INTO DICT ( ID, CODE_CAT, CODE_KEY, CODE_VAL, REMARKS, SEQ_NO, SYS_IND, LANG, DEFUNCT_IND, CREATED_BY, CREATED_DATETIME, UPDATED_BY, UPDATED_DATETIME ) 
		 VALUES ( 107, 'TIH.TAX.PROJECT.STAGE', '6', '暂停阶段', '', 6, 'Y', 'zh_CN', 'N', 'system', '2012-01-29 15:36:47', 'system', '2012-01-29 15:36:47' ) 
;
INSERT INTO DICT ( ID, CODE_CAT, CODE_KEY, CODE_VAL, REMARKS, SEQ_NO, SYS_IND, LANG, DEFUNCT_IND, CREATED_BY, CREATED_DATETIME, UPDATED_BY, UPDATED_DATETIME ) 
		 VALUES ( 108, 'TIH.TAX.PROJECT.STAGE', '7', '终止', '', 7, 'Y', 'zh_CN', 'N', 'system', '2012-01-29 15:36:47', 'system', '2012-01-29 15:36:47' ) 
;
INSERT INTO DICT ( ID, CODE_CAT, CODE_KEY, CODE_VAL, REMARKS, SEQ_NO, SYS_IND, LANG, DEFUNCT_IND, CREATED_BY, CREATED_DATETIME, UPDATED_BY, UPDATED_DATETIME ) 
		 VALUES ( 109, 'TIH.TAX.PROJECT.STAGE', '8', '完成', '', 8, 'Y', 'zh_CN', 'N', 'system', '2012-01-29 15:36:47', 'system', '2012-01-29 15:36:47' ) 
;
INSERT INTO DICT ( ID, CODE_CAT, CODE_KEY, CODE_VAL, REMARKS, SEQ_NO, SYS_IND, LANG, DEFUNCT_IND, CREATED_BY, CREATED_DATETIME, UPDATED_BY, UPDATED_DATETIME ) 
		 VALUES ( 110, 'TIH.TAX.PROJECT.TASK', 'STATUS', '任务状态', '', 0, 'Y', 'zh_CN', 'N', 'system', '2012-01-29 15:36:47', 'system', '2012-01-29 15:36:47' ) 
;
INSERT INTO DICT ( ID, CODE_CAT, CODE_KEY, CODE_VAL, REMARKS, SEQ_NO, SYS_IND, LANG, DEFUNCT_IND, CREATED_BY, CREATED_DATETIME, UPDATED_BY, UPDATED_DATETIME ) 
		 VALUES ( 111, 'TIH.TAX.PROJECT.TASK.STATUS', '1', '准备', '', 1, 'Y', 'zh_CN', 'N', 'system', '2012-01-29 15:36:47', 'system', '2012-01-29 15:36:47' ) 
;
INSERT INTO DICT ( ID, CODE_CAT, CODE_KEY, CODE_VAL, REMARKS, SEQ_NO, SYS_IND, LANG, DEFUNCT_IND, CREATED_BY, CREATED_DATETIME, UPDATED_BY, UPDATED_DATETIME ) 
		 VALUES ( 112, 'TIH.TAX.PROJECT.TASK.STATUS', '2', '进行', '', 2, 'Y', 'zh_CN', 'N', 'system', '2012-01-29 15:36:47', 'system', '2012-01-29 15:36:47' ) 
;
INSERT INTO DICT ( ID, CODE_CAT, CODE_KEY, CODE_VAL, REMARKS, SEQ_NO, SYS_IND, LANG, DEFUNCT_IND, CREATED_BY, CREATED_DATETIME, UPDATED_BY, UPDATED_DATETIME ) 
		 VALUES ( 113, 'TIH.TAX.PROJECT.TASK.STATUS', '3', '暂停', '', 3, 'Y', 'zh_CN', 'N', 'system', '2012-01-29 15:36:47', 'system', '2012-01-29 15:36:47' ) 
;
INSERT INTO DICT ( ID, CODE_CAT, CODE_KEY, CODE_VAL, REMARKS, SEQ_NO, SYS_IND, LANG, DEFUNCT_IND, CREATED_BY, CREATED_DATETIME, UPDATED_BY, UPDATED_DATETIME ) 
		 VALUES ( 114, 'TIH.TAX.PROJECT.TASK.STATUS', '4', '取消', '', 4, 'Y', 'zh_CN', 'N', 'system', '2012-01-29 15:36:47', 'system', '2012-01-29 15:36:47' ) 
;
INSERT INTO DICT ( ID, CODE_CAT, CODE_KEY, CODE_VAL, REMARKS, SEQ_NO, SYS_IND, LANG, DEFUNCT_IND, CREATED_BY, CREATED_DATETIME, UPDATED_BY, UPDATED_DATETIME ) 
		 VALUES ( 115, 'TIH.TAX.PROJECT.TASK.STATUS', '5', '完成', '', 5, 'Y', 'zh_CN', 'N', 'system', '2012-01-29 15:36:47', 'system', '2012-01-29 15:36:47' ) 
;
INSERT INTO DICT ( ID, CODE_CAT, CODE_KEY, CODE_VAL, REMARKS, SEQ_NO, SYS_IND, LANG, DEFUNCT_IND, CREATED_BY, CREATED_DATETIME, UPDATED_BY, UPDATED_DATETIME ) 
		 VALUES ( 116, 'TIH.TAX.PROJECT.TASK.QUESTION', 'STATUS', '问题状态', '', 0, 'Y', 'zh_CN', 'N', 'system', '2012-01-29 15:36:47', 'system', '2012-01-29 15:36:47' ) 
;
INSERT INTO DICT ( ID, CODE_CAT, CODE_KEY, CODE_VAL, REMARKS, SEQ_NO, SYS_IND, LANG, DEFUNCT_IND, CREATED_BY, CREATED_DATETIME, UPDATED_BY, UPDATED_DATETIME ) 
		 VALUES ( 117, 'TIH.TAX.PROJECT.TASK.QUESTION.STATUS', '1', '解决', '', 1, 'Y', 'zh_CN', 'N', 'system', '2012-01-29 15:36:47', 'system', '2012-01-29 15:36:47' ) 
;
INSERT INTO DICT ( ID, CODE_CAT, CODE_KEY, CODE_VAL, REMARKS, SEQ_NO, SYS_IND, LANG, DEFUNCT_IND, CREATED_BY, CREATED_DATETIME, UPDATED_BY, UPDATED_DATETIME ) 
		 VALUES ( 118, 'TIH.TAX.PROJECT.TASK.QUESTION.STATUS', '2', '未解决', '', 2, 'Y', 'zh_CN', 'N', 'system', '2012-01-29 15:36:47', 'system', '2012-01-29 15:36:47' ) 
;
INSERT INTO DICT ( ID, CODE_CAT, CODE_KEY, CODE_VAL, REMARKS, SEQ_NO, SYS_IND, LANG, DEFUNCT_IND, CREATED_BY, CREATED_DATETIME, UPDATED_BY, UPDATED_DATETIME ) 
		 VALUES ( 119, 'TIH.TAX.PROJECT.TASK.QUESTION.STATUS', '3', '取消', '', 3, 'Y', 'zh_CN', 'N', 'system', '2012-01-29 15:36:47', 'system', '2012-01-29 15:36:47' ) 
;


--
-- TABLE INSERT STATEMENTS
--
INSERT INTO O ( ID, BUKRS, STEXT, PARENT, KOSTL, ZHRZZCJID, ZHRZZDWID, ZHRTXXLID, ZHRTXXLMS, DEFUNCT_IND ) 
		 VALUES ( 1, '001', '益海嘉里', NULL, NULL, '', NULL, NULL, NULL, 'N' ) 
;

--
-- TABLE INSERT STATEMENTS
--
INSERT INTO P ( ID, NACHN, NAME2, ICNUM, EMAIL, GESCH, TELNO, CELNO, BUKRS, KOSTL, DEFUNCT_IND ) 
		 VALUES ( 1, '沈啵', 'shenbo', '111111111111111111', 'sh@163.com', '男', '02111111111', '18600000000', '001', '成本中心', 'N' ) 
;
INSERT INTO P ( ID, NACHN, NAME2, ICNUM, EMAIL, GESCH, TELNO, CELNO, BUKRS, KOSTL, DEFUNCT_IND ) 
		 VALUES ( 2, 'wilmar_cas', 'wilmar_cas', '222222222222222222', 'wilmar_cas@sina.com', '女', '02011111111', '18611111111', '001', '成本中心', 'N' ) 
;
INSERT INTO P ( ID, NACHN, NAME2, ICNUM, EMAIL, GESCH, TELNO, CELNO, BUKRS, KOSTL, DEFUNCT_IND ) 
		 VALUES ( 3, '陈东', 'chendong', '3333333333333333333', 'chendong@ladygaga.com', '女', '02081181181', '18611111112', '001', '成本中心', 'N' ) 
;

--
-- TABLE INSERT STATEMENTS
--
INSERT INTO RESOURCEMSTR ( ID, NAME, CODE, SEQ_NO, PARENT_ID, TYPE, URI, DEFUNCT_IND, CREATED_BY, CREATED_DATETIME, UPDATED_BY, UPDATED_DATETIME ) 
		 VALUES ( 1, '首页', 'home', '1', NULL, 'MENU', '', 'N', 'admin', '2012-01-01 00:00:00', 'admin', '2011-01-01 00:00:00' ) 
;
INSERT INTO RESOURCEMSTR ( ID, NAME, CODE, SEQ_NO, PARENT_ID, TYPE, URI, DEFUNCT_IND, CREATED_BY, CREATED_DATETIME, UPDATED_BY, UPDATED_DATETIME ) 
		 VALUES ( 6, '系统管理', 'system', '6', NULL, 'MENU', NULL, 'N', 'admin', '2012-01-01 00:00:00', 'admin', '2011-01-01 00:00:00' ) 
;
INSERT INTO RESOURCEMSTR ( ID, NAME, CODE, SEQ_NO, PARENT_ID, TYPE, URI, DEFUNCT_IND, CREATED_BY, CREATED_DATETIME, UPDATED_BY, UPDATED_DATETIME ) 
		 VALUES ( 7, '组织用户管理', 'system:user', '1', 6, 'MENU', NULL, 'N', 'admin', '2012-01-01 00:00:00', 'admin', '2011-01-01 00:00:00' ) 
;
INSERT INTO RESOURCEMSTR ( ID, NAME, CODE, SEQ_NO, PARENT_ID, TYPE, URI, DEFUNCT_IND, CREATED_BY, CREATED_DATETIME, UPDATED_BY, UPDATED_DATETIME ) 
		 VALUES ( 8, '基础数据管理', 'system:dict', '2', 6, 'MENU', NULL, 'N', 'admin', '2012-01-01 00:00:00', 'admin', '2011-01-01 00:00:00' ) 
;
INSERT INTO RESOURCEMSTR ( ID, NAME, CODE, SEQ_NO, PARENT_ID, TYPE, URI, DEFUNCT_IND, CREATED_BY, CREATED_DATETIME, UPDATED_BY, UPDATED_DATETIME ) 
		 VALUES ( 9, '权限管理', 'system:security', '3', 6, 'MENU', NULL, 'N', 'admin', '2012-01-01 00:00:00', 'admin', '2011-01-01 00:00:00' ) 
;
INSERT INTO RESOURCEMSTR ( ID, NAME, CODE, SEQ_NO, PARENT_ID, TYPE, URI, DEFUNCT_IND, CREATED_BY, CREATED_DATETIME, UPDATED_BY, UPDATED_DATETIME ) 
		 VALUES ( 10, '首页管理', 'system:home', '4', 6, 'MENU', NULL, 'N', 'admin', '2012-01-01 00:00:00', 'admin', '2011-01-01 00:00:00' ) 
;
INSERT INTO RESOURCEMSTR ( ID, NAME, CODE, SEQ_NO, PARENT_ID, TYPE, URI, DEFUNCT_IND, CREATED_BY, CREATED_DATETIME, UPDATED_BY, UPDATED_DATETIME ) 
		 VALUES ( 11, '用户管理', 'system:user:user', '1', 7, 'MENU', '/faces/common/user/index.xhtml', 'N', 'admin', '2012-01-01 00:00:00', 'admin', '2011-01-01 00:00:00' ) 
;
INSERT INTO RESOURCEMSTR ( ID, NAME, CODE, SEQ_NO, PARENT_ID, TYPE, URI, DEFUNCT_IND, CREATED_BY, CREATED_DATETIME, UPDATED_BY, UPDATED_DATETIME ) 
		 VALUES ( 12, '字典表管理', 'system:dict:dict', '1', 8, 'MENU', '/faces/common/dict/index.xhtml', 'N', 'admin', '2012-01-01 00:00:00', 'admin', '2011-01-01 00:00:00' ) 
;
INSERT INTO RESOURCEMSTR ( ID, NAME, CODE, SEQ_NO, PARENT_ID, TYPE, URI, DEFUNCT_IND, CREATED_BY, CREATED_DATETIME, UPDATED_BY, UPDATED_DATETIME ) 
		 VALUES ( 13, '角色管理', 'system:security:role', '1', 9, 'MENU', '/faces/common/role/index.xhtml', 'N', 'admin', '2012-01-01 00:00:00', 'admin', '2011-01-01 00:00:00' ) 
;



--
-- TABLE INSERT STATEMENTS
--
INSERT INTO ROLEMSTR ( ID, NAME, DESC, CODE, DEFUNCT_IND, CREATED_BY, CREATED_DATETIME, UPDATED_BY, UPDATED_DATETIME ) 
		 VALUES ( 1, '系统管理员', 'admin', 'sysadmin', 'N', 'admin', '2012-01-01 00:00:00', 'admin', '2011-01-01 00:00:00' ) 
;
INSERT INTO ROLEMSTR ( ID, NAME, DESC, CODE, DEFUNCT_IND, CREATED_BY, CREATED_DATETIME, UPDATED_BY, UPDATED_DATETIME ) 
		 VALUES ( 2, '文档管理员', 'admin', 'fileadmin', 'N', 'admin', '2012-01-01 00:00:00', 'admin', '2011-01-01 00:00:00' ) 
;
INSERT INTO ROLEMSTR ( ID, NAME, DESC, CODE, DEFUNCT_IND, CREATED_BY, CREATED_DATETIME, UPDATED_BY, UPDATED_DATETIME ) 
		 VALUES ( 3, '文档审核员', 'admin', 'fileviewer', 'N', 'admin', '2012-01-01 00:00:00', 'admin', '2011-01-01 00:00:00' ) 
;
INSERT INTO ROLEMSTR ( ID, NAME, DESC, CODE, DEFUNCT_IND, CREATED_BY, CREATED_DATETIME, UPDATED_BY, UPDATED_DATETIME ) 
		 VALUES ( 4, '高级用户', 'admin', 'superuser', 'N', 'admin', '2012-01-01 00:00:00', 'admin', '2011-01-01 00:00:00' ) 
;
INSERT INTO ROLEMSTR ( ID, NAME, DESC, CODE, DEFUNCT_IND, CREATED_BY, CREATED_DATETIME, UPDATED_BY, UPDATED_DATETIME ) 
		 VALUES ( 5, '一般用户', 'admin', 'commonuser', 'N', 'admin', '2012-01-01 00:00:00', 'admin', '2011-01-01 00:00:00' ) 
;


--
-- TABLE INSERT STATEMENTS
--
INSERT INTO ROLERESOURCE ( ID, RESOURCEMSTR_ID, ROLEMSTR_ID, DEFUNCT_IND, CREATED_BY, CREATED_DATETIME, UPDATED_BY, UPDATED_DATETIME ) 
		 VALUES ( 1, 1, 1, 'N', 'wilmar_cas', '2012-03-09 13:39:42', 'wilmar_cas', '2012-03-09 13:39:42' ) 
;
INSERT INTO ROLERESOURCE ( ID, RESOURCEMSTR_ID, ROLEMSTR_ID, DEFUNCT_IND, CREATED_BY, CREATED_DATETIME, UPDATED_BY, UPDATED_DATETIME ) 
		 VALUES ( 2, 6, 1, 'N', 'admin', '2012-01-01 00:00:00', 'wilmar_cas', '2012-03-09 13:39:42' ) 
;
INSERT INTO ROLERESOURCE ( ID, RESOURCEMSTR_ID, ROLEMSTR_ID, DEFUNCT_IND, CREATED_BY, CREATED_DATETIME, UPDATED_BY, UPDATED_DATETIME ) 
		 VALUES ( 3, 7, 1, 'N', 'admin', '2012-01-01 00:00:00', 'wilmar_cas', '2012-03-09 11:36:36' ) 
;
INSERT INTO ROLERESOURCE ( ID, RESOURCEMSTR_ID, ROLEMSTR_ID, DEFUNCT_IND, CREATED_BY, CREATED_DATETIME, UPDATED_BY, UPDATED_DATETIME ) 
		 VALUES ( 4, 8, 1, 'N', 'admin', '2012-01-01 00:00:00', 'wilmar_cas', '2012-03-09 11:36:36' ) 
;
INSERT INTO ROLERESOURCE ( ID, RESOURCEMSTR_ID, ROLEMSTR_ID, DEFUNCT_IND, CREATED_BY, CREATED_DATETIME, UPDATED_BY, UPDATED_DATETIME ) 
		 VALUES ( 5, 9, 1, 'N', 'admin', '2012-01-01 00:00:00', 'wilmar_cas', '2012-03-09 11:36:36' ) 
;
INSERT INTO ROLERESOURCE ( ID, RESOURCEMSTR_ID, ROLEMSTR_ID, DEFUNCT_IND, CREATED_BY, CREATED_DATETIME, UPDATED_BY, UPDATED_DATETIME ) 
		 VALUES ( 6, 11, 1, 'N', 'admin', '2012-01-01 00:00:00', 'wilmar_cas', '2012-03-01 13:34:50' ) 
;
INSERT INTO ROLERESOURCE ( ID, RESOURCEMSTR_ID, ROLEMSTR_ID, DEFUNCT_IND, CREATED_BY, CREATED_DATETIME, UPDATED_BY, UPDATED_DATETIME ) 
		 VALUES ( 7, 12, 1, 'N', 'admin', '2012-01-01 00:00:00', 'wilmar_cas', '2012-03-01 13:34:50' ) 
;
INSERT INTO ROLERESOURCE ( ID, RESOURCEMSTR_ID, ROLEMSTR_ID, DEFUNCT_IND, CREATED_BY, CREATED_DATETIME, UPDATED_BY, UPDATED_DATETIME ) 
		 VALUES ( 13, 13, 1, 'N', 'admin', '2012-01-01 00:00:00', 'wilmar_cas', '2012-03-01 13:34:50' ) 
;


--
-- TABLE INSERT STATEMENTS
--
INSERT INTO USERMSTR ( ID, AD_ACCOUNT, PERNR, DEFUNCT_IND, CREATED_BY, CREATED_DATETIME, UPDATED_BY, UPDATED_DATETIME ) 
		 VALUES (1,'shenbo', '1', 'N', 'admin', '2012-01-01 00:00:00', 'wilmar_cas', '2012-02-01 00:00:00' ) 
;
INSERT INTO USERMSTR ( ID, AD_ACCOUNT, PERNR, DEFUNCT_IND, CREATED_BY, CREATED_DATETIME, UPDATED_BY, UPDATED_DATETIME ) 
		 VALUES (2, 'wilmar_cas', '2', 'N', 'admin', '2012-01-01 00:00:00', 'admin', '2012-02-01 00:00:00' ) 
;
INSERT INTO USERMSTR ( ID, AD_ACCOUNT, PERNR, DEFUNCT_IND, CREATED_BY, CREATED_DATETIME, UPDATED_BY, UPDATED_DATETIME ) 
		 VALUES (3, 'chendong', 'LG##P00000595', 'N', 'admin', '2012-01-01 00:00:00', 'admin', '2012-02-01 00:00:00' ) 
;
INSERT INTO USERMSTR ( ID, AD_ACCOUNT, PERNR, DEFUNCT_IND, CREATED_BY, CREATED_DATETIME, UPDATED_BY, UPDATED_DATETIME ) 
		 VALUES (4, 'anhongxu', 'LG##P00000600', 'N', 'admin', '2012-01-01 00:00:00', 'admin', '2012-02-01 00:00:00' ) 
;
INSERT INTO USERMSTR ( ID, AD_ACCOUNT, PERNR, DEFUNCT_IND, CREATED_BY, CREATED_DATETIME, UPDATED_BY, UPDATED_DATETIME ) 
		 VALUES (5, 'anshan', 'LG##P00000942', 'N', 'admin', '2012-01-01 00:00:00', 'admin', '2012-02-01 00:00:00' ) 
;
INSERT INTO USERMSTR ( ID, AD_ACCOUNT, PERNR, DEFUNCT_IND, CREATED_BY, CREATED_DATETIME, UPDATED_BY, UPDATED_DATETIME ) 
		 VALUES (6, 'baolei', 'LG##P00000761', 'N', 'admin', '2012-01-01 00:00:00', 'admin', '2012-02-01 00:00:00' ) 
;
INSERT INTO USERMSTR ( ID, AD_ACCOUNT, PERNR, DEFUNCT_IND, CREATED_BY, CREATED_DATETIME, UPDATED_BY, UPDATED_DATETIME ) 
		 VALUES (7, 'bibo', 'LG##P00000772', 'N', 'admin', '2012-01-01 00:00:00', 'admin', '2012-02-01 00:00:00' ) 
;
INSERT INTO USERMSTR ( ID, AD_ACCOUNT, PERNR, DEFUNCT_IND, CREATED_BY, CREATED_DATETIME, UPDATED_BY, UPDATED_DATETIME ) 
		 VALUES (8, 'biwanli', 'SG##P00002120', 'N', 'admin', '2012-01-01 00:00:00', 'admin', '2012-02-01 00:00:00' ) 
;
INSERT INTO USERMSTR ( ID, AD_ACCOUNT, PERNR, DEFUNCT_IND, CREATED_BY, CREATED_DATETIME, UPDATED_BY, UPDATED_DATETIME ) 
		 VALUES (9, 'biyu', 'LG##P00000911', 'N', 'admin', '2012-01-01 00:00:00', 'admin', '2012-02-01 00:00:00' ) 
;
INSERT INTO USERMSTR ( ID, AD_ACCOUNT, PERNR, DEFUNCT_IND, CREATED_BY, CREATED_DATETIME, UPDATED_BY, UPDATED_DATETIME ) 
		 VALUES (10, 'bolianxia', 'LG##P00000632', 'N', 'admin', '2012-01-01 00:00:00', 'admin', '2012-02-01 00:00:00' ) 
;

--
-- TABLE INSERT STATEMENTS
--
INSERT INTO USERROLE ( ID, ROLEMSTR_ID, USERMSTR_ID, DEFUNCT_IND, CREATED_BY, CREATED_DATETIME, UPDATED_BY, UPDATED_DATETIME ) 
		 VALUES ( 1, 1, 1, 'N', 'admin', '2012-01-01 00:00:00', 'admin', '2011-01-01 00:00:00' ) 
;
INSERT INTO USERROLE ( ID, ROLEMSTR_ID, USERMSTR_ID, DEFUNCT_IND, CREATED_BY, CREATED_DATETIME, UPDATED_BY, UPDATED_DATETIME ) 
		 VALUES ( 2, 1, 2, 'N', 'wilmar_cas', '2012-02-02 11:16:52', 'wilmar_cas', '2012-02-02 11:16:52' ) 
;


INSERT INTO PU ( ID, PERNR, DEFUNCT_IND ) VALUES ( 'shenbo', '1', 'Y' );
INSERT INTO PU ( ID, PERNR, DEFUNCT_IND ) VALUES ( 'wilmar_cas', '2', 'N' );
INSERT INTO PU ( ID, PERNR, DEFUNCT_IND ) VALUES ( 'chendong', '3', 'N' );