--
-- TABLE INSERT STATEMENTS
--
INSERT INTO MICHAELYU.COMPANYMSTR ( ID, OID, TAXAUTHORITY_ID, ADDRESS, ZIPCODE, TELPHONE, TYPE, DESC, DEFUNCT_IND, CREATED_BY, CREATED_DATETIME, UPDATED_BY, UPDATED_DATETIME ) 
		 VALUES ( 754, 1, 752, '上海', '888888', '8888888888', '贸易公司', '阿发的法', 'N', '11', '2012-02-02 11:12:16', '11', '2012-02-02 11:12:16' ) 
;


--
-- TABLE INSERT STATEMENTS
--
INSERT INTO MICHAELYU.DICT ( ID, CODE_CAT, CODE_KEY, CODE_VAL, REMARKS, SEQ_NO, SYS_IND, LANG, DEFUNCT_IND, CREATED_BY, CREATED_DATETIME, UPDATED_BY, UPDATED_DATETIME ) 
		 VALUES ( 101, 'TIH.TAX.PROJECT', 'STAGE', '项目阶段', '', 0, 'Y', 'zh_CN', 'N', 'system', '2012-01-29 15:36:47', 'system', '2012-01-29 15:36:47' ) 
;
INSERT INTO MICHAELYU.DICT ( ID, CODE_CAT, CODE_KEY, CODE_VAL, REMARKS, SEQ_NO, SYS_IND, LANG, DEFUNCT_IND, CREATED_BY, CREATED_DATETIME, UPDATED_BY, UPDATED_DATETIME ) 
		 VALUES ( 102, 'TIH.TAX.PROJECT.STAGE', '1', '调研阶段', '', 1, 'Y', 'zh_CN', 'N', 'system', '2012-01-29 15:36:47', 'system', '2012-01-29 15:36:47' ) 
;
INSERT INTO MICHAELYU.DICT ( ID, CODE_CAT, CODE_KEY, CODE_VAL, REMARKS, SEQ_NO, SYS_IND, LANG, DEFUNCT_IND, CREATED_BY, CREATED_DATETIME, UPDATED_BY, UPDATED_DATETIME ) 
		 VALUES ( 103, 'TIH.TAX.PROJECT.STAGE', '2', '立项阶段', '', 2, 'Y', 'zh_CN', 'N', 'system', '2012-01-29 15:36:47', 'system', '2012-01-29 15:36:47' ) 
;
INSERT INTO MICHAELYU.DICT ( ID, CODE_CAT, CODE_KEY, CODE_VAL, REMARKS, SEQ_NO, SYS_IND, LANG, DEFUNCT_IND, CREATED_BY, CREATED_DATETIME, UPDATED_BY, UPDATED_DATETIME ) 
		 VALUES ( 104, 'TIH.TAX.PROJECT.STAGE', '3', '启动阶段', '', 3, 'Y', 'zh_CN', 'N', 'system', '2012-01-29 15:36:47', 'system', '2012-01-29 15:36:47' ) 
;
INSERT INTO MICHAELYU.DICT ( ID, CODE_CAT, CODE_KEY, CODE_VAL, REMARKS, SEQ_NO, SYS_IND, LANG, DEFUNCT_IND, CREATED_BY, CREATED_DATETIME, UPDATED_BY, UPDATED_DATETIME ) 
		 VALUES ( 105, 'TIH.TAX.PROJECT.STAGE', '4', '需求整理阶段', '', 4, 'Y', 'zh_CN', 'N', 'system', '2012-01-29 15:36:47', 'system', '2012-01-29 15:36:47' ) 
;
INSERT INTO MICHAELYU.DICT ( ID, CODE_CAT, CODE_KEY, CODE_VAL, REMARKS, SEQ_NO, SYS_IND, LANG, DEFUNCT_IND, CREATED_BY, CREATED_DATETIME, UPDATED_BY, UPDATED_DATETIME ) 
		 VALUES ( 106, 'TIH.TAX.PROJECT.STAGE', '5', '执行阶段', '', 5, 'Y', 'zh_CN', 'N', 'system', '2012-01-29 15:36:47', 'system', '2012-01-29 15:36:47' ) 
;
INSERT INTO MICHAELYU.DICT ( ID, CODE_CAT, CODE_KEY, CODE_VAL, REMARKS, SEQ_NO, SYS_IND, LANG, DEFUNCT_IND, CREATED_BY, CREATED_DATETIME, UPDATED_BY, UPDATED_DATETIME ) 
		 VALUES ( 107, 'TIH.TAX.PROJECT.STAGE', '6', '暂停阶段', '', 6, 'Y', 'zh_CN', 'N', 'system', '2012-01-29 15:36:47', 'system', '2012-01-29 15:36:47' ) 
;
INSERT INTO MICHAELYU.DICT ( ID, CODE_CAT, CODE_KEY, CODE_VAL, REMARKS, SEQ_NO, SYS_IND, LANG, DEFUNCT_IND, CREATED_BY, CREATED_DATETIME, UPDATED_BY, UPDATED_DATETIME ) 
		 VALUES ( 108, 'TIH.TAX.PROJECT.STAGE', '7', '终止', '', 7, 'Y', 'zh_CN', 'N', 'system', '2012-01-29 15:36:47', 'system', '2012-01-29 15:36:47' ) 
;
INSERT INTO MICHAELYU.DICT ( ID, CODE_CAT, CODE_KEY, CODE_VAL, REMARKS, SEQ_NO, SYS_IND, LANG, DEFUNCT_IND, CREATED_BY, CREATED_DATETIME, UPDATED_BY, UPDATED_DATETIME ) 
		 VALUES ( 109, 'TIH.TAX.PROJECT.STAGE', '8', '完成', '', 8, 'Y', 'zh_CN', 'N', 'system', '2012-01-29 15:36:47', 'system', '2012-01-29 15:36:47' ) 
;
INSERT INTO MICHAELYU.DICT ( ID, CODE_CAT, CODE_KEY, CODE_VAL, REMARKS, SEQ_NO, SYS_IND, LANG, DEFUNCT_IND, CREATED_BY, CREATED_DATETIME, UPDATED_BY, UPDATED_DATETIME ) 
		 VALUES ( 110, 'TIH.TAX.PROJECT.TASK', 'STATUS', '任务状态', '', 0, 'Y', 'zh_CN', 'N', 'system', '2012-01-29 15:36:47', 'system', '2012-01-29 15:36:47' ) 
;
INSERT INTO MICHAELYU.DICT ( ID, CODE_CAT, CODE_KEY, CODE_VAL, REMARKS, SEQ_NO, SYS_IND, LANG, DEFUNCT_IND, CREATED_BY, CREATED_DATETIME, UPDATED_BY, UPDATED_DATETIME ) 
		 VALUES ( 111, 'TIH.TAX.PROJECT.TASK.STATUS', '1', '准备', '', 1, 'Y', 'zh_CN', 'N', 'system', '2012-01-29 15:36:47', 'system', '2012-01-29 15:36:47' ) 
;
INSERT INTO MICHAELYU.DICT ( ID, CODE_CAT, CODE_KEY, CODE_VAL, REMARKS, SEQ_NO, SYS_IND, LANG, DEFUNCT_IND, CREATED_BY, CREATED_DATETIME, UPDATED_BY, UPDATED_DATETIME ) 
		 VALUES ( 112, 'TIH.TAX.PROJECT.TASK.STATUS', '2', '进行', '', 2, 'Y', 'zh_CN', 'N', 'system', '2012-01-29 15:36:47', 'system', '2012-01-29 15:36:47' ) 
;
INSERT INTO MICHAELYU.DICT ( ID, CODE_CAT, CODE_KEY, CODE_VAL, REMARKS, SEQ_NO, SYS_IND, LANG, DEFUNCT_IND, CREATED_BY, CREATED_DATETIME, UPDATED_BY, UPDATED_DATETIME ) 
		 VALUES ( 113, 'TIH.TAX.PROJECT.TASK.STATUS', '3', '暂停', '', 3, 'Y', 'zh_CN', 'N', 'system', '2012-01-29 15:36:47', 'system', '2012-01-29 15:36:47' ) 
;
INSERT INTO MICHAELYU.DICT ( ID, CODE_CAT, CODE_KEY, CODE_VAL, REMARKS, SEQ_NO, SYS_IND, LANG, DEFUNCT_IND, CREATED_BY, CREATED_DATETIME, UPDATED_BY, UPDATED_DATETIME ) 
		 VALUES ( 114, 'TIH.TAX.PROJECT.TASK.STATUS', '4', '取消', '', 4, 'Y', 'zh_CN', 'N', 'system', '2012-01-29 15:36:47', 'system', '2012-01-29 15:36:47' ) 
;
INSERT INTO MICHAELYU.DICT ( ID, CODE_CAT, CODE_KEY, CODE_VAL, REMARKS, SEQ_NO, SYS_IND, LANG, DEFUNCT_IND, CREATED_BY, CREATED_DATETIME, UPDATED_BY, UPDATED_DATETIME ) 
		 VALUES ( 115, 'TIH.TAX.PROJECT.TASK.STATUS', '5', '完成', '', 5, 'Y', 'zh_CN', 'N', 'system', '2012-01-29 15:36:47', 'system', '2012-01-29 15:36:47' ) 
;
INSERT INTO MICHAELYU.DICT ( ID, CODE_CAT, CODE_KEY, CODE_VAL, REMARKS, SEQ_NO, SYS_IND, LANG, DEFUNCT_IND, CREATED_BY, CREATED_DATETIME, UPDATED_BY, UPDATED_DATETIME ) 
		 VALUES ( 116, 'TIH.TAX.PROJECT.TASK.QUESTION', 'STATUS', '问题状态', '', 0, 'Y', 'zh_CN', 'N', 'system', '2012-01-29 15:36:47', 'system', '2012-01-29 15:36:47' ) 
;
INSERT INTO MICHAELYU.DICT ( ID, CODE_CAT, CODE_KEY, CODE_VAL, REMARKS, SEQ_NO, SYS_IND, LANG, DEFUNCT_IND, CREATED_BY, CREATED_DATETIME, UPDATED_BY, UPDATED_DATETIME ) 
		 VALUES ( 117, 'TIH.TAX.PROJECT.TASK.QUESTION.STATUS', '1', '解决', '', 1, 'Y', 'zh_CN', 'N', 'system', '2012-01-29 15:36:47', 'system', '2012-01-29 15:36:47' ) 
;
INSERT INTO MICHAELYU.DICT ( ID, CODE_CAT, CODE_KEY, CODE_VAL, REMARKS, SEQ_NO, SYS_IND, LANG, DEFUNCT_IND, CREATED_BY, CREATED_DATETIME, UPDATED_BY, UPDATED_DATETIME ) 
		 VALUES ( 118, 'TIH.TAX.PROJECT.TASK.QUESTION.STATUS', '2', '未解决', '', 2, 'Y', 'zh_CN', 'N', 'system', '2012-01-29 15:36:47', 'system', '2012-01-29 15:36:47' ) 
;
INSERT INTO MICHAELYU.DICT ( ID, CODE_CAT, CODE_KEY, CODE_VAL, REMARKS, SEQ_NO, SYS_IND, LANG, DEFUNCT_IND, CREATED_BY, CREATED_DATETIME, UPDATED_BY, UPDATED_DATETIME ) 
		 VALUES ( 119, 'TIH.TAX.PROJECT.TASK.QUESTION.STATUS', '3', '取消', '', 3, 'Y', 'zh_CN', 'N', 'system', '2012-01-29 15:36:47', 'system', '2012-01-29 15:36:47' ) 
;




--
-- TABLE INSERT STATEMENTS
--
INSERT INTO MICHAELYU.O ( ID, BUKRS, STEXT, PARENT, KOSTL, ZHRZZCJID, ZHRZZDWID, ZHRTXXLID, ZHRTXXLMS, DEFUNCT_IND ) 
		 VALUES ( 1, '001', '益海嘉里', NULL, NULL, '', NULL, NULL, NULL, 'N' ) 
;


--
-- TABLE INSERT STATEMENTS
--
INSERT INTO MICHAELYU.P ( ID, NACHN, NAME2, ICNUM, EMAIL, GESCH, TELNO, CELNO, BUKRS, KOSTL, DEFUNCT_IND ) 
		 VALUES ( 1, '沈啵', 'shenbo', '111111111111111111', 'sh@163.com', '男', '02111111111', '18600000000', '001', '成本中心', 'N' ) 
;
INSERT INTO MICHAELYU.P ( ID, NACHN, NAME2, ICNUM, EMAIL, GESCH, TELNO, CELNO, BUKRS, KOSTL, DEFUNCT_IND ) 
		 VALUES ( 2, 'wilmar_cas', 'wilmar_cas', '222222222222222222', 'wilmar_cas@sina.com', '女', '02011111111', '18611111111', '001', '成本中心', 'N' ) 
;



--
-- TABLE INSERT STATEMENTS
--
INSERT INTO MICHAELYU.POSITION ( ID, NAME, DESC, DEFUNCT_IND, CREATED_BY, CREATED_DATETIME, UPDATED_BY, UPDATED_DATETIME ) 
		 VALUES ( 749, '税务专员', '税务专员！', 'N', 'login', '2012-02-02 10:41:49', NULL, NULL ) 
;
INSERT INTO MICHAELYU.POSITION ( ID, NAME, DESC, DEFUNCT_IND, CREATED_BY, CREATED_DATETIME, UPDATED_BY, UPDATED_DATETIME ) 
		 VALUES ( 750, '税务经理', '税务经理！', 'N', 'login', '2012-02-02 10:42:09', NULL, NULL ) 
;
INSERT INTO MICHAELYU.POSITION ( ID, NAME, DESC, DEFUNCT_IND, CREATED_BY, CREATED_DATETIME, UPDATED_BY, UPDATED_DATETIME ) 
		 VALUES ( 751, '资料管理员', '资料管理员！', 'N', 'login', '2012-02-02 10:42:22', NULL, NULL ) 
;




--
-- TABLE INSERT STATEMENTS
--
INSERT INTO MICHAELYU.POSITIONORG ( ID, POSITION_ID, OID, DEFUNCT_IND, CREATED_BY, CREATED_DATETIME, UPDATED_BY, UPDATED_DATETIME ) 
		 VALUES ( 756, 749, 1, 'N', 'admin', '2012-02-02 11:14:05', 'admin', '2012-02-02 11:14:05' ) 
;
INSERT INTO MICHAELYU.POSITIONORG ( ID, POSITION_ID, OID, DEFUNCT_IND, CREATED_BY, CREATED_DATETIME, UPDATED_BY, UPDATED_DATETIME ) 
		 VALUES ( 757, 750, 1, 'N', 'admin', '2012-02-02 11:14:12', 'admin', '2012-02-02 11:14:12' ) 
;
INSERT INTO MICHAELYU.POSITIONORG ( ID, POSITION_ID, OID, DEFUNCT_IND, CREATED_BY, CREATED_DATETIME, UPDATED_BY, UPDATED_DATETIME ) 
		 VALUES ( 758, 751, 1, 'N', 'admin', '2012-02-02 11:14:17', 'admin', '2012-02-02 11:14:17' ) 
;



--
-- TABLE INSERT STATEMENTS
--
INSERT INTO MICHAELYU.RESOURCEMSTR ( ID, NAME, CODE, SEQ_NO, PARENT_ID, TYPE, URI, DEFUNCT_IND, CREATED_BY, CREATED_DATETIME, UPDATED_BY, UPDATED_DATETIME ) 
		 VALUES ( 1, '首页', 'home', '1', NULL, 'MENU', '', 'N', 'admin', '2012-01-01 00:00:00', 'admin', '2011-01-01 00:00:00' ) 
;
INSERT INTO MICHAELYU.RESOURCEMSTR ( ID, NAME, CODE, SEQ_NO, PARENT_ID, TYPE, URI, DEFUNCT_IND, CREATED_BY, CREATED_DATETIME, UPDATED_BY, UPDATED_DATETIME ) 
		 VALUES ( 6, '系统管理', 'system', '6', NULL, 'MENU', NULL, 'N', 'admin', '2012-01-01 00:00:00', 'admin', '2011-01-01 00:00:00' ) 
;
INSERT INTO MICHAELYU.RESOURCEMSTR ( ID, NAME, CODE, SEQ_NO, PARENT_ID, TYPE, URI, DEFUNCT_IND, CREATED_BY, CREATED_DATETIME, UPDATED_BY, UPDATED_DATETIME ) 
		 VALUES ( 7, '组织用户管理', 'system:user', '1', 6, 'MENU', NULL, 'N', 'admin', '2012-01-01 00:00:00', 'admin', '2011-01-01 00:00:00' ) 
;
INSERT INTO MICHAELYU.RESOURCEMSTR ( ID, NAME, CODE, SEQ_NO, PARENT_ID, TYPE, URI, DEFUNCT_IND, CREATED_BY, CREATED_DATETIME, UPDATED_BY, UPDATED_DATETIME ) 
		 VALUES ( 8, '基础数据管理', 'system:dict', '2', 6, 'MENU', NULL, 'N', 'admin', '2012-01-01 00:00:00', 'admin', '2011-01-01 00:00:00' ) 
;
INSERT INTO MICHAELYU.RESOURCEMSTR ( ID, NAME, CODE, SEQ_NO, PARENT_ID, TYPE, URI, DEFUNCT_IND, CREATED_BY, CREATED_DATETIME, UPDATED_BY, UPDATED_DATETIME ) 
		 VALUES ( 9, '权限管理', 'system:security', '3', 6, 'MENU', NULL, 'N', 'admin', '2012-01-01 00:00:00', 'admin', '2011-01-01 00:00:00' ) 
;
INSERT INTO MICHAELYU.RESOURCEMSTR ( ID, NAME, CODE, SEQ_NO, PARENT_ID, TYPE, URI, DEFUNCT_IND, CREATED_BY, CREATED_DATETIME, UPDATED_BY, UPDATED_DATETIME ) 
		 VALUES ( 10, '首页管理', 'system:home', '4', 6, 'MENU', NULL, 'N', 'admin', '2012-01-01 00:00:00', 'admin', '2011-01-01 00:00:00' ) 
;
INSERT INTO MICHAELYU.RESOURCEMSTR ( ID, NAME, CODE, SEQ_NO, PARENT_ID, TYPE, URI, DEFUNCT_IND, CREATED_BY, CREATED_DATETIME, UPDATED_BY, UPDATED_DATETIME ) 
		 VALUES ( 11, '用户管理', 'system:user:user', '1', 7, 'MENU', '/faces/common/user/index.xhtml', 'N', 'admin', '2012-01-01 00:00:00', 'admin', '2011-01-01 00:00:00' ) 
;
INSERT INTO MICHAELYU.RESOURCEMSTR ( ID, NAME, CODE, SEQ_NO, PARENT_ID, TYPE, URI, DEFUNCT_IND, CREATED_BY, CREATED_DATETIME, UPDATED_BY, UPDATED_DATETIME ) 
		 VALUES ( 12, '机关管理', 'system:user:taxauth', '2', 7, 'MENU', '/faces/common/taxauth/index.xhtml', 'N', 'admin', '2012-01-01 00:00:00', 'admin', '2011-01-01 00:00:00' ) 
;
INSERT INTO MICHAELYU.RESOURCEMSTR ( ID, NAME, CODE, SEQ_NO, PARENT_ID, TYPE, URI, DEFUNCT_IND, CREATED_BY, CREATED_DATETIME, UPDATED_BY, UPDATED_DATETIME ) 
		 VALUES ( 13, '岗位管理', 'system:user:postion', '3', 7, 'MENU', '/faces/common/position/index.xhtml', 'N', 'admin', '2012-01-01 00:00:00', 'admin', '2011-01-01 00:00:00' ) 
;
INSERT INTO MICHAELYU.RESOURCEMSTR ( ID, NAME, CODE, SEQ_NO, PARENT_ID, TYPE, URI, DEFUNCT_IND, CREATED_BY, CREATED_DATETIME, UPDATED_BY, UPDATED_DATETIME ) 
		 VALUES ( 14, '服务公司管理', 'system:user:company', '4', 7, 'MENU', '/faces/common/company/index.xhtml', 'N', 'admin', '2012-01-01 00:00:00', 'admin', '2011-01-01 00:00:00' ) 
;
INSERT INTO MICHAELYU.RESOURCEMSTR ( ID, NAME, CODE, SEQ_NO, PARENT_ID, TYPE, URI, DEFUNCT_IND, CREATED_BY, CREATED_DATETIME, UPDATED_BY, UPDATED_DATETIME ) 
		 VALUES ( 15, '字典表管理', 'system:dict:dict', '1', 8, 'MENU', '/faces/common/dict/index.xhtml', 'N', 'admin', '2012-01-01 00:00:00', 'admin', '2011-01-01 00:00:00' ) 
;
INSERT INTO MICHAELYU.RESOURCEMSTR ( ID, NAME, CODE, SEQ_NO, PARENT_ID, TYPE, URI, DEFUNCT_IND, CREATED_BY, CREATED_DATETIME, UPDATED_BY, UPDATED_DATETIME ) 
		 VALUES ( 16, '角色管理', 'system:security:role', '1', 9, 'MENU', '/faces/common/role/index.xhtml', 'N', 'admin', '2012-01-01 00:00:00', 'admin', '2011-01-01 00:00:00' ) 
;





--
-- TABLE INSERT STATEMENTS
--
INSERT INTO MICHAELYU.ROLEMSTR ( ID, NAME, DESC, CODE, DEFUNCT_IND, CREATED_BY, CREATED_DATETIME, UPDATED_BY, UPDATED_DATETIME ) 
		 VALUES ( 1, '系统管理员', 'admin', 'sysadmin', 'N', 'admin', '2012-01-01 00:00:00', 'admin', '2011-01-01 00:00:00' ) 
;
INSERT INTO MICHAELYU.ROLEMSTR ( ID, NAME, DESC, CODE, DEFUNCT_IND, CREATED_BY, CREATED_DATETIME, UPDATED_BY, UPDATED_DATETIME ) 
		 VALUES ( 2, '文档管理员', 'admin', 'fileadmin', 'N', 'admin', '2012-01-01 00:00:00', 'admin', '2011-01-01 00:00:00' ) 
;
INSERT INTO MICHAELYU.ROLEMSTR ( ID, NAME, DESC, CODE, DEFUNCT_IND, CREATED_BY, CREATED_DATETIME, UPDATED_BY, UPDATED_DATETIME ) 
		 VALUES ( 3, '文档审核员', 'admin', 'fileviewer', 'N', 'admin', '2012-01-01 00:00:00', 'admin', '2011-01-01 00:00:00' ) 
;
INSERT INTO MICHAELYU.ROLEMSTR ( ID, NAME, DESC, CODE, DEFUNCT_IND, CREATED_BY, CREATED_DATETIME, UPDATED_BY, UPDATED_DATETIME ) 
		 VALUES ( 4, '高级用户', 'admin', 'superuser', 'N', 'admin', '2012-01-01 00:00:00', 'admin', '2011-01-01 00:00:00' ) 
;
INSERT INTO MICHAELYU.ROLEMSTR ( ID, NAME, DESC, CODE, DEFUNCT_IND, CREATED_BY, CREATED_DATETIME, UPDATED_BY, UPDATED_DATETIME ) 
		 VALUES ( 5, '一般用户', 'admin', 'commonuser', 'N', 'admin', '2012-01-01 00:00:00', 'admin', '2011-01-01 00:00:00' ) 
;




--
-- TABLE INSERT STATEMENTS
--
INSERT INTO MICHAELYU.ROLERESOURCE ( ID, RESOURCEMSTR_ID, ROLEMSTR_ID, DEFUNCT_IND, CREATED_BY, CREATED_DATETIME, UPDATED_BY, UPDATED_DATETIME ) 
		 VALUES ( 834, 1, 1, 'N', 'wilmar_cas', '2012-03-09 13:39:42', 'wilmar_cas', '2012-03-09 13:39:42' ) 
;
INSERT INTO MICHAELYU.ROLERESOURCE ( ID, RESOURCEMSTR_ID, ROLEMSTR_ID, DEFUNCT_IND, CREATED_BY, CREATED_DATETIME, UPDATED_BY, UPDATED_DATETIME ) 
		 VALUES ( 6, 6, 1, 'N', 'admin', '2012-01-01 00:00:00', 'wilmar_cas', '2012-03-09 13:39:42' ) 
;
INSERT INTO MICHAELYU.ROLERESOURCE ( ID, RESOURCEMSTR_ID, ROLEMSTR_ID, DEFUNCT_IND, CREATED_BY, CREATED_DATETIME, UPDATED_BY, UPDATED_DATETIME ) 
		 VALUES ( 7, 7, 1, 'N', 'admin', '2012-01-01 00:00:00', 'wilmar_cas', '2012-03-09 11:36:36' ) 
;
INSERT INTO MICHAELYU.ROLERESOURCE ( ID, RESOURCEMSTR_ID, ROLEMSTR_ID, DEFUNCT_IND, CREATED_BY, CREATED_DATETIME, UPDATED_BY, UPDATED_DATETIME ) 
		 VALUES ( 8, 8, 1, 'N', 'admin', '2012-01-01 00:00:00', 'wilmar_cas', '2012-03-09 11:36:36' ) 
;
INSERT INTO MICHAELYU.ROLERESOURCE ( ID, RESOURCEMSTR_ID, ROLEMSTR_ID, DEFUNCT_IND, CREATED_BY, CREATED_DATETIME, UPDATED_BY, UPDATED_DATETIME ) 
		 VALUES ( 9, 9, 1, 'N', 'admin', '2012-01-01 00:00:00', 'wilmar_cas', '2012-03-09 11:36:36' ) 
;
INSERT INTO MICHAELYU.ROLERESOURCE ( ID, RESOURCEMSTR_ID, ROLEMSTR_ID, DEFUNCT_IND, CREATED_BY, CREATED_DATETIME, UPDATED_BY, UPDATED_DATETIME ) 
		 VALUES ( 11, 11, 1, 'N', 'admin', '2012-01-01 00:00:00', 'wilmar_cas', '2012-03-01 13:34:50' ) 
;
INSERT INTO MICHAELYU.ROLERESOURCE ( ID, RESOURCEMSTR_ID, ROLEMSTR_ID, DEFUNCT_IND, CREATED_BY, CREATED_DATETIME, UPDATED_BY, UPDATED_DATETIME ) 
		 VALUES ( 12, 12, 1, 'N', 'admin', '2012-01-01 00:00:00', 'wilmar_cas', '2012-03-01 13:34:50' ) 
;
INSERT INTO MICHAELYU.ROLERESOURCE ( ID, RESOURCEMSTR_ID, ROLEMSTR_ID, DEFUNCT_IND, CREATED_BY, CREATED_DATETIME, UPDATED_BY, UPDATED_DATETIME ) 
		 VALUES ( 13, 13, 1, 'N', 'admin', '2012-01-01 00:00:00', 'wilmar_cas', '2012-03-01 13:34:50' ) 
;
INSERT INTO MICHAELYU.ROLERESOURCE ( ID, RESOURCEMSTR_ID, ROLEMSTR_ID, DEFUNCT_IND, CREATED_BY, CREATED_DATETIME, UPDATED_BY, UPDATED_DATETIME ) 
		 VALUES ( 14, 14, 1, 'N', 'admin', '2012-01-01 00:00:00', 'wilmar_cas', '2012-03-01 13:34:50' ) 
;
INSERT INTO MICHAELYU.ROLERESOURCE ( ID, RESOURCEMSTR_ID, ROLEMSTR_ID, DEFUNCT_IND, CREATED_BY, CREATED_DATETIME, UPDATED_BY, UPDATED_DATETIME ) 
		 VALUES ( 15, 15, 1, 'N', 'admin', '2012-01-01 00:00:00', 'wilmar_cas', '2012-03-01 13:34:50' ) 
;
INSERT INTO MICHAELYU.ROLERESOURCE ( ID, RESOURCEMSTR_ID, ROLEMSTR_ID, DEFUNCT_IND, CREATED_BY, CREATED_DATETIME, UPDATED_BY, UPDATED_DATETIME ) 
		 VALUES ( 16, 16, 1, 'N', 'admin', '2012-01-01 00:00:00', 'wilmar_cas', '2012-03-01 13:34:50' ) 
;





--
-- TABLE INSERT STATEMENTS
--
INSERT INTO MICHAELYU.TAXAUTHORITY ( ID, NAME, ADDRESS, ZIPCODE, TELPHONE, LEADER_NAME, LEADER_POSITION, LEADER_TELPHONE, CONTACTER_NAME, CONTACTER_POSITION, CONTACTER_TELPHONE, DEFUNCT_IND, CREATED_BY, CREATED_DATETIME, UPDATED_BY, UPDATED_DATETIME ) 
		 VALUES ( 752, '上海税务机关', '上海', '222222', '', '张三', '', '', '李四', '', '', 'N', 'wilmar_cas', '2012-02-02 11:10:41', 'wilmar_cas', '2012-02-02 11:49:10' ) 
;
INSERT INTO MICHAELYU.TAXAUTHORITY ( ID, NAME, ADDRESS, ZIPCODE, TELPHONE, LEADER_NAME, LEADER_POSITION, LEADER_TELPHONE, CONTACTER_NAME, CONTACTER_POSITION, CONTACTER_TELPHONE, DEFUNCT_IND, CREATED_BY, CREATED_DATETIME, UPDATED_BY, UPDATED_DATETIME ) 
		 VALUES ( 753, '北京税务机关', '北京市', '888888', '', '赵二', '', '', '王五', '', '', 'N', 'wilmar_cas', '2012-02-02 11:11:41', 'wilmar_cas', '2012-02-02 11:11:41' ) 
;
INSERT INTO MICHAELYU.TAXAUTHORITY ( ID, NAME, ADDRESS, ZIPCODE, TELPHONE, LEADER_NAME, LEADER_POSITION, LEADER_TELPHONE, CONTACTER_NAME, CONTACTER_POSITION, CONTACTER_TELPHONE, DEFUNCT_IND, CREATED_BY, CREATED_DATETIME, UPDATED_BY, UPDATED_DATETIME ) 
		 VALUES ( 832, 'text', 'test', '', '', '', '', '', '', '', '', 'N', 'wilmar_cas', '2012-03-01 15:19:48', 'wilmar_cas', '2012-03-01 15:19:48' ) 
;




--
-- TABLE INSERT STATEMENTS
--
INSERT INTO MICHAELYU.USERCOMPANY ( ID, COMPANYMSTR_ID, USERMSTR_ID, DEFUNCT_IND, CREATED_BY, CREATED_DATETIME, UPDATED_BY, UPDATED_DATETIME ) 
		 VALUES ( 755, 754, 1, 'N', 'wilmar_cas', '2012-02-02 11:13:44', 'wilmar_cas', '2012-02-02 11:13:44' ) 
;
INSERT INTO MICHAELYU.USERCOMPANY ( ID, COMPANYMSTR_ID, USERMSTR_ID, DEFUNCT_IND, CREATED_BY, CREATED_DATETIME, UPDATED_BY, UPDATED_DATETIME ) 
		 VALUES ( 763, 754, 2, 'N', 'wilmar_cas', '2012-02-02 11:15:03', 'wilmar_cas', '2012-02-02 11:15:03' ) 
;



--
-- TABLE INSERT STATEMENTS
--
INSERT INTO MICHAELYU.USERMSTR ( ID, PID, AD_ACCOUNT, PERNR, ONBOARD_DATE, BIRTHDAY, IDENTITY_TYPE, IDTENTITY_ID, BACKGROUND_INFO, DEFUNCT_IND, CREATED_BY, CREATED_DATETIME, UPDATED_BY, UPDATED_DATETIME ) 
		 VALUES ( 1, 1, 'shenbo', NULL, '2012-02-01 00:00:00', '2012-01-01 00:00:00', '身份证', '11111111111111111', 'shenbo测试哦!...', 'N', 'admin', '2012-01-01 00:00:00', 'wilmar_cas', '2012-02-01 00:00:00' ) 
;
INSERT INTO MICHAELYU.USERMSTR ( ID, PID, AD_ACCOUNT, PERNR, ONBOARD_DATE, BIRTHDAY, IDENTITY_TYPE, IDTENTITY_ID, BACKGROUND_INFO, DEFUNCT_IND, CREATED_BY, CREATED_DATETIME, UPDATED_BY, UPDATED_DATETIME ) 
		 VALUES ( 2, 2, 'wilmar_cas', NULL, '2012-02-01 00:00:00', '2012-01-01 00:00:00', '身份证', '11111111111111111', 'wilmar_cas测试哦!', 'N', 'admin', '2012-01-01 00:00:00', 'admin', '2012-02-01 00:00:00' ) 
;



--
-- TABLE INSERT STATEMENTS
--
INSERT INTO MICHAELYU.USERPOSITIONORG ( ID, POSITIONORG_ID, USERMSTR_ID, DEFUNCT_IND, CREATED_BY, CREATED_DATETIME, UPDATED_BY, UPDATED_DATETIME ) 
		 VALUES ( 759, 757, 1, 'Y', 'wilmar_cas', '2012-02-02 11:14:43', 'wilmar_cas', '2012-02-02 11:14:43' ) 
;
INSERT INTO MICHAELYU.USERPOSITIONORG ( ID, POSITIONORG_ID, USERMSTR_ID, DEFUNCT_IND, CREATED_BY, CREATED_DATETIME, UPDATED_BY, UPDATED_DATETIME ) 
		 VALUES ( 760, 758, 1, 'N', 'wilmar_cas', '2012-02-02 11:14:43', 'wilmar_cas', '2012-02-02 11:14:43' ) 
;
INSERT INTO MICHAELYU.USERPOSITIONORG ( ID, POSITIONORG_ID, USERMSTR_ID, DEFUNCT_IND, CREATED_BY, CREATED_DATETIME, UPDATED_BY, UPDATED_DATETIME ) 
		 VALUES ( 761, 756, 1, 'N', 'wilmar_cas', '2012-02-02 11:14:43', 'wilmar_cas', '2012-02-02 11:14:43' ) 
;
INSERT INTO MICHAELYU.USERPOSITIONORG ( ID, POSITIONORG_ID, USERMSTR_ID, DEFUNCT_IND, CREATED_BY, CREATED_DATETIME, UPDATED_BY, UPDATED_DATETIME ) 
		 VALUES ( 762, 757, 2, 'N', 'wilmar_cas', '2012-02-02 11:14:50', 'wilmar_cas', '2012-02-02 11:14:50' ) 
;



--
-- TABLE INSERT STATEMENTS
--
INSERT INTO MICHAELYU.USERROLE ( ID, ROLEMSTR_ID, USERMSTR_ID, DEFUNCT_IND, CREATED_BY, CREATED_DATETIME, UPDATED_BY, UPDATED_DATETIME ) 
		 VALUES ( 1, 1, 2, 'N', 'admin', '2012-01-01 00:00:00', 'admin', '2011-01-01 00:00:00' ) 
;
INSERT INTO MICHAELYU.USERROLE ( ID, ROLEMSTR_ID, USERMSTR_ID, DEFUNCT_IND, CREATED_BY, CREATED_DATETIME, UPDATED_BY, UPDATED_DATETIME ) 
		 VALUES ( 764, 2, 2, 'Y', 'wilmar_cas', '2012-02-02 11:16:52', 'wilmar_cas', '2012-02-02 11:16:52' ) 
;
INSERT INTO MICHAELYU.USERROLE ( ID, ROLEMSTR_ID, USERMSTR_ID, DEFUNCT_IND, CREATED_BY, CREATED_DATETIME, UPDATED_BY, UPDATED_DATETIME ) 
		 VALUES ( 765, 2, 1, 'Y', 'wilmar_cas', '2012-02-02 11:16:59', 'wilmar_cas', '2012-02-02 11:16:59' ) 
;
INSERT INTO MICHAELYU.USERROLE ( ID, ROLEMSTR_ID, USERMSTR_ID, DEFUNCT_IND, CREATED_BY, CREATED_DATETIME, UPDATED_BY, UPDATED_DATETIME ) 
		 VALUES ( 766, 4, 1, 'N', 'wilmar_cas', '2012-02-02 11:16:59', 'wilmar_cas', '2012-02-02 11:16:59' ) 
;
INSERT INTO MICHAELYU.USERROLE ( ID, ROLEMSTR_ID, USERMSTR_ID, DEFUNCT_IND, CREATED_BY, CREATED_DATETIME, UPDATED_BY, UPDATED_DATETIME ) 
		 VALUES ( 767, 5, 1, 'Y', 'wilmar_cas', '2012-02-02 11:16:59', 'wilmar_cas', '2012-02-02 11:16:59' ) 
;
INSERT INTO MICHAELYU.USERROLE ( ID, ROLEMSTR_ID, USERMSTR_ID, DEFUNCT_IND, CREATED_BY, CREATED_DATETIME, UPDATED_BY, UPDATED_DATETIME ) 
		 VALUES ( 768, 1, 1, 'Y', 'wilmar_cas', '2012-02-02 11:16:59', 'wilmar_cas', '2012-02-02 11:16:59' ) 
;
INSERT INTO MICHAELYU.USERROLE ( ID, ROLEMSTR_ID, USERMSTR_ID, DEFUNCT_IND, CREATED_BY, CREATED_DATETIME, UPDATED_BY, UPDATED_DATETIME ) 
		 VALUES ( 769, 3, 1, 'N', 'wilmar_cas', '2012-02-02 11:16:59', 'wilmar_cas', '2012-02-02 11:16:59' ) 
;
